5/23/2025, 4:39:14 PM GMT-4 [Modules] Modules initializing
5/23/2025, 4:39:14 PM GMT-4 [Modules] Distribution: remote
5/23/2025, 4:39:14 PM GMT-4 [Modules] Host updates: enabled
5/23/2025, 4:39:14 PM GMT-4 [Modules] Module updates: enabled
5/23/2025, 4:39:14 PM GMT-4 [Modules] Module install path: /home/jacovzap/.config/discord/0.0.95/modules
5/23/2025, 4:39:14 PM GMT-4 [Modules] Module installed file path: /home/jacovzap/.config/discord/0.0.95/modules/installed.json
5/23/2025, 4:39:14 PM GMT-4 [Modules] Module download path: /home/jacovzap/.config/discord/0.0.95/modules/pending
5/23/2025, 4:39:15 PM GMT-4 [Modules] Bootstrapping...
5/23/2025, 4:39:15 PM GMT-4 [Modules] Installing discord_desktop_core@0 from /opt/discord/resources/bootstrap/discord_desktop_core.zip
5/23/2025, 4:39:15 PM GMT-4 [Modules] Failed installing discord_desktop_core@0: Error: ENOENT: no such file or directory, open '/opt/discord/resources/bootstrap/discord_desktop_core.zip'
5/23/2025, 4:39:15 PM GMT-4 [Modules] Installing discord_erlpack@0 from /opt/discord/resources/bootstrap/discord_erlpack.zip
5/23/2025, 4:39:15 PM GMT-4 [Modules] Failed installing discord_erlpack@0: Error: ENOENT: no such file or directory, open '/opt/discord/resources/bootstrap/discord_erlpack.zip'
5/23/2025, 4:39:15 PM GMT-4 [Modules] Installing discord_spellcheck@0 from /opt/discord/resources/bootstrap/discord_spellcheck.zip
5/23/2025, 4:39:15 PM GMT-4 [Modules] Failed installing discord_spellcheck@0: Error: ENOENT: no such file or directory, open '/opt/discord/resources/bootstrap/discord_spellcheck.zip'
5/23/2025, 4:39:15 PM GMT-4 [Modules] Installing discord_utils@0 from /opt/discord/resources/bootstrap/discord_utils.zip
5/23/2025, 4:39:15 PM GMT-4 [Modules] Failed installing discord_utils@0: Error: ENOENT: no such file or directory, open '/opt/discord/resources/bootstrap/discord_utils.zip'
5/23/2025, 4:39:15 PM GMT-4 [Modules] Installing discord_voice@0 from /opt/discord/resources/bootstrap/discord_voice.zip
5/23/2025, 4:39:15 PM GMT-4 [Modules] Failed installing discord_voice@0: Error: ENOENT: no such file or directory, open '/opt/discord/resources/bootstrap/discord_voice.zip'
5/23/2025, 4:39:15 PM GMT-4 [Modules] Installing discord_zstd@0 from /opt/discord/resources/bootstrap/discord_zstd.zip
5/23/2025, 4:39:15 PM GMT-4 [Modules] Failed installing discord_zstd@0: Error: ENOENT: no such file or directory, open '/opt/discord/resources/bootstrap/discord_zstd.zip'
5/23/2025, 4:39:15 PM GMT-4 [Modules] Finished module installations. [success: 0] [failure: 6]
5/23/2025, 4:39:15 PM GMT-4 [Modules] Checking for host updates.
5/23/2025, 4:39:15 PM GMT-4 [Modules] Host is up to date.
5/23/2025, 4:39:15 PM GMT-4 [Modules] Checking for module updates at https://discord.com/api/modules/stable/versions.json
5/23/2025, 4:39:15 PM GMT-4 [Modules] Module update available: discord_desktop_core@1 [installed: 0]
5/23/2025, 4:39:15 PM GMT-4 [Modules] Module update available: discord_erlpack@1 [installed: 0]
5/23/2025, 4:39:15 PM GMT-4 [Modules] Module update available: discord_spellcheck@1 [installed: 0]
5/23/2025, 4:39:15 PM GMT-4 [Modules] Module update available: discord_utils@1 [installed: 0]
5/23/2025, 4:39:15 PM GMT-4 [Modules] Module update available: discord_voice@1 [installed: 0]
5/23/2025, 4:39:15 PM GMT-4 [Modules] Module update available: discord_zstd@1 [installed: 0]
5/23/2025, 4:39:15 PM GMT-4 [Modules] Fetching discord_desktop_core@1 from https://discord.com/api/modules/stable/discord_desktop_core/1
5/23/2025, 4:39:15 PM GMT-4 [Modules] Streaming discord_desktop_core@1 to /home/jacovzap/.config/discord/0.0.95/modules/pending/discord_desktop_core-1.zip
5/23/2025, 4:39:19 PM GMT-4 [Modules] Streaming discord_desktop_core@1 to /home/jacovzap/.config/discord/0.0.95/modules/pending/discord_desktop_core-1.zip: 2%
5/23/2025, 4:39:20 PM GMT-4 [Modules] Streaming discord_desktop_core@1 to /home/jacovzap/.config/discord/0.0.95/modules/pending/discord_desktop_core-1.zip: 3%
5/23/2025, 4:39:20 PM GMT-4 [Modules] Streaming discord_desktop_core@1 to /home/jacovzap/.config/discord/0.0.95/modules/pending/discord_desktop_core-1.zip: 4%
5/23/2025, 4:39:21 PM GMT-4 [Modules] Streaming discord_desktop_core@1 to /home/jacovzap/.config/discord/0.0.95/modules/pending/discord_desktop_core-1.zip: 5%
5/23/2025, 4:39:21 PM GMT-4 [Modules] Streaming discord_desktop_core@1 to /home/jacovzap/.config/discord/0.0.95/modules/pending/discord_desktop_core-1.zip: 6%
5/23/2025, 4:39:21 PM GMT-4 [Modules] Streaming discord_desktop_core@1 to /home/jacovzap/.config/discord/0.0.95/modules/pending/discord_desktop_core-1.zip: 7%
5/23/2025, 4:39:21 PM GMT-4 [Modules] Streaming discord_desktop_core@1 to /home/jacovzap/.config/discord/0.0.95/modules/pending/discord_desktop_core-1.zip: 8%
5/23/2025, 4:39:21 PM GMT-4 [Modules] Streaming discord_desktop_core@1 to /home/jacovzap/.config/discord/0.0.95/modules/pending/discord_desktop_core-1.zip: 9%
5/23/2025, 4:39:22 PM GMT-4 [Modules] Streaming discord_desktop_core@1 to /home/jacovzap/.config/discord/0.0.95/modules/pending/discord_desktop_core-1.zip: 10%
5/23/2025, 4:39:22 PM GMT-4 [Modules] Streaming discord_desktop_core@1 to /home/jacovzap/.config/discord/0.0.95/modules/pending/discord_desktop_core-1.zip: 11%
5/23/2025, 4:39:22 PM GMT-4 [Modules] Streaming discord_desktop_core@1 to /home/jacovzap/.config/discord/0.0.95/modules/pending/discord_desktop_core-1.zip: 12%
5/23/2025, 4:39:22 PM GMT-4 [Modules] Streaming discord_desktop_core@1 to /home/jacovzap/.config/discord/0.0.95/modules/pending/discord_desktop_core-1.zip: 13%
5/23/2025, 4:39:22 PM GMT-4 [Modules] Streaming discord_desktop_core@1 to /home/jacovzap/.config/discord/0.0.95/modules/pending/discord_desktop_core-1.zip: 14%
5/23/2025, 4:39:22 PM GMT-4 [Modules] Streaming discord_desktop_core@1 to /home/jacovzap/.config/discord/0.0.95/modules/pending/discord_desktop_core-1.zip: 15%
5/23/2025, 4:39:22 PM GMT-4 [Modules] Streaming discord_desktop_core@1 to /home/jacovzap/.config/discord/0.0.95/modules/pending/discord_desktop_core-1.zip: 16%
5/23/2025, 4:39:23 PM GMT-4 [Modules] Streaming discord_desktop_core@1 to /home/jacovzap/.config/discord/0.0.95/modules/pending/discord_desktop_core-1.zip: 19%
5/23/2025, 4:39:23 PM GMT-4 [Modules] Streaming discord_desktop_core@1 to /home/jacovzap/.config/discord/0.0.95/modules/pending/discord_desktop_core-1.zip: 21%
5/23/2025, 4:39:23 PM GMT-4 [Modules] Streaming discord_desktop_core@1 to /home/jacovzap/.config/discord/0.0.95/modules/pending/discord_desktop_core-1.zip: 24%
5/23/2025, 4:39:23 PM GMT-4 [Modules] Streaming discord_desktop_core@1 to /home/jacovzap/.config/discord/0.0.95/modules/pending/discord_desktop_core-1.zip: 28%
5/23/2025, 4:39:23 PM GMT-4 [Modules] Streaming discord_desktop_core@1 to /home/jacovzap/.config/discord/0.0.95/modules/pending/discord_desktop_core-1.zip: 29%
5/23/2025, 4:39:23 PM GMT-4 [Modules] Streaming discord_desktop_core@1 to /home/jacovzap/.config/discord/0.0.95/modules/pending/discord_desktop_core-1.zip: 30%
5/23/2025, 4:39:23 PM GMT-4 [Modules] Streaming discord_desktop_core@1 to /home/jacovzap/.config/discord/0.0.95/modules/pending/discord_desktop_core-1.zip: 31%
5/23/2025, 4:39:24 PM GMT-4 [Modules] Streaming discord_desktop_core@1 to /home/jacovzap/.config/discord/0.0.95/modules/pending/discord_desktop_core-1.zip: 32%
5/23/2025, 4:39:24 PM GMT-4 [Modules] Streaming discord_desktop_core@1 to /home/jacovzap/.config/discord/0.0.95/modules/pending/discord_desktop_core-1.zip: 33%
5/23/2025, 4:39:24 PM GMT-4 [Modules] Streaming discord_desktop_core@1 to /home/jacovzap/.config/discord/0.0.95/modules/pending/discord_desktop_core-1.zip: 34%
5/23/2025, 4:39:24 PM GMT-4 [Modules] Streaming discord_desktop_core@1 to /home/jacovzap/.config/discord/0.0.95/modules/pending/discord_desktop_core-1.zip: 37%
5/23/2025, 4:39:24 PM GMT-4 [Modules] Streaming discord_desktop_core@1 to /home/jacovzap/.config/discord/0.0.95/modules/pending/discord_desktop_core-1.zip: 38%
5/23/2025, 4:39:24 PM GMT-4 [Modules] Streaming discord_desktop_core@1 to /home/jacovzap/.config/discord/0.0.95/modules/pending/discord_desktop_core-1.zip: 39%
5/23/2025, 4:39:25 PM GMT-4 [Modules] Streaming discord_desktop_core@1 to /home/jacovzap/.config/discord/0.0.95/modules/pending/discord_desktop_core-1.zip: 40%
5/23/2025, 4:39:25 PM GMT-4 [Modules] Streaming discord_desktop_core@1 to /home/jacovzap/.config/discord/0.0.95/modules/pending/discord_desktop_core-1.zip: 41%
5/23/2025, 4:39:25 PM GMT-4 [Modules] Streaming discord_desktop_core@1 to /home/jacovzap/.config/discord/0.0.95/modules/pending/discord_desktop_core-1.zip: 42%
5/23/2025, 4:39:25 PM GMT-4 [Modules] Streaming discord_desktop_core@1 to /home/jacovzap/.config/discord/0.0.95/modules/pending/discord_desktop_core-1.zip: 43%
5/23/2025, 4:39:26 PM GMT-4 [Modules] Streaming discord_desktop_core@1 to /home/jacovzap/.config/discord/0.0.95/modules/pending/discord_desktop_core-1.zip: 46%
5/23/2025, 4:39:26 PM GMT-4 [Modules] Streaming discord_desktop_core@1 to /home/jacovzap/.config/discord/0.0.95/modules/pending/discord_desktop_core-1.zip: 49%
5/23/2025, 4:39:27 PM GMT-4 [Modules] Streaming discord_desktop_core@1 to /home/jacovzap/.config/discord/0.0.95/modules/pending/discord_desktop_core-1.zip: 50%
5/23/2025, 4:39:27 PM GMT-4 [Modules] Streaming discord_desktop_core@1 to /home/jacovzap/.config/discord/0.0.95/modules/pending/discord_desktop_core-1.zip: 51%
5/23/2025, 4:39:28 PM GMT-4 [Modules] Streaming discord_desktop_core@1 to /home/jacovzap/.config/discord/0.0.95/modules/pending/discord_desktop_core-1.zip: 52%
5/23/2025, 4:39:28 PM GMT-4 [Modules] Streaming discord_desktop_core@1 to /home/jacovzap/.config/discord/0.0.95/modules/pending/discord_desktop_core-1.zip: 53%
5/23/2025, 4:39:28 PM GMT-4 [Modules] Streaming discord_desktop_core@1 to /home/jacovzap/.config/discord/0.0.95/modules/pending/discord_desktop_core-1.zip: 54%
5/23/2025, 4:39:28 PM GMT-4 [Modules] Streaming discord_desktop_core@1 to /home/jacovzap/.config/discord/0.0.95/modules/pending/discord_desktop_core-1.zip: 55%
5/23/2025, 4:39:28 PM GMT-4 [Modules] Streaming discord_desktop_core@1 to /home/jacovzap/.config/discord/0.0.95/modules/pending/discord_desktop_core-1.zip: 56%
5/23/2025, 4:39:28 PM GMT-4 [Modules] Streaming discord_desktop_core@1 to /home/jacovzap/.config/discord/0.0.95/modules/pending/discord_desktop_core-1.zip: 57%
5/23/2025, 4:39:29 PM GMT-4 [Modules] Streaming discord_desktop_core@1 to /home/jacovzap/.config/discord/0.0.95/modules/pending/discord_desktop_core-1.zip: 58%
5/23/2025, 4:39:29 PM GMT-4 [Modules] Streaming discord_desktop_core@1 to /home/jacovzap/.config/discord/0.0.95/modules/pending/discord_desktop_core-1.zip: 61%
5/23/2025, 4:39:29 PM GMT-4 [Modules] Streaming discord_desktop_core@1 to /home/jacovzap/.config/discord/0.0.95/modules/pending/discord_desktop_core-1.zip: 62%
5/23/2025, 4:39:29 PM GMT-4 [Modules] Streaming discord_desktop_core@1 to /home/jacovzap/.config/discord/0.0.95/modules/pending/discord_desktop_core-1.zip: 63%
5/23/2025, 4:39:29 PM GMT-4 [Modules] Streaming discord_desktop_core@1 to /home/jacovzap/.config/discord/0.0.95/modules/pending/discord_desktop_core-1.zip: 64%
5/23/2025, 4:39:29 PM GMT-4 [Modules] Streaming discord_desktop_core@1 to /home/jacovzap/.config/discord/0.0.95/modules/pending/discord_desktop_core-1.zip: 65%
5/23/2025, 4:39:29 PM GMT-4 [Modules] Streaming discord_desktop_core@1 to /home/jacovzap/.config/discord/0.0.95/modules/pending/discord_desktop_core-1.zip: 66%
5/23/2025, 4:39:29 PM GMT-4 [Modules] Streaming discord_desktop_core@1 to /home/jacovzap/.config/discord/0.0.95/modules/pending/discord_desktop_core-1.zip: 67%
5/23/2025, 4:39:29 PM GMT-4 [Modules] Streaming discord_desktop_core@1 to /home/jacovzap/.config/discord/0.0.95/modules/pending/discord_desktop_core-1.zip: 68%
5/23/2025, 4:39:29 PM GMT-4 [Modules] Streaming discord_desktop_core@1 to /home/jacovzap/.config/discord/0.0.95/modules/pending/discord_desktop_core-1.zip: 69%
5/23/2025, 4:39:30 PM GMT-4 [Modules] Streaming discord_desktop_core@1 to /home/jacovzap/.config/discord/0.0.95/modules/pending/discord_desktop_core-1.zip: 70%
5/23/2025, 4:39:30 PM GMT-4 [Modules] Streaming discord_desktop_core@1 to /home/jacovzap/.config/discord/0.0.95/modules/pending/discord_desktop_core-1.zip: 71%
5/23/2025, 4:39:30 PM GMT-4 [Modules] Streaming discord_desktop_core@1 to /home/jacovzap/.config/discord/0.0.95/modules/pending/discord_desktop_core-1.zip: 72%
5/23/2025, 4:39:30 PM GMT-4 [Modules] Streaming discord_desktop_core@1 to /home/jacovzap/.config/discord/0.0.95/modules/pending/discord_desktop_core-1.zip: 74%
5/23/2025, 4:39:30 PM GMT-4 [Modules] Streaming discord_desktop_core@1 to /home/jacovzap/.config/discord/0.0.95/modules/pending/discord_desktop_core-1.zip: 75%
5/23/2025, 4:39:30 PM GMT-4 [Modules] Streaming discord_desktop_core@1 to /home/jacovzap/.config/discord/0.0.95/modules/pending/discord_desktop_core-1.zip: 76%
5/23/2025, 4:39:30 PM GMT-4 [Modules] Streaming discord_desktop_core@1 to /home/jacovzap/.config/discord/0.0.95/modules/pending/discord_desktop_core-1.zip: 77%
5/23/2025, 4:39:30 PM GMT-4 [Modules] Streaming discord_desktop_core@1 to /home/jacovzap/.config/discord/0.0.95/modules/pending/discord_desktop_core-1.zip: 79%
5/23/2025, 4:39:31 PM GMT-4 [Modules] Streaming discord_desktop_core@1 to /home/jacovzap/.config/discord/0.0.95/modules/pending/discord_desktop_core-1.zip: 80%
5/23/2025, 4:39:31 PM GMT-4 [Modules] Streaming discord_desktop_core@1 to /home/jacovzap/.config/discord/0.0.95/modules/pending/discord_desktop_core-1.zip: 81%
5/23/2025, 4:39:31 PM GMT-4 [Modules] Streaming discord_desktop_core@1 to /home/jacovzap/.config/discord/0.0.95/modules/pending/discord_desktop_core-1.zip: 82%
5/23/2025, 4:39:31 PM GMT-4 [Modules] Streaming discord_desktop_core@1 to /home/jacovzap/.config/discord/0.0.95/modules/pending/discord_desktop_core-1.zip: 83%
5/23/2025, 4:39:31 PM GMT-4 [Modules] Streaming discord_desktop_core@1 to /home/jacovzap/.config/discord/0.0.95/modules/pending/discord_desktop_core-1.zip: 84%
5/23/2025, 4:39:31 PM GMT-4 [Modules] Streaming discord_desktop_core@1 to /home/jacovzap/.config/discord/0.0.95/modules/pending/discord_desktop_core-1.zip: 85%
5/23/2025, 4:39:31 PM GMT-4 [Modules] Streaming discord_desktop_core@1 to /home/jacovzap/.config/discord/0.0.95/modules/pending/discord_desktop_core-1.zip: 86%
5/23/2025, 4:39:32 PM GMT-4 [Modules] Streaming discord_desktop_core@1 to /home/jacovzap/.config/discord/0.0.95/modules/pending/discord_desktop_core-1.zip: 89%
5/23/2025, 4:39:32 PM GMT-4 [Modules] Streaming discord_desktop_core@1 to /home/jacovzap/.config/discord/0.0.95/modules/pending/discord_desktop_core-1.zip: 90%
5/23/2025, 4:39:32 PM GMT-4 [Modules] Streaming discord_desktop_core@1 to /home/jacovzap/.config/discord/0.0.95/modules/pending/discord_desktop_core-1.zip: 91%
5/23/2025, 4:39:32 PM GMT-4 [Modules] Streaming discord_desktop_core@1 to /home/jacovzap/.config/discord/0.0.95/modules/pending/discord_desktop_core-1.zip: 92%
5/23/2025, 4:39:32 PM GMT-4 [Modules] Streaming discord_desktop_core@1 to /home/jacovzap/.config/discord/0.0.95/modules/pending/discord_desktop_core-1.zip: 93%
5/23/2025, 4:39:32 PM GMT-4 [Modules] Streaming discord_desktop_core@1 to /home/jacovzap/.config/discord/0.0.95/modules/pending/discord_desktop_core-1.zip: 94%
5/23/2025, 4:39:32 PM GMT-4 [Modules] Streaming discord_desktop_core@1 to /home/jacovzap/.config/discord/0.0.95/modules/pending/discord_desktop_core-1.zip: 95%
5/23/2025, 4:39:32 PM GMT-4 [Modules] Streaming discord_desktop_core@1 to /home/jacovzap/.config/discord/0.0.95/modules/pending/discord_desktop_core-1.zip: 96%
5/23/2025, 4:39:32 PM GMT-4 [Modules] Streaming discord_desktop_core@1 to /home/jacovzap/.config/discord/0.0.95/modules/pending/discord_desktop_core-1.zip: 97%
5/23/2025, 4:39:32 PM GMT-4 [Modules] Streaming discord_desktop_core@1 to /home/jacovzap/.config/discord/0.0.95/modules/pending/discord_desktop_core-1.zip: 98%
5/23/2025, 4:39:33 PM GMT-4 [Modules] Streaming discord_desktop_core@1 to /home/jacovzap/.config/discord/0.0.95/modules/pending/discord_desktop_core-1.zip: 99%
5/23/2025, 4:39:33 PM GMT-4 [Modules] Streaming discord_desktop_core@1 to /home/jacovzap/.config/discord/0.0.95/modules/pending/discord_desktop_core-1.zip: 100%
5/23/2025, 4:39:33 PM GMT-4 [Modules] Fetching discord_erlpack@1 from https://discord.com/api/modules/stable/discord_erlpack/1
5/23/2025, 4:39:33 PM GMT-4 [Modules] Streaming discord_erlpack@1 to /home/jacovzap/.config/discord/0.0.95/modules/pending/discord_erlpack-1.zip
5/23/2025, 4:39:34 PM GMT-4 [Modules] Streaming discord_erlpack@1 to /home/jacovzap/.config/discord/0.0.95/modules/pending/discord_erlpack-1.zip: 1%
5/23/2025, 4:39:34 PM GMT-4 [Modules] Streaming discord_erlpack@1 to /home/jacovzap/.config/discord/0.0.95/modules/pending/discord_erlpack-1.zip: 2%
5/23/2025, 4:39:34 PM GMT-4 [Modules] Streaming discord_erlpack@1 to /home/jacovzap/.config/discord/0.0.95/modules/pending/discord_erlpack-1.zip: 3%
5/23/2025, 4:39:34 PM GMT-4 [Modules] Streaming discord_erlpack@1 to /home/jacovzap/.config/discord/0.0.95/modules/pending/discord_erlpack-1.zip: 4%
5/23/2025, 4:39:34 PM GMT-4 [Modules] Streaming discord_erlpack@1 to /home/jacovzap/.config/discord/0.0.95/modules/pending/discord_erlpack-1.zip: 5%
5/23/2025, 4:39:34 PM GMT-4 [Modules] Streaming discord_erlpack@1 to /home/jacovzap/.config/discord/0.0.95/modules/pending/discord_erlpack-1.zip: 6%
5/23/2025, 4:39:35 PM GMT-4 [Modules] Streaming discord_erlpack@1 to /home/jacovzap/.config/discord/0.0.95/modules/pending/discord_erlpack-1.zip: 8%
5/23/2025, 4:39:35 PM GMT-4 [Modules] Streaming discord_erlpack@1 to /home/jacovzap/.config/discord/0.0.95/modules/pending/discord_erlpack-1.zip: 9%
5/23/2025, 4:39:35 PM GMT-4 [Modules] Streaming discord_erlpack@1 to /home/jacovzap/.config/discord/0.0.95/modules/pending/discord_erlpack-1.zip: 10%
5/23/2025, 4:39:35 PM GMT-4 [Modules] Streaming discord_erlpack@1 to /home/jacovzap/.config/discord/0.0.95/modules/pending/discord_erlpack-1.zip: 11%
5/23/2025, 4:39:35 PM GMT-4 [Modules] Streaming discord_erlpack@1 to /home/jacovzap/.config/discord/0.0.95/modules/pending/discord_erlpack-1.zip: 12%
5/23/2025, 4:39:35 PM GMT-4 [Modules] Streaming discord_erlpack@1 to /home/jacovzap/.config/discord/0.0.95/modules/pending/discord_erlpack-1.zip: 13%
5/23/2025, 4:39:35 PM GMT-4 [Modules] Streaming discord_erlpack@1 to /home/jacovzap/.config/discord/0.0.95/modules/pending/discord_erlpack-1.zip: 14%
5/23/2025, 4:39:35 PM GMT-4 [Modules] Streaming discord_erlpack@1 to /home/jacovzap/.config/discord/0.0.95/modules/pending/discord_erlpack-1.zip: 15%
5/23/2025, 4:39:35 PM GMT-4 [Modules] Streaming discord_erlpack@1 to /home/jacovzap/.config/discord/0.0.95/modules/pending/discord_erlpack-1.zip: 16%
5/23/2025, 4:39:36 PM GMT-4 [Modules] Streaming discord_erlpack@1 to /home/jacovzap/.config/discord/0.0.95/modules/pending/discord_erlpack-1.zip: 17%
5/23/2025, 4:39:36 PM GMT-4 [Modules] Streaming discord_erlpack@1 to /home/jacovzap/.config/discord/0.0.95/modules/pending/discord_erlpack-1.zip: 18%
5/23/2025, 4:39:36 PM GMT-4 [Modules] Streaming discord_erlpack@1 to /home/jacovzap/.config/discord/0.0.95/modules/pending/discord_erlpack-1.zip: 20%
5/23/2025, 4:39:36 PM GMT-4 [Modules] Streaming discord_erlpack@1 to /home/jacovzap/.config/discord/0.0.95/modules/pending/discord_erlpack-1.zip: 22%
5/23/2025, 4:39:37 PM GMT-4 [Modules] Streaming discord_erlpack@1 to /home/jacovzap/.config/discord/0.0.95/modules/pending/discord_erlpack-1.zip: 23%
5/23/2025, 4:39:37 PM GMT-4 [Modules] Streaming discord_erlpack@1 to /home/jacovzap/.config/discord/0.0.95/modules/pending/discord_erlpack-1.zip: 26%
5/23/2025, 4:39:37 PM GMT-4 [Modules] Streaming discord_erlpack@1 to /home/jacovzap/.config/discord/0.0.95/modules/pending/discord_erlpack-1.zip: 27%
5/23/2025, 4:39:38 PM GMT-4 [Modules] Streaming discord_erlpack@1 to /home/jacovzap/.config/discord/0.0.95/modules/pending/discord_erlpack-1.zip: 30%
5/23/2025, 4:39:38 PM GMT-4 [Modules] Streaming discord_erlpack@1 to /home/jacovzap/.config/discord/0.0.95/modules/pending/discord_erlpack-1.zip: 31%
5/23/2025, 4:39:38 PM GMT-4 [Modules] Streaming discord_erlpack@1 to /home/jacovzap/.config/discord/0.0.95/modules/pending/discord_erlpack-1.zip: 32%
5/23/2025, 4:39:38 PM GMT-4 [Modules] Streaming discord_erlpack@1 to /home/jacovzap/.config/discord/0.0.95/modules/pending/discord_erlpack-1.zip: 33%
5/23/2025, 4:39:38 PM GMT-4 [Modules] Streaming discord_erlpack@1 to /home/jacovzap/.config/discord/0.0.95/modules/pending/discord_erlpack-1.zip: 34%
5/23/2025, 4:39:38 PM GMT-4 [Modules] Streaming discord_erlpack@1 to /home/jacovzap/.config/discord/0.0.95/modules/pending/discord_erlpack-1.zip: 35%
5/23/2025, 4:39:38 PM GMT-4 [Modules] Streaming discord_erlpack@1 to /home/jacovzap/.config/discord/0.0.95/modules/pending/discord_erlpack-1.zip: 36%
5/23/2025, 4:39:39 PM GMT-4 [Modules] Streaming discord_erlpack@1 to /home/jacovzap/.config/discord/0.0.95/modules/pending/discord_erlpack-1.zip: 37%
5/23/2025, 4:39:39 PM GMT-4 [Modules] Streaming discord_erlpack@1 to /home/jacovzap/.config/discord/0.0.95/modules/pending/discord_erlpack-1.zip: 38%
5/23/2025, 4:39:39 PM GMT-4 [Modules] Streaming discord_erlpack@1 to /home/jacovzap/.config/discord/0.0.95/modules/pending/discord_erlpack-1.zip: 39%
5/23/2025, 4:39:40 PM GMT-4 [Modules] Streaming discord_erlpack@1 to /home/jacovzap/.config/discord/0.0.95/modules/pending/discord_erlpack-1.zip: 40%
5/23/2025, 4:39:40 PM GMT-4 [Modules] Streaming discord_erlpack@1 to /home/jacovzap/.config/discord/0.0.95/modules/pending/discord_erlpack-1.zip: 41%
5/23/2025, 4:39:40 PM GMT-4 [Modules] Streaming discord_erlpack@1 to /home/jacovzap/.config/discord/0.0.95/modules/pending/discord_erlpack-1.zip: 42%
5/23/2025, 4:39:40 PM GMT-4 [Modules] Streaming discord_erlpack@1 to /home/jacovzap/.config/discord/0.0.95/modules/pending/discord_erlpack-1.zip: 43%
5/23/2025, 4:39:40 PM GMT-4 [Modules] Streaming discord_erlpack@1 to /home/jacovzap/.config/discord/0.0.95/modules/pending/discord_erlpack-1.zip: 44%
5/23/2025, 4:39:41 PM GMT-4 [Modules] Streaming discord_erlpack@1 to /home/jacovzap/.config/discord/0.0.95/modules/pending/discord_erlpack-1.zip: 45%
5/23/2025, 4:39:41 PM GMT-4 [Modules] Streaming discord_erlpack@1 to /home/jacovzap/.config/discord/0.0.95/modules/pending/discord_erlpack-1.zip: 46%
5/23/2025, 4:39:42 PM GMT-4 [Modules] Streaming discord_erlpack@1 to /home/jacovzap/.config/discord/0.0.95/modules/pending/discord_erlpack-1.zip: 47%
5/23/2025, 4:39:43 PM GMT-4 [Modules] Streaming discord_erlpack@1 to /home/jacovzap/.config/discord/0.0.95/modules/pending/discord_erlpack-1.zip: 48%
5/23/2025, 4:39:47 PM GMT-4 [Modules] Streaming discord_erlpack@1 to /home/jacovzap/.config/discord/0.0.95/modules/pending/discord_erlpack-1.zip: 49%
5/23/2025, 4:39:50 PM GMT-4 [Modules] Streaming discord_erlpack@1 to /home/jacovzap/.config/discord/0.0.95/modules/pending/discord_erlpack-1.zip: 50%
5/23/2025, 4:39:50 PM GMT-4 [Modules] Streaming discord_erlpack@1 to /home/jacovzap/.config/discord/0.0.95/modules/pending/discord_erlpack-1.zip: 51%
5/23/2025, 4:39:50 PM GMT-4 [Modules] Streaming discord_erlpack@1 to /home/jacovzap/.config/discord/0.0.95/modules/pending/discord_erlpack-1.zip: 52%
5/23/2025, 4:39:50 PM GMT-4 [Modules] Streaming discord_erlpack@1 to /home/jacovzap/.config/discord/0.0.95/modules/pending/discord_erlpack-1.zip: 53%
5/23/2025, 4:39:50 PM GMT-4 [Modules] Streaming discord_erlpack@1 to /home/jacovzap/.config/discord/0.0.95/modules/pending/discord_erlpack-1.zip: 54%
5/23/2025, 4:39:50 PM GMT-4 [Modules] Streaming discord_erlpack@1 to /home/jacovzap/.config/discord/0.0.95/modules/pending/discord_erlpack-1.zip: 55%
5/23/2025, 4:39:52 PM GMT-4 [Modules] Streaming discord_erlpack@1 to /home/jacovzap/.config/discord/0.0.95/modules/pending/discord_erlpack-1.zip: 56%
5/23/2025, 4:39:52 PM GMT-4 [Modules] Streaming discord_erlpack@1 to /home/jacovzap/.config/discord/0.0.95/modules/pending/discord_erlpack-1.zip: 57%
5/23/2025, 4:39:52 PM GMT-4 [Modules] Streaming discord_erlpack@1 to /home/jacovzap/.config/discord/0.0.95/modules/pending/discord_erlpack-1.zip: 58%
5/23/2025, 4:39:53 PM GMT-4 [Modules] Streaming discord_erlpack@1 to /home/jacovzap/.config/discord/0.0.95/modules/pending/discord_erlpack-1.zip: 59%
5/23/2025, 4:39:53 PM GMT-4 [Modules] Streaming discord_erlpack@1 to /home/jacovzap/.config/discord/0.0.95/modules/pending/discord_erlpack-1.zip: 60%
5/23/2025, 4:39:53 PM GMT-4 [Modules] Streaming discord_erlpack@1 to /home/jacovzap/.config/discord/0.0.95/modules/pending/discord_erlpack-1.zip: 61%
5/23/2025, 4:39:53 PM GMT-4 [Modules] Streaming discord_erlpack@1 to /home/jacovzap/.config/discord/0.0.95/modules/pending/discord_erlpack-1.zip: 62%
5/23/2025, 4:39:53 PM GMT-4 [Modules] Streaming discord_erlpack@1 to /home/jacovzap/.config/discord/0.0.95/modules/pending/discord_erlpack-1.zip: 63%
5/23/2025, 4:39:53 PM GMT-4 [Modules] Streaming discord_erlpack@1 to /home/jacovzap/.config/discord/0.0.95/modules/pending/discord_erlpack-1.zip: 64%
5/23/2025, 4:39:53 PM GMT-4 [Modules] Streaming discord_erlpack@1 to /home/jacovzap/.config/discord/0.0.95/modules/pending/discord_erlpack-1.zip: 65%
5/23/2025, 4:39:53 PM GMT-4 [Modules] Streaming discord_erlpack@1 to /home/jacovzap/.config/discord/0.0.95/modules/pending/discord_erlpack-1.zip: 66%
5/23/2025, 4:39:54 PM GMT-4 [Modules] Streaming discord_erlpack@1 to /home/jacovzap/.config/discord/0.0.95/modules/pending/discord_erlpack-1.zip: 67%
5/23/2025, 4:39:54 PM GMT-4 [Modules] Streaming discord_erlpack@1 to /home/jacovzap/.config/discord/0.0.95/modules/pending/discord_erlpack-1.zip: 68%
5/23/2025, 4:39:54 PM GMT-4 [Modules] Streaming discord_erlpack@1 to /home/jacovzap/.config/discord/0.0.95/modules/pending/discord_erlpack-1.zip: 69%
5/23/2025, 4:39:54 PM GMT-4 [Modules] Streaming discord_erlpack@1 to /home/jacovzap/.config/discord/0.0.95/modules/pending/discord_erlpack-1.zip: 70%
5/23/2025, 4:39:55 PM GMT-4 [Modules] Streaming discord_erlpack@1 to /home/jacovzap/.config/discord/0.0.95/modules/pending/discord_erlpack-1.zip: 71%
5/23/2025, 4:39:55 PM GMT-4 [Modules] Streaming discord_erlpack@1 to /home/jacovzap/.config/discord/0.0.95/modules/pending/discord_erlpack-1.zip: 72%
5/23/2025, 4:39:55 PM GMT-4 [Modules] Streaming discord_erlpack@1 to /home/jacovzap/.config/discord/0.0.95/modules/pending/discord_erlpack-1.zip: 73%
5/23/2025, 4:39:55 PM GMT-4 [Modules] Streaming discord_erlpack@1 to /home/jacovzap/.config/discord/0.0.95/modules/pending/discord_erlpack-1.zip: 74%
5/23/2025, 4:39:55 PM GMT-4 [Modules] Streaming discord_erlpack@1 to /home/jacovzap/.config/discord/0.0.95/modules/pending/discord_erlpack-1.zip: 75%
5/23/2025, 4:39:55 PM GMT-4 [Modules] Streaming discord_erlpack@1 to /home/jacovzap/.config/discord/0.0.95/modules/pending/discord_erlpack-1.zip: 76%
5/23/2025, 4:39:55 PM GMT-4 [Modules] Streaming discord_erlpack@1 to /home/jacovzap/.config/discord/0.0.95/modules/pending/discord_erlpack-1.zip: 77%
5/23/2025, 4:39:55 PM GMT-4 [Modules] Streaming discord_erlpack@1 to /home/jacovzap/.config/discord/0.0.95/modules/pending/discord_erlpack-1.zip: 78%
5/23/2025, 4:39:56 PM GMT-4 [Modules] Streaming discord_erlpack@1 to /home/jacovzap/.config/discord/0.0.95/modules/pending/discord_erlpack-1.zip: 79%
5/23/2025, 4:39:56 PM GMT-4 [Modules] Streaming discord_erlpack@1 to /home/jacovzap/.config/discord/0.0.95/modules/pending/discord_erlpack-1.zip: 80%
5/23/2025, 4:39:56 PM GMT-4 [Modules] Streaming discord_erlpack@1 to /home/jacovzap/.config/discord/0.0.95/modules/pending/discord_erlpack-1.zip: 81%
5/23/2025, 4:39:56 PM GMT-4 [Modules] Streaming discord_erlpack@1 to /home/jacovzap/.config/discord/0.0.95/modules/pending/discord_erlpack-1.zip: 82%
5/23/2025, 4:39:56 PM GMT-4 [Modules] Streaming discord_erlpack@1 to /home/jacovzap/.config/discord/0.0.95/modules/pending/discord_erlpack-1.zip: 83%
5/23/2025, 4:39:56 PM GMT-4 [Modules] Streaming discord_erlpack@1 to /home/jacovzap/.config/discord/0.0.95/modules/pending/discord_erlpack-1.zip: 84%
5/23/2025, 4:39:56 PM GMT-4 [Modules] Streaming discord_erlpack@1 to /home/jacovzap/.config/discord/0.0.95/modules/pending/discord_erlpack-1.zip: 85%
5/23/2025, 4:39:56 PM GMT-4 [Modules] Streaming discord_erlpack@1 to /home/jacovzap/.config/discord/0.0.95/modules/pending/discord_erlpack-1.zip: 86%
5/23/2025, 4:39:56 PM GMT-4 [Modules] Streaming discord_erlpack@1 to /home/jacovzap/.config/discord/0.0.95/modules/pending/discord_erlpack-1.zip: 87%
5/23/2025, 4:39:56 PM GMT-4 [Modules] Streaming discord_erlpack@1 to /home/jacovzap/.config/discord/0.0.95/modules/pending/discord_erlpack-1.zip: 88%
5/23/2025, 4:39:57 PM GMT-4 [Modules] Streaming discord_erlpack@1 to /home/jacovzap/.config/discord/0.0.95/modules/pending/discord_erlpack-1.zip: 89%
5/23/2025, 4:39:57 PM GMT-4 [Modules] Streaming discord_erlpack@1 to /home/jacovzap/.config/discord/0.0.95/modules/pending/discord_erlpack-1.zip: 90%
5/23/2025, 4:39:57 PM GMT-4 [Modules] Streaming discord_erlpack@1 to /home/jacovzap/.config/discord/0.0.95/modules/pending/discord_erlpack-1.zip: 91%
5/23/2025, 4:39:57 PM GMT-4 [Modules] Streaming discord_erlpack@1 to /home/jacovzap/.config/discord/0.0.95/modules/pending/discord_erlpack-1.zip: 92%
5/23/2025, 4:39:57 PM GMT-4 [Modules] Streaming discord_erlpack@1 to /home/jacovzap/.config/discord/0.0.95/modules/pending/discord_erlpack-1.zip: 93%
5/23/2025, 4:39:57 PM GMT-4 [Modules] Streaming discord_erlpack@1 to /home/jacovzap/.config/discord/0.0.95/modules/pending/discord_erlpack-1.zip: 94%
5/23/2025, 4:39:57 PM GMT-4 [Modules] Streaming discord_erlpack@1 to /home/jacovzap/.config/discord/0.0.95/modules/pending/discord_erlpack-1.zip: 95%
5/23/2025, 4:39:57 PM GMT-4 [Modules] Streaming discord_erlpack@1 to /home/jacovzap/.config/discord/0.0.95/modules/pending/discord_erlpack-1.zip: 96%
5/23/2025, 4:39:57 PM GMT-4 [Modules] Streaming discord_erlpack@1 to /home/jacovzap/.config/discord/0.0.95/modules/pending/discord_erlpack-1.zip: 97%
5/23/2025, 4:39:58 PM GMT-4 [Modules] Streaming discord_erlpack@1 to /home/jacovzap/.config/discord/0.0.95/modules/pending/discord_erlpack-1.zip: 98%
5/23/2025, 4:39:58 PM GMT-4 [Modules] Streaming discord_erlpack@1 to /home/jacovzap/.config/discord/0.0.95/modules/pending/discord_erlpack-1.zip: 99%
5/23/2025, 4:39:58 PM GMT-4 [Modules] Streaming discord_erlpack@1 to /home/jacovzap/.config/discord/0.0.95/modules/pending/discord_erlpack-1.zip: 100%
5/23/2025, 4:39:58 PM GMT-4 [Modules] Fetching discord_spellcheck@1 from https://discord.com/api/modules/stable/discord_spellcheck/1
5/23/2025, 4:39:58 PM GMT-4 [Modules] Streaming discord_spellcheck@1 to /home/jacovzap/.config/discord/0.0.95/modules/pending/discord_spellcheck-1.zip
5/23/2025, 4:40:02 PM GMT-4 [Modules] Streaming discord_spellcheck@1 to /home/jacovzap/.config/discord/0.0.95/modules/pending/discord_spellcheck-1.zip: 1%
5/23/2025, 4:40:05 PM GMT-4 [Modules] Streaming discord_spellcheck@1 to /home/jacovzap/.config/discord/0.0.95/modules/pending/discord_spellcheck-1.zip: 2%
5/23/2025, 4:40:06 PM GMT-4 [Modules] Streaming discord_spellcheck@1 to /home/jacovzap/.config/discord/0.0.95/modules/pending/discord_spellcheck-1.zip: 3%
5/23/2025, 4:40:07 PM GMT-4 [Modules] Streaming discord_spellcheck@1 to /home/jacovzap/.config/discord/0.0.95/modules/pending/discord_spellcheck-1.zip: 4%
5/23/2025, 4:40:07 PM GMT-4 [Modules] Streaming discord_spellcheck@1 to /home/jacovzap/.config/discord/0.0.95/modules/pending/discord_spellcheck-1.zip: 5%
5/23/2025, 4:40:08 PM GMT-4 [Modules] Streaming discord_spellcheck@1 to /home/jacovzap/.config/discord/0.0.95/modules/pending/discord_spellcheck-1.zip: 6%
5/23/2025, 4:40:08 PM GMT-4 [Modules] Streaming discord_spellcheck@1 to /home/jacovzap/.config/discord/0.0.95/modules/pending/discord_spellcheck-1.zip: 7%
5/23/2025, 4:40:08 PM GMT-4 [Modules] Streaming discord_spellcheck@1 to /home/jacovzap/.config/discord/0.0.95/modules/pending/discord_spellcheck-1.zip: 8%
5/23/2025, 4:40:09 PM GMT-4 [Modules] Streaming discord_spellcheck@1 to /home/jacovzap/.config/discord/0.0.95/modules/pending/discord_spellcheck-1.zip: 9%
5/23/2025, 4:40:09 PM GMT-4 [Modules] Streaming discord_spellcheck@1 to /home/jacovzap/.config/discord/0.0.95/modules/pending/discord_spellcheck-1.zip: 10%
5/23/2025, 4:40:09 PM GMT-4 [Modules] Streaming discord_spellcheck@1 to /home/jacovzap/.config/discord/0.0.95/modules/pending/discord_spellcheck-1.zip: 11%
5/23/2025, 4:40:10 PM GMT-4 [Modules] Streaming discord_spellcheck@1 to /home/jacovzap/.config/discord/0.0.95/modules/pending/discord_spellcheck-1.zip: 12%
5/23/2025, 4:40:12 PM GMT-4 [Modules] Streaming discord_spellcheck@1 to /home/jacovzap/.config/discord/0.0.95/modules/pending/discord_spellcheck-1.zip: 13%
5/23/2025, 4:40:12 PM GMT-4 [Modules] Streaming discord_spellcheck@1 to /home/jacovzap/.config/discord/0.0.95/modules/pending/discord_spellcheck-1.zip: 16%
5/23/2025, 4:40:12 PM GMT-4 [Modules] Streaming discord_spellcheck@1 to /home/jacovzap/.config/discord/0.0.95/modules/pending/discord_spellcheck-1.zip: 20%
5/23/2025, 4:40:15 PM GMT-4 [Modules] Streaming discord_spellcheck@1 to /home/jacovzap/.config/discord/0.0.95/modules/pending/discord_spellcheck-1.zip: 21%
5/23/2025, 4:40:15 PM GMT-4 [Modules] Streaming discord_spellcheck@1 to /home/jacovzap/.config/discord/0.0.95/modules/pending/discord_spellcheck-1.zip: 24%
5/23/2025, 4:40:16 PM GMT-4 [Modules] Streaming discord_spellcheck@1 to /home/jacovzap/.config/discord/0.0.95/modules/pending/discord_spellcheck-1.zip: 25%
5/23/2025, 4:40:16 PM GMT-4 [Modules] Streaming discord_spellcheck@1 to /home/jacovzap/.config/discord/0.0.95/modules/pending/discord_spellcheck-1.zip: 31%
5/23/2025, 4:40:16 PM GMT-4 [Modules] Streaming discord_spellcheck@1 to /home/jacovzap/.config/discord/0.0.95/modules/pending/discord_spellcheck-1.zip: 34%
5/23/2025, 4:40:17 PM GMT-4 [Modules] Streaming discord_spellcheck@1 to /home/jacovzap/.config/discord/0.0.95/modules/pending/discord_spellcheck-1.zip: 35%
5/23/2025, 4:40:17 PM GMT-4 [Modules] Streaming discord_spellcheck@1 to /home/jacovzap/.config/discord/0.0.95/modules/pending/discord_spellcheck-1.zip: 36%
5/23/2025, 4:40:17 PM GMT-4 [Modules] Streaming discord_spellcheck@1 to /home/jacovzap/.config/discord/0.0.95/modules/pending/discord_spellcheck-1.zip: 37%
5/23/2025, 4:40:18 PM GMT-4 [Modules] Streaming discord_spellcheck@1 to /home/jacovzap/.config/discord/0.0.95/modules/pending/discord_spellcheck-1.zip: 38%
5/23/2025, 4:40:18 PM GMT-4 [Modules] Streaming discord_spellcheck@1 to /home/jacovzap/.config/discord/0.0.95/modules/pending/discord_spellcheck-1.zip: 39%
5/23/2025, 4:40:21 PM GMT-4 [Modules] Streaming discord_spellcheck@1 to /home/jacovzap/.config/discord/0.0.95/modules/pending/discord_spellcheck-1.zip: 40%
5/23/2025, 4:40:21 PM GMT-4 [Modules] Streaming discord_spellcheck@1 to /home/jacovzap/.config/discord/0.0.95/modules/pending/discord_spellcheck-1.zip: 41%
5/23/2025, 4:40:22 PM GMT-4 [Modules] Streaming discord_spellcheck@1 to /home/jacovzap/.config/discord/0.0.95/modules/pending/discord_spellcheck-1.zip: 42%
5/23/2025, 4:40:22 PM GMT-4 [Modules] Streaming discord_spellcheck@1 to /home/jacovzap/.config/discord/0.0.95/modules/pending/discord_spellcheck-1.zip: 45%
5/23/2025, 4:40:22 PM GMT-4 [Modules] Streaming discord_spellcheck@1 to /home/jacovzap/.config/discord/0.0.95/modules/pending/discord_spellcheck-1.zip: 52%
5/23/2025, 4:40:22 PM GMT-4 [Modules] Streaming discord_spellcheck@1 to /home/jacovzap/.config/discord/0.0.95/modules/pending/discord_spellcheck-1.zip: 53%
5/23/2025, 4:40:24 PM GMT-4 [Modules] Streaming discord_spellcheck@1 to /home/jacovzap/.config/discord/0.0.95/modules/pending/discord_spellcheck-1.zip: 54%
5/23/2025, 4:40:24 PM GMT-4 [Modules] Streaming discord_spellcheck@1 to /home/jacovzap/.config/discord/0.0.95/modules/pending/discord_spellcheck-1.zip: 55%
5/23/2025, 4:40:24 PM GMT-4 [Modules] Streaming discord_spellcheck@1 to /home/jacovzap/.config/discord/0.0.95/modules/pending/discord_spellcheck-1.zip: 56%
5/23/2025, 4:40:25 PM GMT-4 [Modules] Streaming discord_spellcheck@1 to /home/jacovzap/.config/discord/0.0.95/modules/pending/discord_spellcheck-1.zip: 58%
5/23/2025, 4:40:25 PM GMT-4 [Modules] Streaming discord_spellcheck@1 to /home/jacovzap/.config/discord/0.0.95/modules/pending/discord_spellcheck-1.zip: 59%
5/23/2025, 4:40:26 PM GMT-4 [Modules] Streaming discord_spellcheck@1 to /home/jacovzap/.config/discord/0.0.95/modules/pending/discord_spellcheck-1.zip: 60%
5/23/2025, 4:40:26 PM GMT-4 [Modules] Streaming discord_spellcheck@1 to /home/jacovzap/.config/discord/0.0.95/modules/pending/discord_spellcheck-1.zip: 61%
5/23/2025, 4:40:26 PM GMT-4 [Modules] Streaming discord_spellcheck@1 to /home/jacovzap/.config/discord/0.0.95/modules/pending/discord_spellcheck-1.zip: 62%
5/23/2025, 4:40:26 PM GMT-4 [Modules] Streaming discord_spellcheck@1 to /home/jacovzap/.config/discord/0.0.95/modules/pending/discord_spellcheck-1.zip: 63%
5/23/2025, 4:40:27 PM GMT-4 [Modules] Streaming discord_spellcheck@1 to /home/jacovzap/.config/discord/0.0.95/modules/pending/discord_spellcheck-1.zip: 64%
5/23/2025, 4:40:27 PM GMT-4 [Modules] Streaming discord_spellcheck@1 to /home/jacovzap/.config/discord/0.0.95/modules/pending/discord_spellcheck-1.zip: 65%
5/23/2025, 4:40:27 PM GMT-4 [Modules] Streaming discord_spellcheck@1 to /home/jacovzap/.config/discord/0.0.95/modules/pending/discord_spellcheck-1.zip: 66%
5/23/2025, 4:40:27 PM GMT-4 [Modules] Streaming discord_spellcheck@1 to /home/jacovzap/.config/discord/0.0.95/modules/pending/discord_spellcheck-1.zip: 67%
5/23/2025, 4:40:28 PM GMT-4 [Modules] Streaming discord_spellcheck@1 to /home/jacovzap/.config/discord/0.0.95/modules/pending/discord_spellcheck-1.zip: 68%
5/23/2025, 4:40:28 PM GMT-4 [Modules] Streaming discord_spellcheck@1 to /home/jacovzap/.config/discord/0.0.95/modules/pending/discord_spellcheck-1.zip: 69%
5/23/2025, 4:40:28 PM GMT-4 [Modules] Streaming discord_spellcheck@1 to /home/jacovzap/.config/discord/0.0.95/modules/pending/discord_spellcheck-1.zip: 70%
5/23/2025, 4:40:28 PM GMT-4 [Modules] Streaming discord_spellcheck@1 to /home/jacovzap/.config/discord/0.0.95/modules/pending/discord_spellcheck-1.zip: 71%
5/23/2025, 4:40:28 PM GMT-4 [Modules] Streaming discord_spellcheck@1 to /home/jacovzap/.config/discord/0.0.95/modules/pending/discord_spellcheck-1.zip: 72%
5/23/2025, 4:40:29 PM GMT-4 [Modules] Streaming discord_spellcheck@1 to /home/jacovzap/.config/discord/0.0.95/modules/pending/discord_spellcheck-1.zip: 73%
5/23/2025, 4:40:29 PM GMT-4 [Modules] Streaming discord_spellcheck@1 to /home/jacovzap/.config/discord/0.0.95/modules/pending/discord_spellcheck-1.zip: 74%
5/23/2025, 4:40:29 PM GMT-4 [Modules] Streaming discord_spellcheck@1 to /home/jacovzap/.config/discord/0.0.95/modules/pending/discord_spellcheck-1.zip: 75%
5/23/2025, 4:40:29 PM GMT-4 [Modules] Streaming discord_spellcheck@1 to /home/jacovzap/.config/discord/0.0.95/modules/pending/discord_spellcheck-1.zip: 76%
5/23/2025, 4:40:30 PM GMT-4 [Modules] Streaming discord_spellcheck@1 to /home/jacovzap/.config/discord/0.0.95/modules/pending/discord_spellcheck-1.zip: 77%
5/23/2025, 4:40:30 PM GMT-4 [Modules] Streaming discord_spellcheck@1 to /home/jacovzap/.config/discord/0.0.95/modules/pending/discord_spellcheck-1.zip: 78%
5/23/2025, 4:40:31 PM GMT-4 [Modules] Streaming discord_spellcheck@1 to /home/jacovzap/.config/discord/0.0.95/modules/pending/discord_spellcheck-1.zip: 79%
5/23/2025, 4:40:31 PM GMT-4 [Modules] Streaming discord_spellcheck@1 to /home/jacovzap/.config/discord/0.0.95/modules/pending/discord_spellcheck-1.zip: 80%
5/23/2025, 4:40:31 PM GMT-4 [Modules] Streaming discord_spellcheck@1 to /home/jacovzap/.config/discord/0.0.95/modules/pending/discord_spellcheck-1.zip: 81%
5/23/2025, 4:40:32 PM GMT-4 [Modules] Streaming discord_spellcheck@1 to /home/jacovzap/.config/discord/0.0.95/modules/pending/discord_spellcheck-1.zip: 82%
5/23/2025, 4:40:32 PM GMT-4 [Modules] Streaming discord_spellcheck@1 to /home/jacovzap/.config/discord/0.0.95/modules/pending/discord_spellcheck-1.zip: 83%
5/23/2025, 4:40:32 PM GMT-4 [Modules] Streaming discord_spellcheck@1 to /home/jacovzap/.config/discord/0.0.95/modules/pending/discord_spellcheck-1.zip: 84%
5/23/2025, 4:40:32 PM GMT-4 [Modules] Streaming discord_spellcheck@1 to /home/jacovzap/.config/discord/0.0.95/modules/pending/discord_spellcheck-1.zip: 85%
5/23/2025, 4:40:33 PM GMT-4 [Modules] Streaming discord_spellcheck@1 to /home/jacovzap/.config/discord/0.0.95/modules/pending/discord_spellcheck-1.zip: 86%
5/23/2025, 4:40:33 PM GMT-4 [Modules] Streaming discord_spellcheck@1 to /home/jacovzap/.config/discord/0.0.95/modules/pending/discord_spellcheck-1.zip: 87%
5/23/2025, 4:40:33 PM GMT-4 [Modules] Streaming discord_spellcheck@1 to /home/jacovzap/.config/discord/0.0.95/modules/pending/discord_spellcheck-1.zip: 88%
5/23/2025, 4:40:33 PM GMT-4 [Modules] Streaming discord_spellcheck@1 to /home/jacovzap/.config/discord/0.0.95/modules/pending/discord_spellcheck-1.zip: 89%
5/23/2025, 4:40:33 PM GMT-4 [Modules] Streaming discord_spellcheck@1 to /home/jacovzap/.config/discord/0.0.95/modules/pending/discord_spellcheck-1.zip: 90%
5/23/2025, 4:40:33 PM GMT-4 [Modules] Streaming discord_spellcheck@1 to /home/jacovzap/.config/discord/0.0.95/modules/pending/discord_spellcheck-1.zip: 91%
5/23/2025, 4:40:33 PM GMT-4 [Modules] Streaming discord_spellcheck@1 to /home/jacovzap/.config/discord/0.0.95/modules/pending/discord_spellcheck-1.zip: 92%
5/23/2025, 4:40:33 PM GMT-4 [Modules] Streaming discord_spellcheck@1 to /home/jacovzap/.config/discord/0.0.95/modules/pending/discord_spellcheck-1.zip: 93%
5/23/2025, 4:40:34 PM GMT-4 [Modules] Streaming discord_spellcheck@1 to /home/jacovzap/.config/discord/0.0.95/modules/pending/discord_spellcheck-1.zip: 94%
5/23/2025, 4:40:34 PM GMT-4 [Modules] Streaming discord_spellcheck@1 to /home/jacovzap/.config/discord/0.0.95/modules/pending/discord_spellcheck-1.zip: 95%
5/23/2025, 4:40:34 PM GMT-4 [Modules] Streaming discord_spellcheck@1 to /home/jacovzap/.config/discord/0.0.95/modules/pending/discord_spellcheck-1.zip: 96%
5/23/2025, 4:40:34 PM GMT-4 [Modules] Streaming discord_spellcheck@1 to /home/jacovzap/.config/discord/0.0.95/modules/pending/discord_spellcheck-1.zip: 97%
5/23/2025, 4:40:35 PM GMT-4 [Modules] Streaming discord_spellcheck@1 to /home/jacovzap/.config/discord/0.0.95/modules/pending/discord_spellcheck-1.zip: 98%
5/23/2025, 4:40:35 PM GMT-4 [Modules] Streaming discord_spellcheck@1 to /home/jacovzap/.config/discord/0.0.95/modules/pending/discord_spellcheck-1.zip: 99%
5/23/2025, 4:40:36 PM GMT-4 [Modules] Streaming discord_spellcheck@1 to /home/jacovzap/.config/discord/0.0.95/modules/pending/discord_spellcheck-1.zip: 100%
5/23/2025, 4:40:36 PM GMT-4 [Modules] Fetching discord_utils@1 from https://discord.com/api/modules/stable/discord_utils/1
5/23/2025, 4:40:36 PM GMT-4 [Modules] Streaming discord_utils@1 to /home/jacovzap/.config/discord/0.0.95/modules/pending/discord_utils-1.zip
5/23/2025, 4:40:37 PM GMT-4 [Modules] Streaming discord_utils@1 to /home/jacovzap/.config/discord/0.0.95/modules/pending/discord_utils-1.zip: 4%
5/23/2025, 4:40:37 PM GMT-4 [Modules] Streaming discord_utils@1 to /home/jacovzap/.config/discord/0.0.95/modules/pending/discord_utils-1.zip: 5%
5/23/2025, 4:40:38 PM GMT-4 [Modules] Streaming discord_utils@1 to /home/jacovzap/.config/discord/0.0.95/modules/pending/discord_utils-1.zip: 6%
5/23/2025, 4:40:38 PM GMT-4 [Modules] Streaming discord_utils@1 to /home/jacovzap/.config/discord/0.0.95/modules/pending/discord_utils-1.zip: 7%
5/23/2025, 4:40:40 PM GMT-4 [Modules] Streaming discord_utils@1 to /home/jacovzap/.config/discord/0.0.95/modules/pending/discord_utils-1.zip: 9%
5/23/2025, 4:40:40 PM GMT-4 [Modules] Streaming discord_utils@1 to /home/jacovzap/.config/discord/0.0.95/modules/pending/discord_utils-1.zip: 16%
5/23/2025, 4:40:41 PM GMT-4 [Modules] Streaming discord_utils@1 to /home/jacovzap/.config/discord/0.0.95/modules/pending/discord_utils-1.zip: 18%
5/23/2025, 4:40:41 PM GMT-4 [Modules] Streaming discord_utils@1 to /home/jacovzap/.config/discord/0.0.95/modules/pending/discord_utils-1.zip: 19%
5/23/2025, 4:40:42 PM GMT-4 [Modules] Streaming discord_utils@1 to /home/jacovzap/.config/discord/0.0.95/modules/pending/discord_utils-1.zip: 20%
5/23/2025, 4:40:42 PM GMT-4 [Modules] Streaming discord_utils@1 to /home/jacovzap/.config/discord/0.0.95/modules/pending/discord_utils-1.zip: 21%
5/23/2025, 4:40:43 PM GMT-4 [Modules] Streaming discord_utils@1 to /home/jacovzap/.config/discord/0.0.95/modules/pending/discord_utils-1.zip: 22%
5/23/2025, 4:40:43 PM GMT-4 [Modules] Streaming discord_utils@1 to /home/jacovzap/.config/discord/0.0.95/modules/pending/discord_utils-1.zip: 23%
5/23/2025, 4:40:43 PM GMT-4 [Modules] Streaming discord_utils@1 to /home/jacovzap/.config/discord/0.0.95/modules/pending/discord_utils-1.zip: 24%
5/23/2025, 4:40:43 PM GMT-4 [Modules] Streaming discord_utils@1 to /home/jacovzap/.config/discord/0.0.95/modules/pending/discord_utils-1.zip: 26%
5/23/2025, 4:40:43 PM GMT-4 [Modules] Streaming discord_utils@1 to /home/jacovzap/.config/discord/0.0.95/modules/pending/discord_utils-1.zip: 28%
5/23/2025, 4:40:43 PM GMT-4 [Modules] Streaming discord_utils@1 to /home/jacovzap/.config/discord/0.0.95/modules/pending/discord_utils-1.zip: 29%
5/23/2025, 4:40:43 PM GMT-4 [Modules] Streaming discord_utils@1 to /home/jacovzap/.config/discord/0.0.95/modules/pending/discord_utils-1.zip: 30%
5/23/2025, 4:40:43 PM GMT-4 [Modules] Streaming discord_utils@1 to /home/jacovzap/.config/discord/0.0.95/modules/pending/discord_utils-1.zip: 31%
5/23/2025, 4:40:43 PM GMT-4 [Modules] Streaming discord_utils@1 to /home/jacovzap/.config/discord/0.0.95/modules/pending/discord_utils-1.zip: 32%
5/23/2025, 4:40:43 PM GMT-4 [Modules] Streaming discord_utils@1 to /home/jacovzap/.config/discord/0.0.95/modules/pending/discord_utils-1.zip: 33%
5/23/2025, 4:40:44 PM GMT-4 [Modules] Streaming discord_utils@1 to /home/jacovzap/.config/discord/0.0.95/modules/pending/discord_utils-1.zip: 34%
5/23/2025, 4:40:44 PM GMT-4 [Modules] Streaming discord_utils@1 to /home/jacovzap/.config/discord/0.0.95/modules/pending/discord_utils-1.zip: 35%
5/23/2025, 4:40:44 PM GMT-4 [Modules] Streaming discord_utils@1 to /home/jacovzap/.config/discord/0.0.95/modules/pending/discord_utils-1.zip: 36%
5/23/2025, 4:40:44 PM GMT-4 [Modules] Streaming discord_utils@1 to /home/jacovzap/.config/discord/0.0.95/modules/pending/discord_utils-1.zip: 37%
5/23/2025, 4:40:44 PM GMT-4 [Modules] Streaming discord_utils@1 to /home/jacovzap/.config/discord/0.0.95/modules/pending/discord_utils-1.zip: 38%
5/23/2025, 4:40:45 PM GMT-4 [Modules] Streaming discord_utils@1 to /home/jacovzap/.config/discord/0.0.95/modules/pending/discord_utils-1.zip: 39%
5/23/2025, 4:40:45 PM GMT-4 [Modules] Streaming discord_utils@1 to /home/jacovzap/.config/discord/0.0.95/modules/pending/discord_utils-1.zip: 40%
5/23/2025, 4:40:45 PM GMT-4 [Modules] Streaming discord_utils@1 to /home/jacovzap/.config/discord/0.0.95/modules/pending/discord_utils-1.zip: 41%
5/23/2025, 4:40:45 PM GMT-4 [Modules] Streaming discord_utils@1 to /home/jacovzap/.config/discord/0.0.95/modules/pending/discord_utils-1.zip: 42%
5/23/2025, 4:40:45 PM GMT-4 [Modules] Streaming discord_utils@1 to /home/jacovzap/.config/discord/0.0.95/modules/pending/discord_utils-1.zip: 43%
5/23/2025, 4:40:46 PM GMT-4 [Modules] Streaming discord_utils@1 to /home/jacovzap/.config/discord/0.0.95/modules/pending/discord_utils-1.zip: 44%
5/23/2025, 4:40:46 PM GMT-4 [Modules] Streaming discord_utils@1 to /home/jacovzap/.config/discord/0.0.95/modules/pending/discord_utils-1.zip: 45%
5/23/2025, 4:40:46 PM GMT-4 [Modules] Streaming discord_utils@1 to /home/jacovzap/.config/discord/0.0.95/modules/pending/discord_utils-1.zip: 46%
5/23/2025, 4:40:46 PM GMT-4 [Modules] Streaming discord_utils@1 to /home/jacovzap/.config/discord/0.0.95/modules/pending/discord_utils-1.zip: 47%
5/23/2025, 4:40:46 PM GMT-4 [Modules] Streaming discord_utils@1 to /home/jacovzap/.config/discord/0.0.95/modules/pending/discord_utils-1.zip: 48%
5/23/2025, 4:40:47 PM GMT-4 [Modules] Streaming discord_utils@1 to /home/jacovzap/.config/discord/0.0.95/modules/pending/discord_utils-1.zip: 49%
5/23/2025, 4:40:47 PM GMT-4 [Modules] Streaming discord_utils@1 to /home/jacovzap/.config/discord/0.0.95/modules/pending/discord_utils-1.zip: 50%
5/23/2025, 4:40:47 PM GMT-4 [Modules] Streaming discord_utils@1 to /home/jacovzap/.config/discord/0.0.95/modules/pending/discord_utils-1.zip: 51%
5/23/2025, 4:40:47 PM GMT-4 [Modules] Streaming discord_utils@1 to /home/jacovzap/.config/discord/0.0.95/modules/pending/discord_utils-1.zip: 52%
5/23/2025, 4:40:48 PM GMT-4 [Modules] Streaming discord_utils@1 to /home/jacovzap/.config/discord/0.0.95/modules/pending/discord_utils-1.zip: 53%
5/23/2025, 4:40:48 PM GMT-4 [Modules] Streaming discord_utils@1 to /home/jacovzap/.config/discord/0.0.95/modules/pending/discord_utils-1.zip: 54%
5/23/2025, 4:40:48 PM GMT-4 [Modules] Streaming discord_utils@1 to /home/jacovzap/.config/discord/0.0.95/modules/pending/discord_utils-1.zip: 55%
5/23/2025, 4:40:48 PM GMT-4 [Modules] Streaming discord_utils@1 to /home/jacovzap/.config/discord/0.0.95/modules/pending/discord_utils-1.zip: 56%
5/23/2025, 4:40:48 PM GMT-4 [Modules] Streaming discord_utils@1 to /home/jacovzap/.config/discord/0.0.95/modules/pending/discord_utils-1.zip: 57%
5/23/2025, 4:40:48 PM GMT-4 [Modules] Streaming discord_utils@1 to /home/jacovzap/.config/discord/0.0.95/modules/pending/discord_utils-1.zip: 58%
5/23/2025, 4:40:48 PM GMT-4 [Modules] Streaming discord_utils@1 to /home/jacovzap/.config/discord/0.0.95/modules/pending/discord_utils-1.zip: 59%
5/23/2025, 4:40:48 PM GMT-4 [Modules] Streaming discord_utils@1 to /home/jacovzap/.config/discord/0.0.95/modules/pending/discord_utils-1.zip: 60%
5/23/2025, 4:40:48 PM GMT-4 [Modules] Streaming discord_utils@1 to /home/jacovzap/.config/discord/0.0.95/modules/pending/discord_utils-1.zip: 61%
5/23/2025, 4:40:48 PM GMT-4 [Modules] Streaming discord_utils@1 to /home/jacovzap/.config/discord/0.0.95/modules/pending/discord_utils-1.zip: 62%
5/23/2025, 4:40:49 PM GMT-4 [Modules] Streaming discord_utils@1 to /home/jacovzap/.config/discord/0.0.95/modules/pending/discord_utils-1.zip: 63%
5/23/2025, 4:40:49 PM GMT-4 [Modules] Streaming discord_utils@1 to /home/jacovzap/.config/discord/0.0.95/modules/pending/discord_utils-1.zip: 64%
5/23/2025, 4:40:49 PM GMT-4 [Modules] Streaming discord_utils@1 to /home/jacovzap/.config/discord/0.0.95/modules/pending/discord_utils-1.zip: 65%
5/23/2025, 4:40:49 PM GMT-4 [Modules] Streaming discord_utils@1 to /home/jacovzap/.config/discord/0.0.95/modules/pending/discord_utils-1.zip: 66%
5/23/2025, 4:40:49 PM GMT-4 [Modules] Streaming discord_utils@1 to /home/jacovzap/.config/discord/0.0.95/modules/pending/discord_utils-1.zip: 67%
5/23/2025, 4:40:49 PM GMT-4 [Modules] Streaming discord_utils@1 to /home/jacovzap/.config/discord/0.0.95/modules/pending/discord_utils-1.zip: 68%
5/23/2025, 4:40:49 PM GMT-4 [Modules] Streaming discord_utils@1 to /home/jacovzap/.config/discord/0.0.95/modules/pending/discord_utils-1.zip: 69%
5/23/2025, 4:40:49 PM GMT-4 [Modules] Streaming discord_utils@1 to /home/jacovzap/.config/discord/0.0.95/modules/pending/discord_utils-1.zip: 70%
5/23/2025, 4:40:49 PM GMT-4 [Modules] Streaming discord_utils@1 to /home/jacovzap/.config/discord/0.0.95/modules/pending/discord_utils-1.zip: 71%
5/23/2025, 4:40:50 PM GMT-4 [Modules] Streaming discord_utils@1 to /home/jacovzap/.config/discord/0.0.95/modules/pending/discord_utils-1.zip: 72%
5/23/2025, 4:40:50 PM GMT-4 [Modules] Streaming discord_utils@1 to /home/jacovzap/.config/discord/0.0.95/modules/pending/discord_utils-1.zip: 73%
5/23/2025, 4:40:50 PM GMT-4 [Modules] Streaming discord_utils@1 to /home/jacovzap/.config/discord/0.0.95/modules/pending/discord_utils-1.zip: 74%
5/23/2025, 4:40:50 PM GMT-4 [Modules] Streaming discord_utils@1 to /home/jacovzap/.config/discord/0.0.95/modules/pending/discord_utils-1.zip: 75%
5/23/2025, 4:40:50 PM GMT-4 [Modules] Streaming discord_utils@1 to /home/jacovzap/.config/discord/0.0.95/modules/pending/discord_utils-1.zip: 76%
5/23/2025, 4:40:50 PM GMT-4 [Modules] Streaming discord_utils@1 to /home/jacovzap/.config/discord/0.0.95/modules/pending/discord_utils-1.zip: 77%
5/23/2025, 4:40:51 PM GMT-4 [Modules] Streaming discord_utils@1 to /home/jacovzap/.config/discord/0.0.95/modules/pending/discord_utils-1.zip: 78%
5/23/2025, 4:40:51 PM GMT-4 [Modules] Streaming discord_utils@1 to /home/jacovzap/.config/discord/0.0.95/modules/pending/discord_utils-1.zip: 79%
5/23/2025, 4:40:51 PM GMT-4 [Modules] Streaming discord_utils@1 to /home/jacovzap/.config/discord/0.0.95/modules/pending/discord_utils-1.zip: 80%
5/23/2025, 4:40:51 PM GMT-4 [Modules] Streaming discord_utils@1 to /home/jacovzap/.config/discord/0.0.95/modules/pending/discord_utils-1.zip: 81%
5/23/2025, 4:40:52 PM GMT-4 [Modules] Streaming discord_utils@1 to /home/jacovzap/.config/discord/0.0.95/modules/pending/discord_utils-1.zip: 82%
5/23/2025, 4:40:52 PM GMT-4 [Modules] Streaming discord_utils@1 to /home/jacovzap/.config/discord/0.0.95/modules/pending/discord_utils-1.zip: 83%
5/23/2025, 4:40:53 PM GMT-4 [Modules] Streaming discord_utils@1 to /home/jacovzap/.config/discord/0.0.95/modules/pending/discord_utils-1.zip: 84%
5/23/2025, 4:40:54 PM GMT-4 [Modules] Streaming discord_utils@1 to /home/jacovzap/.config/discord/0.0.95/modules/pending/discord_utils-1.zip: 85%
5/23/2025, 4:40:55 PM GMT-4 [Modules] Streaming discord_utils@1 to /home/jacovzap/.config/discord/0.0.95/modules/pending/discord_utils-1.zip: 86%
5/23/2025, 4:40:57 PM GMT-4 [Modules] Streaming discord_utils@1 to /home/jacovzap/.config/discord/0.0.95/modules/pending/discord_utils-1.zip: 87%
5/23/2025, 4:40:57 PM GMT-4 [Modules] Streaming discord_utils@1 to /home/jacovzap/.config/discord/0.0.95/modules/pending/discord_utils-1.zip: 88%
5/23/2025, 4:40:59 PM GMT-4 [Modules] Streaming discord_utils@1 to /home/jacovzap/.config/discord/0.0.95/modules/pending/discord_utils-1.zip: 89%
5/23/2025, 4:41:00 PM GMT-4 [Modules] Streaming discord_utils@1 to /home/jacovzap/.config/discord/0.0.95/modules/pending/discord_utils-1.zip: 90%
5/23/2025, 4:41:00 PM GMT-4 [Modules] Streaming discord_utils@1 to /home/jacovzap/.config/discord/0.0.95/modules/pending/discord_utils-1.zip: 91%
5/23/2025, 4:41:00 PM GMT-4 [Modules] Streaming discord_utils@1 to /home/jacovzap/.config/discord/0.0.95/modules/pending/discord_utils-1.zip: 92%
5/23/2025, 4:41:00 PM GMT-4 [Modules] Streaming discord_utils@1 to /home/jacovzap/.config/discord/0.0.95/modules/pending/discord_utils-1.zip: 93%
5/23/2025, 4:41:01 PM GMT-4 [Modules] Streaming discord_utils@1 to /home/jacovzap/.config/discord/0.0.95/modules/pending/discord_utils-1.zip: 94%
5/23/2025, 4:41:01 PM GMT-4 [Modules] Streaming discord_utils@1 to /home/jacovzap/.config/discord/0.0.95/modules/pending/discord_utils-1.zip: 95%
5/23/2025, 4:41:01 PM GMT-4 [Modules] Streaming discord_utils@1 to /home/jacovzap/.config/discord/0.0.95/modules/pending/discord_utils-1.zip: 96%
5/23/2025, 4:41:01 PM GMT-4 [Modules] Streaming discord_utils@1 to /home/jacovzap/.config/discord/0.0.95/modules/pending/discord_utils-1.zip: 97%
5/23/2025, 4:41:01 PM GMT-4 [Modules] Streaming discord_utils@1 to /home/jacovzap/.config/discord/0.0.95/modules/pending/discord_utils-1.zip: 98%
5/23/2025, 4:41:02 PM GMT-4 [Modules] Streaming discord_utils@1 to /home/jacovzap/.config/discord/0.0.95/modules/pending/discord_utils-1.zip: 99%
5/23/2025, 4:41:02 PM GMT-4 [Modules] Streaming discord_utils@1 to /home/jacovzap/.config/discord/0.0.95/modules/pending/discord_utils-1.zip: 100%
5/23/2025, 4:41:02 PM GMT-4 [Modules] Fetching discord_voice@1 from https://discord.com/api/modules/stable/discord_voice/1
5/23/2025, 4:41:02 PM GMT-4 [Modules] Streaming discord_voice@1 to /home/jacovzap/.config/discord/0.0.95/modules/pending/discord_voice-1.zip
5/23/2025, 4:41:04 PM GMT-4 [Modules] Streaming discord_voice@1 to /home/jacovzap/.config/discord/0.0.95/modules/pending/discord_voice-1.zip: 1%
5/23/2025, 4:41:06 PM GMT-4 [Modules] Streaming discord_voice@1 to /home/jacovzap/.config/discord/0.0.95/modules/pending/discord_voice-1.zip: 2%
5/23/2025, 4:41:10 PM GMT-4 [Modules] Streaming discord_voice@1 to /home/jacovzap/.config/discord/0.0.95/modules/pending/discord_voice-1.zip: 3%
5/23/2025, 4:41:13 PM GMT-4 [Modules] Streaming discord_voice@1 to /home/jacovzap/.config/discord/0.0.95/modules/pending/discord_voice-1.zip: 4%
5/23/2025, 4:41:14 PM GMT-4 [Modules] Streaming discord_voice@1 to /home/jacovzap/.config/discord/0.0.95/modules/pending/discord_voice-1.zip: 5%
5/23/2025, 4:41:15 PM GMT-4 [Modules] Streaming discord_voice@1 to /home/jacovzap/.config/discord/0.0.95/modules/pending/discord_voice-1.zip: 6%
5/23/2025, 4:41:16 PM GMT-4 [Modules] Streaming discord_voice@1 to /home/jacovzap/.config/discord/0.0.95/modules/pending/discord_voice-1.zip: 7%
5/23/2025, 4:41:16 PM GMT-4 [Modules] Streaming discord_voice@1 to /home/jacovzap/.config/discord/0.0.95/modules/pending/discord_voice-1.zip: 8%
5/23/2025, 4:41:17 PM GMT-4 [Modules] Streaming discord_voice@1 to /home/jacovzap/.config/discord/0.0.95/modules/pending/discord_voice-1.zip: 9%
5/23/2025, 4:41:18 PM GMT-4 [Modules] Streaming discord_voice@1 to /home/jacovzap/.config/discord/0.0.95/modules/pending/discord_voice-1.zip: 10%
5/23/2025, 4:41:21 PM GMT-4 [Modules] Streaming discord_voice@1 to /home/jacovzap/.config/discord/0.0.95/modules/pending/discord_voice-1.zip: 11%
5/23/2025, 4:41:22 PM GMT-4 [Modules] Streaming discord_voice@1 to /home/jacovzap/.config/discord/0.0.95/modules/pending/discord_voice-1.zip: 12%
5/23/2025, 4:41:23 PM GMT-4 [Modules] Streaming discord_voice@1 to /home/jacovzap/.config/discord/0.0.95/modules/pending/discord_voice-1.zip: 13%
5/23/2025, 4:41:24 PM GMT-4 [Modules] Streaming discord_voice@1 to /home/jacovzap/.config/discord/0.0.95/modules/pending/discord_voice-1.zip: 14%
5/23/2025, 4:41:26 PM GMT-4 [Modules] Streaming discord_voice@1 to /home/jacovzap/.config/discord/0.0.95/modules/pending/discord_voice-1.zip: 15%
5/23/2025, 4:41:26 PM GMT-4 [Modules] Streaming discord_voice@1 to /home/jacovzap/.config/discord/0.0.95/modules/pending/discord_voice-1.zip: 16%
5/23/2025, 4:41:27 PM GMT-4 [Modules] Streaming discord_voice@1 to /home/jacovzap/.config/discord/0.0.95/modules/pending/discord_voice-1.zip: 17%
5/23/2025, 4:41:28 PM GMT-4 [Modules] Streaming discord_voice@1 to /home/jacovzap/.config/discord/0.0.95/modules/pending/discord_voice-1.zip: 18%
5/23/2025, 4:41:28 PM GMT-4 [Modules] Streaming discord_voice@1 to /home/jacovzap/.config/discord/0.0.95/modules/pending/discord_voice-1.zip: 19%
5/23/2025, 4:41:29 PM GMT-4 [Modules] Streaming discord_voice@1 to /home/jacovzap/.config/discord/0.0.95/modules/pending/discord_voice-1.zip: 20%
5/23/2025, 4:41:29 PM GMT-4 [Modules] Streaming discord_voice@1 to /home/jacovzap/.config/discord/0.0.95/modules/pending/discord_voice-1.zip: 21%
5/23/2025, 4:41:30 PM GMT-4 [Modules] Streaming discord_voice@1 to /home/jacovzap/.config/discord/0.0.95/modules/pending/discord_voice-1.zip: 22%
5/23/2025, 4:41:30 PM GMT-4 [Modules] Streaming discord_voice@1 to /home/jacovzap/.config/discord/0.0.95/modules/pending/discord_voice-1.zip: 23%
5/23/2025, 4:41:31 PM GMT-4 [Modules] Streaming discord_voice@1 to /home/jacovzap/.config/discord/0.0.95/modules/pending/discord_voice-1.zip: 24%
5/23/2025, 4:41:32 PM GMT-4 [Modules] Streaming discord_voice@1 to /home/jacovzap/.config/discord/0.0.95/modules/pending/discord_voice-1.zip: 25%
5/23/2025, 4:41:33 PM GMT-4 [Modules] Streaming discord_voice@1 to /home/jacovzap/.config/discord/0.0.95/modules/pending/discord_voice-1.zip: 26%
5/23/2025, 4:41:34 PM GMT-4 [Modules] Streaming discord_voice@1 to /home/jacovzap/.config/discord/0.0.95/modules/pending/discord_voice-1.zip: 27%
5/23/2025, 4:41:35 PM GMT-4 [Modules] Streaming discord_voice@1 to /home/jacovzap/.config/discord/0.0.95/modules/pending/discord_voice-1.zip: 28%
5/23/2025, 4:41:36 PM GMT-4 [Modules] Streaming discord_voice@1 to /home/jacovzap/.config/discord/0.0.95/modules/pending/discord_voice-1.zip: 29%
5/23/2025, 4:41:37 PM GMT-4 [Modules] Streaming discord_voice@1 to /home/jacovzap/.config/discord/0.0.95/modules/pending/discord_voice-1.zip: 30%
5/23/2025, 4:41:38 PM GMT-4 [Modules] Streaming discord_voice@1 to /home/jacovzap/.config/discord/0.0.95/modules/pending/discord_voice-1.zip: 31%
5/23/2025, 4:41:39 PM GMT-4 [Modules] Streaming discord_voice@1 to /home/jacovzap/.config/discord/0.0.95/modules/pending/discord_voice-1.zip: 32%
5/23/2025, 4:41:40 PM GMT-4 [Modules] Streaming discord_voice@1 to /home/jacovzap/.config/discord/0.0.95/modules/pending/discord_voice-1.zip: 33%
5/23/2025, 4:41:40 PM GMT-4 [Modules] Streaming discord_voice@1 to /home/jacovzap/.config/discord/0.0.95/modules/pending/discord_voice-1.zip: 34%
5/23/2025, 4:41:41 PM GMT-4 [Modules] Streaming discord_voice@1 to /home/jacovzap/.config/discord/0.0.95/modules/pending/discord_voice-1.zip: 35%
5/23/2025, 4:41:41 PM GMT-4 [Modules] Streaming discord_voice@1 to /home/jacovzap/.config/discord/0.0.95/modules/pending/discord_voice-1.zip: 36%
5/23/2025, 4:41:41 PM GMT-4 [Modules] Streaming discord_voice@1 to /home/jacovzap/.config/discord/0.0.95/modules/pending/discord_voice-1.zip: 37%
5/23/2025, 4:41:42 PM GMT-4 [Modules] Streaming discord_voice@1 to /home/jacovzap/.config/discord/0.0.95/modules/pending/discord_voice-1.zip: 38%
5/23/2025, 4:41:42 PM GMT-4 [Modules] Streaming discord_voice@1 to /home/jacovzap/.config/discord/0.0.95/modules/pending/discord_voice-1.zip: 39%
5/23/2025, 4:41:42 PM GMT-4 [Modules] Streaming discord_voice@1 to /home/jacovzap/.config/discord/0.0.95/modules/pending/discord_voice-1.zip: 40%
5/23/2025, 4:41:43 PM GMT-4 [Modules] Streaming discord_voice@1 to /home/jacovzap/.config/discord/0.0.95/modules/pending/discord_voice-1.zip: 41%
5/23/2025, 4:41:43 PM GMT-4 [Modules] Streaming discord_voice@1 to /home/jacovzap/.config/discord/0.0.95/modules/pending/discord_voice-1.zip: 42%
5/23/2025, 4:41:44 PM GMT-4 [Modules] Streaming discord_voice@1 to /home/jacovzap/.config/discord/0.0.95/modules/pending/discord_voice-1.zip: 43%
5/23/2025, 4:41:44 PM GMT-4 [Modules] Streaming discord_voice@1 to /home/jacovzap/.config/discord/0.0.95/modules/pending/discord_voice-1.zip: 44%
5/23/2025, 4:41:44 PM GMT-4 [Modules] Streaming discord_voice@1 to /home/jacovzap/.config/discord/0.0.95/modules/pending/discord_voice-1.zip: 45%
5/23/2025, 4:41:45 PM GMT-4 [Modules] Streaming discord_voice@1 to /home/jacovzap/.config/discord/0.0.95/modules/pending/discord_voice-1.zip: 46%
5/23/2025, 4:41:45 PM GMT-4 [Modules] Streaming discord_voice@1 to /home/jacovzap/.config/discord/0.0.95/modules/pending/discord_voice-1.zip: 47%
5/23/2025, 4:41:45 PM GMT-4 [Modules] Streaming discord_voice@1 to /home/jacovzap/.config/discord/0.0.95/modules/pending/discord_voice-1.zip: 48%
5/23/2025, 4:41:46 PM GMT-4 [Modules] Streaming discord_voice@1 to /home/jacovzap/.config/discord/0.0.95/modules/pending/discord_voice-1.zip: 49%
5/23/2025, 4:41:47 PM GMT-4 [Modules] Streaming discord_voice@1 to /home/jacovzap/.config/discord/0.0.95/modules/pending/discord_voice-1.zip: 50%
5/23/2025, 4:41:48 PM GMT-4 [Modules] Streaming discord_voice@1 to /home/jacovzap/.config/discord/0.0.95/modules/pending/discord_voice-1.zip: 51%
5/23/2025, 4:41:48 PM GMT-4 [Modules] Streaming discord_voice@1 to /home/jacovzap/.config/discord/0.0.95/modules/pending/discord_voice-1.zip: 52%
5/23/2025, 4:41:49 PM GMT-4 [Modules] Streaming discord_voice@1 to /home/jacovzap/.config/discord/0.0.95/modules/pending/discord_voice-1.zip: 53%
5/23/2025, 4:41:49 PM GMT-4 [Modules] Streaming discord_voice@1 to /home/jacovzap/.config/discord/0.0.95/modules/pending/discord_voice-1.zip: 54%
5/23/2025, 4:41:49 PM GMT-4 [Modules] Streaming discord_voice@1 to /home/jacovzap/.config/discord/0.0.95/modules/pending/discord_voice-1.zip: 55%
5/23/2025, 4:41:50 PM GMT-4 [Modules] Streaming discord_voice@1 to /home/jacovzap/.config/discord/0.0.95/modules/pending/discord_voice-1.zip: 56%
5/23/2025, 4:41:51 PM GMT-4 [Modules] Streaming discord_voice@1 to /home/jacovzap/.config/discord/0.0.95/modules/pending/discord_voice-1.zip: 57%
5/23/2025, 4:41:51 PM GMT-4 [Modules] Streaming discord_voice@1 to /home/jacovzap/.config/discord/0.0.95/modules/pending/discord_voice-1.zip: 58%
5/23/2025, 4:41:51 PM GMT-4 [Modules] Streaming discord_voice@1 to /home/jacovzap/.config/discord/0.0.95/modules/pending/discord_voice-1.zip: 59%
5/23/2025, 4:41:52 PM GMT-4 [Modules] Streaming discord_voice@1 to /home/jacovzap/.config/discord/0.0.95/modules/pending/discord_voice-1.zip: 60%
5/23/2025, 4:41:52 PM GMT-4 [Modules] Streaming discord_voice@1 to /home/jacovzap/.config/discord/0.0.95/modules/pending/discord_voice-1.zip: 61%
5/23/2025, 4:41:53 PM GMT-4 [Modules] Streaming discord_voice@1 to /home/jacovzap/.config/discord/0.0.95/modules/pending/discord_voice-1.zip: 62%
5/23/2025, 4:41:53 PM GMT-4 [Modules] Streaming discord_voice@1 to /home/jacovzap/.config/discord/0.0.95/modules/pending/discord_voice-1.zip: 63%
5/23/2025, 4:41:54 PM GMT-4 [Modules] Streaming discord_voice@1 to /home/jacovzap/.config/discord/0.0.95/modules/pending/discord_voice-1.zip: 64%
5/23/2025, 4:41:54 PM GMT-4 [Modules] Streaming discord_voice@1 to /home/jacovzap/.config/discord/0.0.95/modules/pending/discord_voice-1.zip: 65%
5/23/2025, 4:41:55 PM GMT-4 [Modules] Streaming discord_voice@1 to /home/jacovzap/.config/discord/0.0.95/modules/pending/discord_voice-1.zip: 66%
5/23/2025, 4:41:55 PM GMT-4 [Modules] Streaming discord_voice@1 to /home/jacovzap/.config/discord/0.0.95/modules/pending/discord_voice-1.zip: 67%
5/23/2025, 4:41:56 PM GMT-4 [Modules] Streaming discord_voice@1 to /home/jacovzap/.config/discord/0.0.95/modules/pending/discord_voice-1.zip: 68%
5/23/2025, 4:41:56 PM GMT-4 [Modules] Streaming discord_voice@1 to /home/jacovzap/.config/discord/0.0.95/modules/pending/discord_voice-1.zip: 69%
5/23/2025, 4:41:57 PM GMT-4 [Modules] Streaming discord_voice@1 to /home/jacovzap/.config/discord/0.0.95/modules/pending/discord_voice-1.zip: 70%
5/23/2025, 4:41:57 PM GMT-4 [Modules] Streaming discord_voice@1 to /home/jacovzap/.config/discord/0.0.95/modules/pending/discord_voice-1.zip: 71%
5/23/2025, 4:41:57 PM GMT-4 [Modules] Streaming discord_voice@1 to /home/jacovzap/.config/discord/0.0.95/modules/pending/discord_voice-1.zip: 72%
5/23/2025, 4:41:58 PM GMT-4 [Modules] Streaming discord_voice@1 to /home/jacovzap/.config/discord/0.0.95/modules/pending/discord_voice-1.zip: 73%
5/23/2025, 4:41:59 PM GMT-4 [Modules] Streaming discord_voice@1 to /home/jacovzap/.config/discord/0.0.95/modules/pending/discord_voice-1.zip: 74%
5/23/2025, 4:41:59 PM GMT-4 [Modules] Streaming discord_voice@1 to /home/jacovzap/.config/discord/0.0.95/modules/pending/discord_voice-1.zip: 75%
5/23/2025, 4:42:00 PM GMT-4 [Modules] Streaming discord_voice@1 to /home/jacovzap/.config/discord/0.0.95/modules/pending/discord_voice-1.zip: 76%
5/23/2025, 4:42:00 PM GMT-4 [Modules] Streaming discord_voice@1 to /home/jacovzap/.config/discord/0.0.95/modules/pending/discord_voice-1.zip: 77%
5/23/2025, 4:42:02 PM GMT-4 [Modules] Streaming discord_voice@1 to /home/jacovzap/.config/discord/0.0.95/modules/pending/discord_voice-1.zip: 78%
5/23/2025, 4:42:03 PM GMT-4 [Modules] Streaming discord_voice@1 to /home/jacovzap/.config/discord/0.0.95/modules/pending/discord_voice-1.zip: 79%
5/23/2025, 4:42:18 PM GMT-4 [Modules] Streaming discord_voice@1 to /home/jacovzap/.config/discord/0.0.95/modules/pending/discord_voice-1.zip: 80%
5/23/2025, 4:42:21 PM GMT-4 [Modules] Streaming discord_voice@1 to /home/jacovzap/.config/discord/0.0.95/modules/pending/discord_voice-1.zip: 81%
5/23/2025, 4:42:25 PM GMT-4 [Modules] Streaming discord_voice@1 to /home/jacovzap/.config/discord/0.0.95/modules/pending/discord_voice-1.zip: 82%
5/23/2025, 4:42:40 PM GMT-4 [Modules] Streaming discord_voice@1 to /home/jacovzap/.config/discord/0.0.95/modules/pending/discord_voice-1.zip: 83%
5/23/2025, 4:42:40 PM GMT-4 [Modules] Streaming discord_voice@1 to /home/jacovzap/.config/discord/0.0.95/modules/pending/discord_voice-1.zip: 84%
5/23/2025, 4:42:40 PM GMT-4 [Modules] Streaming discord_voice@1 to /home/jacovzap/.config/discord/0.0.95/modules/pending/discord_voice-1.zip: 85%
5/23/2025, 4:42:42 PM GMT-4 [Modules] Streaming discord_voice@1 to /home/jacovzap/.config/discord/0.0.95/modules/pending/discord_voice-1.zip: 86%
5/23/2025, 4:42:44 PM GMT-4 [Modules] Streaming discord_voice@1 to /home/jacovzap/.config/discord/0.0.95/modules/pending/discord_voice-1.zip: 87%
5/23/2025, 4:42:52 PM GMT-4 [Modules] Streaming discord_voice@1 to /home/jacovzap/.config/discord/0.0.95/modules/pending/discord_voice-1.zip: 88%
5/23/2025, 4:42:52 PM GMT-4 [Modules] Streaming discord_voice@1 to /home/jacovzap/.config/discord/0.0.95/modules/pending/discord_voice-1.zip: 89%
5/23/2025, 4:42:54 PM GMT-4 [Modules] Streaming discord_voice@1 to /home/jacovzap/.config/discord/0.0.95/modules/pending/discord_voice-1.zip: 90%
5/23/2025, 4:42:57 PM GMT-4 [Modules] Streaming discord_voice@1 to /home/jacovzap/.config/discord/0.0.95/modules/pending/discord_voice-1.zip: 91%
5/23/2025, 4:43:01 PM GMT-4 [Modules] Streaming discord_voice@1 to /home/jacovzap/.config/discord/0.0.95/modules/pending/discord_voice-1.zip: 92%
5/23/2025, 4:43:05 PM GMT-4 [Modules] Streaming discord_voice@1 to /home/jacovzap/.config/discord/0.0.95/modules/pending/discord_voice-1.zip: 93%
5/23/2025, 4:43:08 PM GMT-4 [Modules] Streaming discord_voice@1 to /home/jacovzap/.config/discord/0.0.95/modules/pending/discord_voice-1.zip: 94%
5/23/2025, 4:43:11 PM GMT-4 [Modules] Streaming discord_voice@1 to /home/jacovzap/.config/discord/0.0.95/modules/pending/discord_voice-1.zip: 95%
5/23/2025, 4:43:14 PM GMT-4 [Modules] Streaming discord_voice@1 to /home/jacovzap/.config/discord/0.0.95/modules/pending/discord_voice-1.zip: 96%
5/23/2025, 4:43:15 PM GMT-4 [Modules] Streaming discord_voice@1 to /home/jacovzap/.config/discord/0.0.95/modules/pending/discord_voice-1.zip: 97%
5/23/2025, 4:43:16 PM GMT-4 [Modules] Streaming discord_voice@1 to /home/jacovzap/.config/discord/0.0.95/modules/pending/discord_voice-1.zip: 98%
5/23/2025, 4:43:17 PM GMT-4 [Modules] Streaming discord_voice@1 to /home/jacovzap/.config/discord/0.0.95/modules/pending/discord_voice-1.zip: 99%
5/23/2025, 4:43:19 PM GMT-4 [Modules] Streaming discord_voice@1 to /home/jacovzap/.config/discord/0.0.95/modules/pending/discord_voice-1.zip: 100%
5/23/2025, 4:43:19 PM GMT-4 [Modules] Fetching discord_zstd@1 from https://discord.com/api/modules/stable/discord_zstd/1
5/23/2025, 4:43:19 PM GMT-4 [Modules] Streaming discord_zstd@1 to /home/jacovzap/.config/discord/0.0.95/modules/pending/discord_zstd-1.zip
5/23/2025, 4:43:19 PM GMT-4 [Modules] Streaming discord_zstd@1 to /home/jacovzap/.config/discord/0.0.95/modules/pending/discord_zstd-1.zip: 1%
5/23/2025, 4:43:19 PM GMT-4 [Modules] Streaming discord_zstd@1 to /home/jacovzap/.config/discord/0.0.95/modules/pending/discord_zstd-1.zip: 2%
5/23/2025, 4:43:19 PM GMT-4 [Modules] Streaming discord_zstd@1 to /home/jacovzap/.config/discord/0.0.95/modules/pending/discord_zstd-1.zip: 4%
5/23/2025, 4:43:19 PM GMT-4 [Modules] Streaming discord_zstd@1 to /home/jacovzap/.config/discord/0.0.95/modules/pending/discord_zstd-1.zip: 5%
5/23/2025, 4:43:19 PM GMT-4 [Modules] Streaming discord_zstd@1 to /home/jacovzap/.config/discord/0.0.95/modules/pending/discord_zstd-1.zip: 6%
5/23/2025, 4:43:20 PM GMT-4 [Modules] Streaming discord_zstd@1 to /home/jacovzap/.config/discord/0.0.95/modules/pending/discord_zstd-1.zip: 7%
5/23/2025, 4:43:20 PM GMT-4 [Modules] Streaming discord_zstd@1 to /home/jacovzap/.config/discord/0.0.95/modules/pending/discord_zstd-1.zip: 8%
5/23/2025, 4:43:20 PM GMT-4 [Modules] Streaming discord_zstd@1 to /home/jacovzap/.config/discord/0.0.95/modules/pending/discord_zstd-1.zip: 10%
5/23/2025, 4:43:20 PM GMT-4 [Modules] Streaming discord_zstd@1 to /home/jacovzap/.config/discord/0.0.95/modules/pending/discord_zstd-1.zip: 11%
5/23/2025, 4:43:20 PM GMT-4 [Modules] Streaming discord_zstd@1 to /home/jacovzap/.config/discord/0.0.95/modules/pending/discord_zstd-1.zip: 12%
5/23/2025, 4:43:20 PM GMT-4 [Modules] Streaming discord_zstd@1 to /home/jacovzap/.config/discord/0.0.95/modules/pending/discord_zstd-1.zip: 13%
5/23/2025, 4:43:20 PM GMT-4 [Modules] Streaming discord_zstd@1 to /home/jacovzap/.config/discord/0.0.95/modules/pending/discord_zstd-1.zip: 14%
5/23/2025, 4:43:20 PM GMT-4 [Modules] Streaming discord_zstd@1 to /home/jacovzap/.config/discord/0.0.95/modules/pending/discord_zstd-1.zip: 16%
5/23/2025, 4:43:20 PM GMT-4 [Modules] Streaming discord_zstd@1 to /home/jacovzap/.config/discord/0.0.95/modules/pending/discord_zstd-1.zip: 17%
5/23/2025, 4:43:20 PM GMT-4 [Modules] Streaming discord_zstd@1 to /home/jacovzap/.config/discord/0.0.95/modules/pending/discord_zstd-1.zip: 18%
5/23/2025, 4:43:20 PM GMT-4 [Modules] Streaming discord_zstd@1 to /home/jacovzap/.config/discord/0.0.95/modules/pending/discord_zstd-1.zip: 19%
5/23/2025, 4:43:20 PM GMT-4 [Modules] Streaming discord_zstd@1 to /home/jacovzap/.config/discord/0.0.95/modules/pending/discord_zstd-1.zip: 20%
5/23/2025, 4:43:20 PM GMT-4 [Modules] Streaming discord_zstd@1 to /home/jacovzap/.config/discord/0.0.95/modules/pending/discord_zstd-1.zip: 21%
5/23/2025, 4:43:20 PM GMT-4 [Modules] Streaming discord_zstd@1 to /home/jacovzap/.config/discord/0.0.95/modules/pending/discord_zstd-1.zip: 22%
5/23/2025, 4:43:20 PM GMT-4 [Modules] Streaming discord_zstd@1 to /home/jacovzap/.config/discord/0.0.95/modules/pending/discord_zstd-1.zip: 23%
5/23/2025, 4:43:20 PM GMT-4 [Modules] Streaming discord_zstd@1 to /home/jacovzap/.config/discord/0.0.95/modules/pending/discord_zstd-1.zip: 24%
5/23/2025, 4:43:20 PM GMT-4 [Modules] Streaming discord_zstd@1 to /home/jacovzap/.config/discord/0.0.95/modules/pending/discord_zstd-1.zip: 25%
5/23/2025, 4:43:20 PM GMT-4 [Modules] Streaming discord_zstd@1 to /home/jacovzap/.config/discord/0.0.95/modules/pending/discord_zstd-1.zip: 26%
5/23/2025, 4:43:20 PM GMT-4 [Modules] Streaming discord_zstd@1 to /home/jacovzap/.config/discord/0.0.95/modules/pending/discord_zstd-1.zip: 27%
5/23/2025, 4:43:20 PM GMT-4 [Modules] Streaming discord_zstd@1 to /home/jacovzap/.config/discord/0.0.95/modules/pending/discord_zstd-1.zip: 28%
5/23/2025, 4:43:20 PM GMT-4 [Modules] Streaming discord_zstd@1 to /home/jacovzap/.config/discord/0.0.95/modules/pending/discord_zstd-1.zip: 29%
5/23/2025, 4:43:20 PM GMT-4 [Modules] Streaming discord_zstd@1 to /home/jacovzap/.config/discord/0.0.95/modules/pending/discord_zstd-1.zip: 30%
5/23/2025, 4:43:20 PM GMT-4 [Modules] Streaming discord_zstd@1 to /home/jacovzap/.config/discord/0.0.95/modules/pending/discord_zstd-1.zip: 31%
5/23/2025, 4:43:20 PM GMT-4 [Modules] Streaming discord_zstd@1 to /home/jacovzap/.config/discord/0.0.95/modules/pending/discord_zstd-1.zip: 32%
5/23/2025, 4:43:20 PM GMT-4 [Modules] Streaming discord_zstd@1 to /home/jacovzap/.config/discord/0.0.95/modules/pending/discord_zstd-1.zip: 33%
5/23/2025, 4:43:20 PM GMT-4 [Modules] Streaming discord_zstd@1 to /home/jacovzap/.config/discord/0.0.95/modules/pending/discord_zstd-1.zip: 34%
5/23/2025, 4:43:20 PM GMT-4 [Modules] Streaming discord_zstd@1 to /home/jacovzap/.config/discord/0.0.95/modules/pending/discord_zstd-1.zip: 36%
5/23/2025, 4:43:20 PM GMT-4 [Modules] Streaming discord_zstd@1 to /home/jacovzap/.config/discord/0.0.95/modules/pending/discord_zstd-1.zip: 37%
5/23/2025, 4:43:21 PM GMT-4 [Modules] Streaming discord_zstd@1 to /home/jacovzap/.config/discord/0.0.95/modules/pending/discord_zstd-1.zip: 38%
5/23/2025, 4:43:21 PM GMT-4 [Modules] Streaming discord_zstd@1 to /home/jacovzap/.config/discord/0.0.95/modules/pending/discord_zstd-1.zip: 39%
5/23/2025, 4:43:21 PM GMT-4 [Modules] Streaming discord_zstd@1 to /home/jacovzap/.config/discord/0.0.95/modules/pending/discord_zstd-1.zip: 40%
5/23/2025, 4:43:21 PM GMT-4 [Modules] Streaming discord_zstd@1 to /home/jacovzap/.config/discord/0.0.95/modules/pending/discord_zstd-1.zip: 41%
5/23/2025, 4:43:21 PM GMT-4 [Modules] Streaming discord_zstd@1 to /home/jacovzap/.config/discord/0.0.95/modules/pending/discord_zstd-1.zip: 42%
5/23/2025, 4:43:21 PM GMT-4 [Modules] Streaming discord_zstd@1 to /home/jacovzap/.config/discord/0.0.95/modules/pending/discord_zstd-1.zip: 43%
5/23/2025, 4:43:21 PM GMT-4 [Modules] Streaming discord_zstd@1 to /home/jacovzap/.config/discord/0.0.95/modules/pending/discord_zstd-1.zip: 44%
5/23/2025, 4:43:21 PM GMT-4 [Modules] Streaming discord_zstd@1 to /home/jacovzap/.config/discord/0.0.95/modules/pending/discord_zstd-1.zip: 45%
5/23/2025, 4:43:21 PM GMT-4 [Modules] Streaming discord_zstd@1 to /home/jacovzap/.config/discord/0.0.95/modules/pending/discord_zstd-1.zip: 46%
5/23/2025, 4:43:21 PM GMT-4 [Modules] Streaming discord_zstd@1 to /home/jacovzap/.config/discord/0.0.95/modules/pending/discord_zstd-1.zip: 47%
5/23/2025, 4:43:21 PM GMT-4 [Modules] Streaming discord_zstd@1 to /home/jacovzap/.config/discord/0.0.95/modules/pending/discord_zstd-1.zip: 48%
5/23/2025, 4:43:21 PM GMT-4 [Modules] Streaming discord_zstd@1 to /home/jacovzap/.config/discord/0.0.95/modules/pending/discord_zstd-1.zip: 49%
5/23/2025, 4:43:22 PM GMT-4 [Modules] Streaming discord_zstd@1 to /home/jacovzap/.config/discord/0.0.95/modules/pending/discord_zstd-1.zip: 50%
5/23/2025, 4:43:22 PM GMT-4 [Modules] Streaming discord_zstd@1 to /home/jacovzap/.config/discord/0.0.95/modules/pending/discord_zstd-1.zip: 51%
5/23/2025, 4:43:22 PM GMT-4 [Modules] Streaming discord_zstd@1 to /home/jacovzap/.config/discord/0.0.95/modules/pending/discord_zstd-1.zip: 52%
5/23/2025, 4:43:22 PM GMT-4 [Modules] Streaming discord_zstd@1 to /home/jacovzap/.config/discord/0.0.95/modules/pending/discord_zstd-1.zip: 53%
5/23/2025, 4:43:22 PM GMT-4 [Modules] Streaming discord_zstd@1 to /home/jacovzap/.config/discord/0.0.95/modules/pending/discord_zstd-1.zip: 54%
5/23/2025, 4:43:22 PM GMT-4 [Modules] Streaming discord_zstd@1 to /home/jacovzap/.config/discord/0.0.95/modules/pending/discord_zstd-1.zip: 55%
5/23/2025, 4:43:22 PM GMT-4 [Modules] Streaming discord_zstd@1 to /home/jacovzap/.config/discord/0.0.95/modules/pending/discord_zstd-1.zip: 56%
5/23/2025, 4:43:22 PM GMT-4 [Modules] Streaming discord_zstd@1 to /home/jacovzap/.config/discord/0.0.95/modules/pending/discord_zstd-1.zip: 57%
5/23/2025, 4:43:22 PM GMT-4 [Modules] Streaming discord_zstd@1 to /home/jacovzap/.config/discord/0.0.95/modules/pending/discord_zstd-1.zip: 58%
5/23/2025, 4:43:22 PM GMT-4 [Modules] Streaming discord_zstd@1 to /home/jacovzap/.config/discord/0.0.95/modules/pending/discord_zstd-1.zip: 59%
5/23/2025, 4:43:22 PM GMT-4 [Modules] Streaming discord_zstd@1 to /home/jacovzap/.config/discord/0.0.95/modules/pending/discord_zstd-1.zip: 60%
5/23/2025, 4:43:22 PM GMT-4 [Modules] Streaming discord_zstd@1 to /home/jacovzap/.config/discord/0.0.95/modules/pending/discord_zstd-1.zip: 61%
5/23/2025, 4:43:22 PM GMT-4 [Modules] Streaming discord_zstd@1 to /home/jacovzap/.config/discord/0.0.95/modules/pending/discord_zstd-1.zip: 62%
5/23/2025, 4:43:22 PM GMT-4 [Modules] Streaming discord_zstd@1 to /home/jacovzap/.config/discord/0.0.95/modules/pending/discord_zstd-1.zip: 63%
5/23/2025, 4:43:22 PM GMT-4 [Modules] Streaming discord_zstd@1 to /home/jacovzap/.config/discord/0.0.95/modules/pending/discord_zstd-1.zip: 64%
5/23/2025, 4:43:22 PM GMT-4 [Modules] Streaming discord_zstd@1 to /home/jacovzap/.config/discord/0.0.95/modules/pending/discord_zstd-1.zip: 65%
5/23/2025, 4:43:22 PM GMT-4 [Modules] Streaming discord_zstd@1 to /home/jacovzap/.config/discord/0.0.95/modules/pending/discord_zstd-1.zip: 66%
5/23/2025, 4:43:22 PM GMT-4 [Modules] Streaming discord_zstd@1 to /home/jacovzap/.config/discord/0.0.95/modules/pending/discord_zstd-1.zip: 67%
5/23/2025, 4:43:22 PM GMT-4 [Modules] Streaming discord_zstd@1 to /home/jacovzap/.config/discord/0.0.95/modules/pending/discord_zstd-1.zip: 68%
5/23/2025, 4:43:22 PM GMT-4 [Modules] Streaming discord_zstd@1 to /home/jacovzap/.config/discord/0.0.95/modules/pending/discord_zstd-1.zip: 69%
5/23/2025, 4:43:22 PM GMT-4 [Modules] Streaming discord_zstd@1 to /home/jacovzap/.config/discord/0.0.95/modules/pending/discord_zstd-1.zip: 70%
5/23/2025, 4:43:22 PM GMT-4 [Modules] Streaming discord_zstd@1 to /home/jacovzap/.config/discord/0.0.95/modules/pending/discord_zstd-1.zip: 71%
5/23/2025, 4:43:22 PM GMT-4 [Modules] Streaming discord_zstd@1 to /home/jacovzap/.config/discord/0.0.95/modules/pending/discord_zstd-1.zip: 72%
5/23/2025, 4:43:22 PM GMT-4 [Modules] Streaming discord_zstd@1 to /home/jacovzap/.config/discord/0.0.95/modules/pending/discord_zstd-1.zip: 73%
5/23/2025, 4:43:22 PM GMT-4 [Modules] Streaming discord_zstd@1 to /home/jacovzap/.config/discord/0.0.95/modules/pending/discord_zstd-1.zip: 74%
5/23/2025, 4:43:22 PM GMT-4 [Modules] Streaming discord_zstd@1 to /home/jacovzap/.config/discord/0.0.95/modules/pending/discord_zstd-1.zip: 75%
5/23/2025, 4:43:22 PM GMT-4 [Modules] Streaming discord_zstd@1 to /home/jacovzap/.config/discord/0.0.95/modules/pending/discord_zstd-1.zip: 76%
5/23/2025, 4:43:22 PM GMT-4 [Modules] Streaming discord_zstd@1 to /home/jacovzap/.config/discord/0.0.95/modules/pending/discord_zstd-1.zip: 77%
5/23/2025, 4:43:22 PM GMT-4 [Modules] Streaming discord_zstd@1 to /home/jacovzap/.config/discord/0.0.95/modules/pending/discord_zstd-1.zip: 78%
5/23/2025, 4:43:22 PM GMT-4 [Modules] Streaming discord_zstd@1 to /home/jacovzap/.config/discord/0.0.95/modules/pending/discord_zstd-1.zip: 79%
5/23/2025, 4:43:22 PM GMT-4 [Modules] Streaming discord_zstd@1 to /home/jacovzap/.config/discord/0.0.95/modules/pending/discord_zstd-1.zip: 80%
5/23/2025, 4:43:22 PM GMT-4 [Modules] Streaming discord_zstd@1 to /home/jacovzap/.config/discord/0.0.95/modules/pending/discord_zstd-1.zip: 81%
5/23/2025, 4:43:22 PM GMT-4 [Modules] Streaming discord_zstd@1 to /home/jacovzap/.config/discord/0.0.95/modules/pending/discord_zstd-1.zip: 82%
5/23/2025, 4:43:22 PM GMT-4 [Modules] Streaming discord_zstd@1 to /home/jacovzap/.config/discord/0.0.95/modules/pending/discord_zstd-1.zip: 83%
5/23/2025, 4:43:22 PM GMT-4 [Modules] Streaming discord_zstd@1 to /home/jacovzap/.config/discord/0.0.95/modules/pending/discord_zstd-1.zip: 84%
5/23/2025, 4:43:23 PM GMT-4 [Modules] Streaming discord_zstd@1 to /home/jacovzap/.config/discord/0.0.95/modules/pending/discord_zstd-1.zip: 85%
5/23/2025, 4:43:23 PM GMT-4 [Modules] Streaming discord_zstd@1 to /home/jacovzap/.config/discord/0.0.95/modules/pending/discord_zstd-1.zip: 86%
5/23/2025, 4:43:23 PM GMT-4 [Modules] Streaming discord_zstd@1 to /home/jacovzap/.config/discord/0.0.95/modules/pending/discord_zstd-1.zip: 87%
5/23/2025, 4:43:23 PM GMT-4 [Modules] Streaming discord_zstd@1 to /home/jacovzap/.config/discord/0.0.95/modules/pending/discord_zstd-1.zip: 88%
5/23/2025, 4:43:23 PM GMT-4 [Modules] Streaming discord_zstd@1 to /home/jacovzap/.config/discord/0.0.95/modules/pending/discord_zstd-1.zip: 89%
5/23/2025, 4:43:23 PM GMT-4 [Modules] Streaming discord_zstd@1 to /home/jacovzap/.config/discord/0.0.95/modules/pending/discord_zstd-1.zip: 90%
5/23/2025, 4:43:23 PM GMT-4 [Modules] Streaming discord_zstd@1 to /home/jacovzap/.config/discord/0.0.95/modules/pending/discord_zstd-1.zip: 91%
5/23/2025, 4:43:23 PM GMT-4 [Modules] Streaming discord_zstd@1 to /home/jacovzap/.config/discord/0.0.95/modules/pending/discord_zstd-1.zip: 100%
5/23/2025, 4:43:23 PM GMT-4 [Modules] Finished module downloads. [success: 6] [failure: 0]
5/23/2025, 4:43:23 PM GMT-4 [Modules] Installing updates...
5/23/2025, 4:43:23 PM GMT-4 [Modules] Installing discord_desktop_core@1 from /home/jacovzap/.config/discord/0.0.95/modules/pending/discord_desktop_core-1.zip
5/23/2025, 4:43:23 PM GMT-4 [Modules] Installing discord_erlpack@1 from /home/jacovzap/.config/discord/0.0.95/modules/pending/discord_erlpack-1.zip
5/23/2025, 4:43:23 PM GMT-4 [Modules] Installing discord_spellcheck@1 from /home/jacovzap/.config/discord/0.0.95/modules/pending/discord_spellcheck-1.zip
5/23/2025, 4:43:24 PM GMT-4 [Modules] Installing discord_utils@1 from /home/jacovzap/.config/discord/0.0.95/modules/pending/discord_utils-1.zip
5/23/2025, 4:43:24 PM GMT-4 [Modules] Installing discord_voice@1 from /home/jacovzap/.config/discord/0.0.95/modules/pending/discord_voice-1.zip
5/23/2025, 4:43:25 PM GMT-4 [Modules] Installing discord_zstd@1 from /home/jacovzap/.config/discord/0.0.95/modules/pending/discord_zstd-1.zip
5/23/2025, 4:43:25 PM GMT-4 [Modules] Finished module installations. [success: 6] [failure: 0]
5/23/2025, 4:43:25 PM GMT-4 [Modules] Checking for host updates.
5/23/2025, 4:43:25 PM GMT-4 [Modules] Host is up to date.
5/23/2025, 4:43:25 PM GMT-4 [Modules] Checking for module updates at https://discord.com/api/modules/stable/versions.json
5/23/2025, 4:43:25 PM GMT-4 [Modules] No module updates available.
5/23/2025, 4:43:46 PM GMT-4 [Modules] Starting to install discord_krisp...
5/23/2025, 4:43:46 PM GMT-4 [Modules] Fetching discord_krisp@1 from https://discord.com/api/modules/stable/discord_krisp/1
5/23/2025, 4:43:46 PM GMT-4 [Modules] Streaming discord_krisp@1 to /home/jacovzap/.config/discord/0.0.95/modules/pending/discord_krisp-1.zip
5/23/2025, 4:43:46 PM GMT-4 [Modules] Starting to install discord_game_utils...
5/23/2025, 4:44:01 PM GMT-4 [Modules] Starting to install discord_rpc...
5/23/2025, 4:44:01 PM GMT-4 [Modules] Streaming discord_krisp@1 to /home/jacovzap/.config/discord/0.0.95/modules/pending/discord_krisp-1.zip: 1%
5/23/2025, 4:44:01 PM GMT-4 [Modules] Streaming discord_krisp@1 to /home/jacovzap/.config/discord/0.0.95/modules/pending/discord_krisp-1.zip: 2%
5/23/2025, 4:44:03 PM GMT-4 [Modules] Streaming discord_krisp@1 to /home/jacovzap/.config/discord/0.0.95/modules/pending/discord_krisp-1.zip: 3%
5/23/2025, 4:44:04 PM GMT-4 [Modules] Streaming discord_krisp@1 to /home/jacovzap/.config/discord/0.0.95/modules/pending/discord_krisp-1.zip: 4%
5/23/2025, 4:44:05 PM GMT-4 [Modules] Streaming discord_krisp@1 to /home/jacovzap/.config/discord/0.0.95/modules/pending/discord_krisp-1.zip: 5%
5/23/2025, 4:44:06 PM GMT-4 [Modules] Streaming discord_krisp@1 to /home/jacovzap/.config/discord/0.0.95/modules/pending/discord_krisp-1.zip: 6%
5/23/2025, 4:44:06 PM GMT-4 [Modules] Streaming discord_krisp@1 to /home/jacovzap/.config/discord/0.0.95/modules/pending/discord_krisp-1.zip: 7%
5/23/2025, 4:44:07 PM GMT-4 [Modules] Streaming discord_krisp@1 to /home/jacovzap/.config/discord/0.0.95/modules/pending/discord_krisp-1.zip: 8%
5/23/2025, 4:44:08 PM GMT-4 [Modules] Streaming discord_krisp@1 to /home/jacovzap/.config/discord/0.0.95/modules/pending/discord_krisp-1.zip: 9%
5/23/2025, 4:44:09 PM GMT-4 [Modules] Streaming discord_krisp@1 to /home/jacovzap/.config/discord/0.0.95/modules/pending/discord_krisp-1.zip: 10%
5/23/2025, 4:44:10 PM GMT-4 [Modules] Streaming discord_krisp@1 to /home/jacovzap/.config/discord/0.0.95/modules/pending/discord_krisp-1.zip: 11%
5/23/2025, 4:44:14 PM GMT-4 [Modules] Streaming discord_krisp@1 to /home/jacovzap/.config/discord/0.0.95/modules/pending/discord_krisp-1.zip: 12%
5/23/2025, 4:44:18 PM GMT-4 [Modules] Streaming discord_krisp@1 to /home/jacovzap/.config/discord/0.0.95/modules/pending/discord_krisp-1.zip: 13%
5/23/2025, 4:44:21 PM GMT-4 [Modules] Streaming discord_krisp@1 to /home/jacovzap/.config/discord/0.0.95/modules/pending/discord_krisp-1.zip: 14%
5/23/2025, 4:44:21 PM GMT-4 [Modules] Streaming discord_krisp@1 to /home/jacovzap/.config/discord/0.0.95/modules/pending/discord_krisp-1.zip: 15%
5/23/2025, 4:44:23 PM GMT-4 [Modules] Streaming discord_krisp@1 to /home/jacovzap/.config/discord/0.0.95/modules/pending/discord_krisp-1.zip: 16%
5/23/2025, 4:44:23 PM GMT-4 [Modules] Streaming discord_krisp@1 to /home/jacovzap/.config/discord/0.0.95/modules/pending/discord_krisp-1.zip: 17%
5/23/2025, 4:44:24 PM GMT-4 [Modules] Streaming discord_krisp@1 to /home/jacovzap/.config/discord/0.0.95/modules/pending/discord_krisp-1.zip: 18%
5/23/2025, 4:44:25 PM GMT-4 [Modules] Streaming discord_krisp@1 to /home/jacovzap/.config/discord/0.0.95/modules/pending/discord_krisp-1.zip: 19%
5/23/2025, 4:44:26 PM GMT-4 [Modules] Streaming discord_krisp@1 to /home/jacovzap/.config/discord/0.0.95/modules/pending/discord_krisp-1.zip: 20%
5/23/2025, 4:44:27 PM GMT-4 [Modules] Streaming discord_krisp@1 to /home/jacovzap/.config/discord/0.0.95/modules/pending/discord_krisp-1.zip: 21%
5/23/2025, 4:44:28 PM GMT-4 [Modules] Streaming discord_krisp@1 to /home/jacovzap/.config/discord/0.0.95/modules/pending/discord_krisp-1.zip: 22%
5/23/2025, 4:44:30 PM GMT-4 [Modules] Streaming discord_krisp@1 to /home/jacovzap/.config/discord/0.0.95/modules/pending/discord_krisp-1.zip: 23%
5/23/2025, 4:44:31 PM GMT-4 [Modules] Streaming discord_krisp@1 to /home/jacovzap/.config/discord/0.0.95/modules/pending/discord_krisp-1.zip: 24%
5/23/2025, 4:44:33 PM GMT-4 [Modules] Streaming discord_krisp@1 to /home/jacovzap/.config/discord/0.0.95/modules/pending/discord_krisp-1.zip: 25%
5/23/2025, 4:44:35 PM GMT-4 [Modules] Streaming discord_krisp@1 to /home/jacovzap/.config/discord/0.0.95/modules/pending/discord_krisp-1.zip: 26%
5/23/2025, 4:44:35 PM GMT-4 [Modules] Streaming discord_krisp@1 to /home/jacovzap/.config/discord/0.0.95/modules/pending/discord_krisp-1.zip: 27%
5/23/2025, 4:44:39 PM GMT-4 [Modules] Streaming discord_krisp@1 to /home/jacovzap/.config/discord/0.0.95/modules/pending/discord_krisp-1.zip: 28%
5/23/2025, 4:44:39 PM GMT-4 [Modules] Streaming discord_krisp@1 to /home/jacovzap/.config/discord/0.0.95/modules/pending/discord_krisp-1.zip: 29%
5/23/2025, 4:44:40 PM GMT-4 [Modules] Streaming discord_krisp@1 to /home/jacovzap/.config/discord/0.0.95/modules/pending/discord_krisp-1.zip: 30%
5/23/2025, 4:44:41 PM GMT-4 [Modules] Streaming discord_krisp@1 to /home/jacovzap/.config/discord/0.0.95/modules/pending/discord_krisp-1.zip: 31%
5/23/2025, 4:44:41 PM GMT-4 [Modules] Streaming discord_krisp@1 to /home/jacovzap/.config/discord/0.0.95/modules/pending/discord_krisp-1.zip: 32%
5/23/2025, 4:44:42 PM GMT-4 [Modules] Streaming discord_krisp@1 to /home/jacovzap/.config/discord/0.0.95/modules/pending/discord_krisp-1.zip: 33%
5/23/2025, 4:44:43 PM GMT-4 [Modules] Streaming discord_krisp@1 to /home/jacovzap/.config/discord/0.0.95/modules/pending/discord_krisp-1.zip: 34%
5/23/2025, 4:44:44 PM GMT-4 [Modules] Streaming discord_krisp@1 to /home/jacovzap/.config/discord/0.0.95/modules/pending/discord_krisp-1.zip: 35%
5/23/2025, 4:44:44 PM GMT-4 [Modules] Streaming discord_krisp@1 to /home/jacovzap/.config/discord/0.0.95/modules/pending/discord_krisp-1.zip: 36%
5/23/2025, 4:44:45 PM GMT-4 [Modules] Streaming discord_krisp@1 to /home/jacovzap/.config/discord/0.0.95/modules/pending/discord_krisp-1.zip: 37%
5/23/2025, 4:44:45 PM GMT-4 [Modules] Streaming discord_krisp@1 to /home/jacovzap/.config/discord/0.0.95/modules/pending/discord_krisp-1.zip: 38%
5/23/2025, 4:44:46 PM GMT-4 [Modules] Streaming discord_krisp@1 to /home/jacovzap/.config/discord/0.0.95/modules/pending/discord_krisp-1.zip: 39%
5/23/2025, 4:44:46 PM GMT-4 [Modules] Streaming discord_krisp@1 to /home/jacovzap/.config/discord/0.0.95/modules/pending/discord_krisp-1.zip: 40%
5/23/2025, 4:44:47 PM GMT-4 [Modules] Streaming discord_krisp@1 to /home/jacovzap/.config/discord/0.0.95/modules/pending/discord_krisp-1.zip: 41%
5/23/2025, 4:44:47 PM GMT-4 [Modules] Streaming discord_krisp@1 to /home/jacovzap/.config/discord/0.0.95/modules/pending/discord_krisp-1.zip: 42%
5/23/2025, 4:44:47 PM GMT-4 [Modules] Streaming discord_krisp@1 to /home/jacovzap/.config/discord/0.0.95/modules/pending/discord_krisp-1.zip: 43%
5/23/2025, 4:44:48 PM GMT-4 [Modules] Streaming discord_krisp@1 to /home/jacovzap/.config/discord/0.0.95/modules/pending/discord_krisp-1.zip: 44%
5/23/2025, 4:44:48 PM GMT-4 [Modules] Streaming discord_krisp@1 to /home/jacovzap/.config/discord/0.0.95/modules/pending/discord_krisp-1.zip: 45%
5/23/2025, 4:44:49 PM GMT-4 [Modules] Streaming discord_krisp@1 to /home/jacovzap/.config/discord/0.0.95/modules/pending/discord_krisp-1.zip: 46%
5/23/2025, 4:44:49 PM GMT-4 [Modules] Streaming discord_krisp@1 to /home/jacovzap/.config/discord/0.0.95/modules/pending/discord_krisp-1.zip: 47%
5/23/2025, 4:44:49 PM GMT-4 [Modules] Streaming discord_krisp@1 to /home/jacovzap/.config/discord/0.0.95/modules/pending/discord_krisp-1.zip: 48%
5/23/2025, 4:44:50 PM GMT-4 [Modules] Streaming discord_krisp@1 to /home/jacovzap/.config/discord/0.0.95/modules/pending/discord_krisp-1.zip: 49%
5/23/2025, 4:44:50 PM GMT-4 [Modules] Streaming discord_krisp@1 to /home/jacovzap/.config/discord/0.0.95/modules/pending/discord_krisp-1.zip: 50%
5/23/2025, 4:44:50 PM GMT-4 [Modules] Streaming discord_krisp@1 to /home/jacovzap/.config/discord/0.0.95/modules/pending/discord_krisp-1.zip: 51%
5/23/2025, 4:44:51 PM GMT-4 [Modules] Streaming discord_krisp@1 to /home/jacovzap/.config/discord/0.0.95/modules/pending/discord_krisp-1.zip: 52%
5/23/2025, 4:44:51 PM GMT-4 [Modules] Streaming discord_krisp@1 to /home/jacovzap/.config/discord/0.0.95/modules/pending/discord_krisp-1.zip: 53%
5/23/2025, 4:44:52 PM GMT-4 [Modules] Streaming discord_krisp@1 to /home/jacovzap/.config/discord/0.0.95/modules/pending/discord_krisp-1.zip: 54%
5/23/2025, 4:44:52 PM GMT-4 [Modules] Streaming discord_krisp@1 to /home/jacovzap/.config/discord/0.0.95/modules/pending/discord_krisp-1.zip: 55%
5/23/2025, 4:44:52 PM GMT-4 [Modules] Streaming discord_krisp@1 to /home/jacovzap/.config/discord/0.0.95/modules/pending/discord_krisp-1.zip: 56%
5/23/2025, 4:44:53 PM GMT-4 [Modules] Streaming discord_krisp@1 to /home/jacovzap/.config/discord/0.0.95/modules/pending/discord_krisp-1.zip: 57%
5/23/2025, 4:44:53 PM GMT-4 [Modules] Streaming discord_krisp@1 to /home/jacovzap/.config/discord/0.0.95/modules/pending/discord_krisp-1.zip: 58%
5/23/2025, 4:44:53 PM GMT-4 [Modules] Streaming discord_krisp@1 to /home/jacovzap/.config/discord/0.0.95/modules/pending/discord_krisp-1.zip: 59%
5/23/2025, 4:44:54 PM GMT-4 [Modules] Streaming discord_krisp@1 to /home/jacovzap/.config/discord/0.0.95/modules/pending/discord_krisp-1.zip: 60%
5/23/2025, 4:44:55 PM GMT-4 [Modules] Streaming discord_krisp@1 to /home/jacovzap/.config/discord/0.0.95/modules/pending/discord_krisp-1.zip: 61%
5/23/2025, 4:44:55 PM GMT-4 [Modules] Streaming discord_krisp@1 to /home/jacovzap/.config/discord/0.0.95/modules/pending/discord_krisp-1.zip: 62%
5/23/2025, 4:44:55 PM GMT-4 [Modules] Streaming discord_krisp@1 to /home/jacovzap/.config/discord/0.0.95/modules/pending/discord_krisp-1.zip: 63%
5/23/2025, 4:44:56 PM GMT-4 [Modules] Streaming discord_krisp@1 to /home/jacovzap/.config/discord/0.0.95/modules/pending/discord_krisp-1.zip: 64%
5/23/2025, 4:44:56 PM GMT-4 [Modules] Streaming discord_krisp@1 to /home/jacovzap/.config/discord/0.0.95/modules/pending/discord_krisp-1.zip: 65%
5/23/2025, 4:44:56 PM GMT-4 [Modules] Streaming discord_krisp@1 to /home/jacovzap/.config/discord/0.0.95/modules/pending/discord_krisp-1.zip: 66%
5/23/2025, 4:44:57 PM GMT-4 [Modules] Streaming discord_krisp@1 to /home/jacovzap/.config/discord/0.0.95/modules/pending/discord_krisp-1.zip: 67%
5/23/2025, 4:44:57 PM GMT-4 [Modules] Streaming discord_krisp@1 to /home/jacovzap/.config/discord/0.0.95/modules/pending/discord_krisp-1.zip: 68%
5/23/2025, 4:44:57 PM GMT-4 [Modules] Streaming discord_krisp@1 to /home/jacovzap/.config/discord/0.0.95/modules/pending/discord_krisp-1.zip: 69%
5/23/2025, 4:44:58 PM GMT-4 [Modules] Streaming discord_krisp@1 to /home/jacovzap/.config/discord/0.0.95/modules/pending/discord_krisp-1.zip: 70%
5/23/2025, 4:44:58 PM GMT-4 [Modules] Streaming discord_krisp@1 to /home/jacovzap/.config/discord/0.0.95/modules/pending/discord_krisp-1.zip: 71%
5/23/2025, 4:44:58 PM GMT-4 [Modules] Streaming discord_krisp@1 to /home/jacovzap/.config/discord/0.0.95/modules/pending/discord_krisp-1.zip: 72%
5/23/2025, 4:44:58 PM GMT-4 [Modules] Streaming discord_krisp@1 to /home/jacovzap/.config/discord/0.0.95/modules/pending/discord_krisp-1.zip: 73%
5/23/2025, 4:44:59 PM GMT-4 [Modules] Streaming discord_krisp@1 to /home/jacovzap/.config/discord/0.0.95/modules/pending/discord_krisp-1.zip: 74%
5/23/2025, 4:44:59 PM GMT-4 [Modules] Streaming discord_krisp@1 to /home/jacovzap/.config/discord/0.0.95/modules/pending/discord_krisp-1.zip: 75%
5/23/2025, 4:44:59 PM GMT-4 [Modules] Streaming discord_krisp@1 to /home/jacovzap/.config/discord/0.0.95/modules/pending/discord_krisp-1.zip: 76%
5/23/2025, 4:44:59 PM GMT-4 [Modules] Streaming discord_krisp@1 to /home/jacovzap/.config/discord/0.0.95/modules/pending/discord_krisp-1.zip: 77%
5/23/2025, 4:45:00 PM GMT-4 [Modules] Streaming discord_krisp@1 to /home/jacovzap/.config/discord/0.0.95/modules/pending/discord_krisp-1.zip: 78%
5/23/2025, 4:45:00 PM GMT-4 [Modules] Streaming discord_krisp@1 to /home/jacovzap/.config/discord/0.0.95/modules/pending/discord_krisp-1.zip: 79%
5/23/2025, 4:45:00 PM GMT-4 [Modules] Streaming discord_krisp@1 to /home/jacovzap/.config/discord/0.0.95/modules/pending/discord_krisp-1.zip: 80%
5/23/2025, 4:45:00 PM GMT-4 [Modules] Streaming discord_krisp@1 to /home/jacovzap/.config/discord/0.0.95/modules/pending/discord_krisp-1.zip: 81%
5/23/2025, 4:45:01 PM GMT-4 [Modules] Streaming discord_krisp@1 to /home/jacovzap/.config/discord/0.0.95/modules/pending/discord_krisp-1.zip: 82%
5/23/2025, 4:45:01 PM GMT-4 [Modules] Streaming discord_krisp@1 to /home/jacovzap/.config/discord/0.0.95/modules/pending/discord_krisp-1.zip: 83%
5/23/2025, 4:45:03 PM GMT-4 [Modules] Streaming discord_krisp@1 to /home/jacovzap/.config/discord/0.0.95/modules/pending/discord_krisp-1.zip: 84%
5/23/2025, 4:45:04 PM GMT-4 [Modules] Streaming discord_krisp@1 to /home/jacovzap/.config/discord/0.0.95/modules/pending/discord_krisp-1.zip: 85%
5/23/2025, 4:45:05 PM GMT-4 [Modules] Streaming discord_krisp@1 to /home/jacovzap/.config/discord/0.0.95/modules/pending/discord_krisp-1.zip: 86%
5/23/2025, 4:45:06 PM GMT-4 [Modules] Streaming discord_krisp@1 to /home/jacovzap/.config/discord/0.0.95/modules/pending/discord_krisp-1.zip: 87%
5/23/2025, 4:45:07 PM GMT-4 [Modules] Streaming discord_krisp@1 to /home/jacovzap/.config/discord/0.0.95/modules/pending/discord_krisp-1.zip: 88%
5/23/2025, 4:45:07 PM GMT-4 [Modules] Checking for host updates.
5/23/2025, 4:45:07 PM GMT-4 [Modules] Host is up to date.
5/23/2025, 4:45:07 PM GMT-4 [Modules] Checking for module updates at https://discord.com/api/modules/stable/versions.json
5/23/2025, 4:45:08 PM GMT-4 [Modules] No module updates available.
5/23/2025, 4:45:10 PM GMT-4 [Modules] Streaming discord_krisp@1 to /home/jacovzap/.config/discord/0.0.95/modules/pending/discord_krisp-1.zip: 89%
5/23/2025, 4:45:10 PM GMT-4 [Modules] Streaming discord_krisp@1 to /home/jacovzap/.config/discord/0.0.95/modules/pending/discord_krisp-1.zip: 90%
5/23/2025, 4:45:11 PM GMT-4 [Modules] Streaming discord_krisp@1 to /home/jacovzap/.config/discord/0.0.95/modules/pending/discord_krisp-1.zip: 91%
5/23/2025, 4:45:14 PM GMT-4 [Modules] Streaming discord_krisp@1 to /home/jacovzap/.config/discord/0.0.95/modules/pending/discord_krisp-1.zip: 92%
5/23/2025, 4:45:16 PM GMT-4 [Modules] Streaming discord_krisp@1 to /home/jacovzap/.config/discord/0.0.95/modules/pending/discord_krisp-1.zip: 93%
5/23/2025, 4:45:23 PM GMT-4 [Modules] Streaming discord_krisp@1 to /home/jacovzap/.config/discord/0.0.95/modules/pending/discord_krisp-1.zip: 94%
5/23/2025, 4:45:36 PM GMT-4 [Modules] Streaming discord_krisp@1 to /home/jacovzap/.config/discord/0.0.95/modules/pending/discord_krisp-1.zip: 95%
5/23/2025, 4:45:48 PM GMT-4 [Modules] Modules initializing
5/23/2025, 4:45:48 PM GMT-4 [Modules] Distribution: remote
5/23/2025, 4:45:48 PM GMT-4 [Modules] Host updates: enabled
5/23/2025, 4:45:48 PM GMT-4 [Modules] Module updates: enabled
5/23/2025, 4:45:48 PM GMT-4 [Modules] Module install path: /home/jacovzap/.config/discord/0.0.95/modules
5/23/2025, 4:45:48 PM GMT-4 [Modules] Module installed file path: /home/jacovzap/.config/discord/0.0.95/modules/installed.json
5/23/2025, 4:45:48 PM GMT-4 [Modules] Module download path: /home/jacovzap/.config/discord/0.0.95/modules/pending
5/23/2025, 4:45:48 PM GMT-4 [Modules] No updates to install
5/23/2025, 4:45:48 PM GMT-4 [Modules] Checking for host updates.
5/23/2025, 4:45:48 PM GMT-4 [Modules] Host is up to date.
5/23/2025, 4:45:48 PM GMT-4 [Modules] Checking for module updates at https://discord.com/api/modules/stable/versions.json
5/23/2025, 4:45:48 PM GMT-4 [Modules] No module updates available.
5/23/2025, 4:45:49 PM GMT-4 [Modules] Starting to install discord_krisp...
5/23/2025, 4:45:49 PM GMT-4 [Modules] Fetching discord_krisp@1 from https://discord.com/api/modules/stable/discord_krisp/1
5/23/2025, 4:45:49 PM GMT-4 [Modules] Streaming discord_krisp@1 to /home/jacovzap/.config/discord/0.0.95/modules/pending/discord_krisp-1.zip
5/23/2025, 4:45:49 PM GMT-4 [Modules] Starting to install discord_game_utils...
5/23/2025, 4:45:50 PM GMT-4 [Modules] Starting to install discord_rpc...
5/23/2025, 4:45:51 PM GMT-4 [Modules] Streaming discord_krisp@1 to /home/jacovzap/.config/discord/0.0.95/modules/pending/discord_krisp-1.zip: 2%
5/23/2025, 4:45:51 PM GMT-4 [Modules] Streaming discord_krisp@1 to /home/jacovzap/.config/discord/0.0.95/modules/pending/discord_krisp-1.zip: 8%
5/23/2025, 4:45:51 PM GMT-4 [Modules] Streaming discord_krisp@1 to /home/jacovzap/.config/discord/0.0.95/modules/pending/discord_krisp-1.zip: 11%
5/23/2025, 4:45:51 PM GMT-4 [Modules] Streaming discord_krisp@1 to /home/jacovzap/.config/discord/0.0.95/modules/pending/discord_krisp-1.zip: 16%
5/23/2025, 4:45:51 PM GMT-4 [Modules] Streaming discord_krisp@1 to /home/jacovzap/.config/discord/0.0.95/modules/pending/discord_krisp-1.zip: 20%
5/23/2025, 4:45:51 PM GMT-4 [Modules] Streaming discord_krisp@1 to /home/jacovzap/.config/discord/0.0.95/modules/pending/discord_krisp-1.zip: 25%
5/23/2025, 4:45:51 PM GMT-4 [Modules] Streaming discord_krisp@1 to /home/jacovzap/.config/discord/0.0.95/modules/pending/discord_krisp-1.zip: 29%
5/23/2025, 4:45:51 PM GMT-4 [Modules] Streaming discord_krisp@1 to /home/jacovzap/.config/discord/0.0.95/modules/pending/discord_krisp-1.zip: 33%
5/23/2025, 4:45:51 PM GMT-4 [Modules] Streaming discord_krisp@1 to /home/jacovzap/.config/discord/0.0.95/modules/pending/discord_krisp-1.zip: 38%
5/23/2025, 4:45:51 PM GMT-4 [Modules] Streaming discord_krisp@1 to /home/jacovzap/.config/discord/0.0.95/modules/pending/discord_krisp-1.zip: 41%
5/23/2025, 4:45:51 PM GMT-4 [Modules] Streaming discord_krisp@1 to /home/jacovzap/.config/discord/0.0.95/modules/pending/discord_krisp-1.zip: 46%
5/23/2025, 4:45:51 PM GMT-4 [Modules] Streaming discord_krisp@1 to /home/jacovzap/.config/discord/0.0.95/modules/pending/discord_krisp-1.zip: 50%
5/23/2025, 4:45:51 PM GMT-4 [Modules] Streaming discord_krisp@1 to /home/jacovzap/.config/discord/0.0.95/modules/pending/discord_krisp-1.zip: 55%
5/23/2025, 4:45:51 PM GMT-4 [Modules] Streaming discord_krisp@1 to /home/jacovzap/.config/discord/0.0.95/modules/pending/discord_krisp-1.zip: 58%
5/23/2025, 4:45:51 PM GMT-4 [Modules] Streaming discord_krisp@1 to /home/jacovzap/.config/discord/0.0.95/modules/pending/discord_krisp-1.zip: 64%
5/23/2025, 4:45:51 PM GMT-4 [Modules] Streaming discord_krisp@1 to /home/jacovzap/.config/discord/0.0.95/modules/pending/discord_krisp-1.zip: 67%
5/23/2025, 4:45:51 PM GMT-4 [Modules] Streaming discord_krisp@1 to /home/jacovzap/.config/discord/0.0.95/modules/pending/discord_krisp-1.zip: 75%
5/23/2025, 4:45:51 PM GMT-4 [Modules] Streaming discord_krisp@1 to /home/jacovzap/.config/discord/0.0.95/modules/pending/discord_krisp-1.zip: 76%
5/23/2025, 4:45:51 PM GMT-4 [Modules] Streaming discord_krisp@1 to /home/jacovzap/.config/discord/0.0.95/modules/pending/discord_krisp-1.zip: 78%
5/23/2025, 4:45:51 PM GMT-4 [Modules] Streaming discord_krisp@1 to /home/jacovzap/.config/discord/0.0.95/modules/pending/discord_krisp-1.zip: 83%
5/23/2025, 4:45:51 PM GMT-4 [Modules] Streaming discord_krisp@1 to /home/jacovzap/.config/discord/0.0.95/modules/pending/discord_krisp-1.zip: 87%
5/23/2025, 4:45:51 PM GMT-4 [Modules] Streaming discord_krisp@1 to /home/jacovzap/.config/discord/0.0.95/modules/pending/discord_krisp-1.zip: 92%
5/23/2025, 4:45:51 PM GMT-4 [Modules] Streaming discord_krisp@1 to /home/jacovzap/.config/discord/0.0.95/modules/pending/discord_krisp-1.zip: 95%
5/23/2025, 4:45:52 PM GMT-4 [Modules] Streaming discord_krisp@1 to /home/jacovzap/.config/discord/0.0.95/modules/pending/discord_krisp-1.zip: 96%
5/23/2025, 4:45:54 PM GMT-4 [Modules] Streaming discord_krisp@1 to /home/jacovzap/.config/discord/0.0.95/modules/pending/discord_krisp-1.zip: 97%
5/23/2025, 4:45:54 PM GMT-4 [Modules] Checking for host updates.
5/23/2025, 4:45:55 PM GMT-4 [Modules] Host is up to date.
5/23/2025, 4:45:55 PM GMT-4 [Modules] Checking for module updates at https://discord.com/api/modules/stable/versions.json
5/23/2025, 4:45:55 PM GMT-4 [Modules] No module updates available.
5/23/2025, 4:45:55 PM GMT-4 [Modules] Streaming discord_krisp@1 to /home/jacovzap/.config/discord/0.0.95/modules/pending/discord_krisp-1.zip: 98%
5/23/2025, 4:45:56 PM GMT-4 [Modules] Streaming discord_krisp@1 to /home/jacovzap/.config/discord/0.0.95/modules/pending/discord_krisp-1.zip: 99%
5/23/2025, 4:45:58 PM GMT-4 [Modules] Streaming discord_krisp@1 to /home/jacovzap/.config/discord/0.0.95/modules/pending/discord_krisp-1.zip: 100%
5/23/2025, 4:45:58 PM GMT-4 [Modules] Fetching discord_game_utils@1 from https://discord.com/api/modules/stable/discord_game_utils/1
5/23/2025, 4:45:58 PM GMT-4 [Modules] Streaming discord_game_utils@1 to /home/jacovzap/.config/discord/0.0.95/modules/pending/discord_game_utils-1.zip
5/23/2025, 4:45:58 PM GMT-4 [Modules] Installing discord_krisp@1 from /home/jacovzap/.config/discord/0.0.95/modules/pending/discord_krisp-1.zip
5/23/2025, 4:45:59 PM GMT-4 [Modules] Finished module installations. [success: 1] [failure: 0]
5/23/2025, 4:45:59 PM GMT-4 [Modules] Streaming discord_game_utils@1 to /home/jacovzap/.config/discord/0.0.95/modules/pending/discord_game_utils-1.zip: 1%
5/23/2025, 4:46:00 PM GMT-4 [Modules] Streaming discord_game_utils@1 to /home/jacovzap/.config/discord/0.0.95/modules/pending/discord_game_utils-1.zip: 2%
5/23/2025, 4:46:00 PM GMT-4 [Modules] Streaming discord_game_utils@1 to /home/jacovzap/.config/discord/0.0.95/modules/pending/discord_game_utils-1.zip: 3%
5/23/2025, 4:46:00 PM GMT-4 [Modules] Streaming discord_game_utils@1 to /home/jacovzap/.config/discord/0.0.95/modules/pending/discord_game_utils-1.zip: 4%
5/23/2025, 4:46:01 PM GMT-4 [Modules] Streaming discord_game_utils@1 to /home/jacovzap/.config/discord/0.0.95/modules/pending/discord_game_utils-1.zip: 5%
5/23/2025, 4:46:01 PM GMT-4 [Modules] Streaming discord_game_utils@1 to /home/jacovzap/.config/discord/0.0.95/modules/pending/discord_game_utils-1.zip: 6%
5/23/2025, 4:46:02 PM GMT-4 [Modules] Streaming discord_game_utils@1 to /home/jacovzap/.config/discord/0.0.95/modules/pending/discord_game_utils-1.zip: 7%
5/23/2025, 4:46:02 PM GMT-4 [Modules] Streaming discord_game_utils@1 to /home/jacovzap/.config/discord/0.0.95/modules/pending/discord_game_utils-1.zip: 8%
5/23/2025, 4:46:03 PM GMT-4 [Modules] Streaming discord_game_utils@1 to /home/jacovzap/.config/discord/0.0.95/modules/pending/discord_game_utils-1.zip: 9%
5/23/2025, 4:46:03 PM GMT-4 [Modules] Streaming discord_game_utils@1 to /home/jacovzap/.config/discord/0.0.95/modules/pending/discord_game_utils-1.zip: 10%
5/23/2025, 4:46:04 PM GMT-4 [Modules] Streaming discord_game_utils@1 to /home/jacovzap/.config/discord/0.0.95/modules/pending/discord_game_utils-1.zip: 11%
5/23/2025, 4:46:04 PM GMT-4 [Modules] Streaming discord_game_utils@1 to /home/jacovzap/.config/discord/0.0.95/modules/pending/discord_game_utils-1.zip: 12%
5/23/2025, 4:46:04 PM GMT-4 [Modules] Streaming discord_game_utils@1 to /home/jacovzap/.config/discord/0.0.95/modules/pending/discord_game_utils-1.zip: 13%
5/23/2025, 4:46:05 PM GMT-4 [Modules] Streaming discord_game_utils@1 to /home/jacovzap/.config/discord/0.0.95/modules/pending/discord_game_utils-1.zip: 14%
5/23/2025, 4:46:05 PM GMT-4 [Modules] Streaming discord_game_utils@1 to /home/jacovzap/.config/discord/0.0.95/modules/pending/discord_game_utils-1.zip: 15%
5/23/2025, 4:46:05 PM GMT-4 [Modules] Streaming discord_game_utils@1 to /home/jacovzap/.config/discord/0.0.95/modules/pending/discord_game_utils-1.zip: 16%
5/23/2025, 4:46:06 PM GMT-4 [Modules] Streaming discord_game_utils@1 to /home/jacovzap/.config/discord/0.0.95/modules/pending/discord_game_utils-1.zip: 17%
5/23/2025, 4:46:06 PM GMT-4 [Modules] Streaming discord_game_utils@1 to /home/jacovzap/.config/discord/0.0.95/modules/pending/discord_game_utils-1.zip: 18%
5/23/2025, 4:46:06 PM GMT-4 [Modules] Streaming discord_game_utils@1 to /home/jacovzap/.config/discord/0.0.95/modules/pending/discord_game_utils-1.zip: 19%
5/23/2025, 4:46:06 PM GMT-4 [Modules] Streaming discord_game_utils@1 to /home/jacovzap/.config/discord/0.0.95/modules/pending/discord_game_utils-1.zip: 20%
5/23/2025, 4:46:07 PM GMT-4 [Modules] Streaming discord_game_utils@1 to /home/jacovzap/.config/discord/0.0.95/modules/pending/discord_game_utils-1.zip: 21%
5/23/2025, 4:46:07 PM GMT-4 [Modules] Streaming discord_game_utils@1 to /home/jacovzap/.config/discord/0.0.95/modules/pending/discord_game_utils-1.zip: 22%
5/23/2025, 4:46:07 PM GMT-4 [Modules] Streaming discord_game_utils@1 to /home/jacovzap/.config/discord/0.0.95/modules/pending/discord_game_utils-1.zip: 23%
5/23/2025, 4:46:08 PM GMT-4 [Modules] Streaming discord_game_utils@1 to /home/jacovzap/.config/discord/0.0.95/modules/pending/discord_game_utils-1.zip: 24%
5/23/2025, 4:46:08 PM GMT-4 [Modules] Streaming discord_game_utils@1 to /home/jacovzap/.config/discord/0.0.95/modules/pending/discord_game_utils-1.zip: 25%
5/23/2025, 4:46:08 PM GMT-4 [Modules] Streaming discord_game_utils@1 to /home/jacovzap/.config/discord/0.0.95/modules/pending/discord_game_utils-1.zip: 26%
5/23/2025, 4:46:08 PM GMT-4 [Modules] Streaming discord_game_utils@1 to /home/jacovzap/.config/discord/0.0.95/modules/pending/discord_game_utils-1.zip: 27%
5/23/2025, 4:46:09 PM GMT-4 [Modules] Streaming discord_game_utils@1 to /home/jacovzap/.config/discord/0.0.95/modules/pending/discord_game_utils-1.zip: 28%
5/23/2025, 4:46:09 PM GMT-4 [Modules] Streaming discord_game_utils@1 to /home/jacovzap/.config/discord/0.0.95/modules/pending/discord_game_utils-1.zip: 29%
5/23/2025, 4:46:09 PM GMT-4 [Modules] Streaming discord_game_utils@1 to /home/jacovzap/.config/discord/0.0.95/modules/pending/discord_game_utils-1.zip: 30%
5/23/2025, 4:46:10 PM GMT-4 [Modules] Streaming discord_game_utils@1 to /home/jacovzap/.config/discord/0.0.95/modules/pending/discord_game_utils-1.zip: 32%
5/23/2025, 4:46:10 PM GMT-4 [Modules] Streaming discord_game_utils@1 to /home/jacovzap/.config/discord/0.0.95/modules/pending/discord_game_utils-1.zip: 33%
5/23/2025, 4:46:11 PM GMT-4 [Modules] Streaming discord_game_utils@1 to /home/jacovzap/.config/discord/0.0.95/modules/pending/discord_game_utils-1.zip: 34%
5/23/2025, 4:46:11 PM GMT-4 [Modules] Streaming discord_game_utils@1 to /home/jacovzap/.config/discord/0.0.95/modules/pending/discord_game_utils-1.zip: 35%
5/23/2025, 4:46:11 PM GMT-4 [Modules] Streaming discord_game_utils@1 to /home/jacovzap/.config/discord/0.0.95/modules/pending/discord_game_utils-1.zip: 36%
5/23/2025, 4:46:11 PM GMT-4 [Modules] Streaming discord_game_utils@1 to /home/jacovzap/.config/discord/0.0.95/modules/pending/discord_game_utils-1.zip: 37%
5/23/2025, 4:46:11 PM GMT-4 [Modules] Streaming discord_game_utils@1 to /home/jacovzap/.config/discord/0.0.95/modules/pending/discord_game_utils-1.zip: 38%
5/23/2025, 4:46:11 PM GMT-4 [Modules] Streaming discord_game_utils@1 to /home/jacovzap/.config/discord/0.0.95/modules/pending/discord_game_utils-1.zip: 39%
5/23/2025, 4:46:12 PM GMT-4 [Modules] Streaming discord_game_utils@1 to /home/jacovzap/.config/discord/0.0.95/modules/pending/discord_game_utils-1.zip: 40%
5/23/2025, 4:46:12 PM GMT-4 [Modules] Streaming discord_game_utils@1 to /home/jacovzap/.config/discord/0.0.95/modules/pending/discord_game_utils-1.zip: 41%
5/23/2025, 4:46:12 PM GMT-4 [Modules] Streaming discord_game_utils@1 to /home/jacovzap/.config/discord/0.0.95/modules/pending/discord_game_utils-1.zip: 42%
5/23/2025, 4:46:12 PM GMT-4 [Modules] Streaming discord_game_utils@1 to /home/jacovzap/.config/discord/0.0.95/modules/pending/discord_game_utils-1.zip: 43%
5/23/2025, 4:46:13 PM GMT-4 [Modules] Streaming discord_game_utils@1 to /home/jacovzap/.config/discord/0.0.95/modules/pending/discord_game_utils-1.zip: 44%
5/23/2025, 4:46:13 PM GMT-4 [Modules] Streaming discord_game_utils@1 to /home/jacovzap/.config/discord/0.0.95/modules/pending/discord_game_utils-1.zip: 45%
5/23/2025, 4:46:13 PM GMT-4 [Modules] Streaming discord_game_utils@1 to /home/jacovzap/.config/discord/0.0.95/modules/pending/discord_game_utils-1.zip: 46%
5/23/2025, 4:46:13 PM GMT-4 [Modules] Streaming discord_game_utils@1 to /home/jacovzap/.config/discord/0.0.95/modules/pending/discord_game_utils-1.zip: 47%
5/23/2025, 4:46:14 PM GMT-4 [Modules] Streaming discord_game_utils@1 to /home/jacovzap/.config/discord/0.0.95/modules/pending/discord_game_utils-1.zip: 48%
5/23/2025, 4:46:14 PM GMT-4 [Modules] Streaming discord_game_utils@1 to /home/jacovzap/.config/discord/0.0.95/modules/pending/discord_game_utils-1.zip: 50%
5/23/2025, 4:46:15 PM GMT-4 [Modules] Streaming discord_game_utils@1 to /home/jacovzap/.config/discord/0.0.95/modules/pending/discord_game_utils-1.zip: 51%
5/23/2025, 4:46:15 PM GMT-4 [Modules] Streaming discord_game_utils@1 to /home/jacovzap/.config/discord/0.0.95/modules/pending/discord_game_utils-1.zip: 52%
5/23/2025, 4:46:16 PM GMT-4 [Modules] Streaming discord_game_utils@1 to /home/jacovzap/.config/discord/0.0.95/modules/pending/discord_game_utils-1.zip: 53%
5/23/2025, 4:46:16 PM GMT-4 [Modules] Streaming discord_game_utils@1 to /home/jacovzap/.config/discord/0.0.95/modules/pending/discord_game_utils-1.zip: 54%
5/23/2025, 4:46:16 PM GMT-4 [Modules] Streaming discord_game_utils@1 to /home/jacovzap/.config/discord/0.0.95/modules/pending/discord_game_utils-1.zip: 55%
5/23/2025, 4:46:17 PM GMT-4 [Modules] Streaming discord_game_utils@1 to /home/jacovzap/.config/discord/0.0.95/modules/pending/discord_game_utils-1.zip: 56%
5/23/2025, 4:46:18 PM GMT-4 [Modules] Streaming discord_game_utils@1 to /home/jacovzap/.config/discord/0.0.95/modules/pending/discord_game_utils-1.zip: 57%
5/23/2025, 4:46:19 PM GMT-4 [Modules] Streaming discord_game_utils@1 to /home/jacovzap/.config/discord/0.0.95/modules/pending/discord_game_utils-1.zip: 58%
5/23/2025, 4:46:20 PM GMT-4 [Modules] Streaming discord_game_utils@1 to /home/jacovzap/.config/discord/0.0.95/modules/pending/discord_game_utils-1.zip: 59%
5/23/2025, 4:46:21 PM GMT-4 [Modules] Streaming discord_game_utils@1 to /home/jacovzap/.config/discord/0.0.95/modules/pending/discord_game_utils-1.zip: 60%
5/23/2025, 4:46:21 PM GMT-4 [Modules] Streaming discord_game_utils@1 to /home/jacovzap/.config/discord/0.0.95/modules/pending/discord_game_utils-1.zip: 61%
5/23/2025, 4:46:22 PM GMT-4 [Modules] Streaming discord_game_utils@1 to /home/jacovzap/.config/discord/0.0.95/modules/pending/discord_game_utils-1.zip: 62%
5/23/2025, 4:46:22 PM GMT-4 [Modules] Streaming discord_game_utils@1 to /home/jacovzap/.config/discord/0.0.95/modules/pending/discord_game_utils-1.zip: 63%
5/23/2025, 4:46:22 PM GMT-4 [Modules] Streaming discord_game_utils@1 to /home/jacovzap/.config/discord/0.0.95/modules/pending/discord_game_utils-1.zip: 64%
5/23/2025, 4:46:22 PM GMT-4 [Modules] Streaming discord_game_utils@1 to /home/jacovzap/.config/discord/0.0.95/modules/pending/discord_game_utils-1.zip: 65%
5/23/2025, 4:46:23 PM GMT-4 [Modules] Streaming discord_game_utils@1 to /home/jacovzap/.config/discord/0.0.95/modules/pending/discord_game_utils-1.zip: 66%
5/23/2025, 4:46:23 PM GMT-4 [Modules] Streaming discord_game_utils@1 to /home/jacovzap/.config/discord/0.0.95/modules/pending/discord_game_utils-1.zip: 67%
5/23/2025, 4:46:23 PM GMT-4 [Modules] Streaming discord_game_utils@1 to /home/jacovzap/.config/discord/0.0.95/modules/pending/discord_game_utils-1.zip: 68%
5/23/2025, 4:46:23 PM GMT-4 [Modules] Streaming discord_game_utils@1 to /home/jacovzap/.config/discord/0.0.95/modules/pending/discord_game_utils-1.zip: 69%
5/23/2025, 4:46:24 PM GMT-4 [Modules] Streaming discord_game_utils@1 to /home/jacovzap/.config/discord/0.0.95/modules/pending/discord_game_utils-1.zip: 70%
5/23/2025, 4:46:24 PM GMT-4 [Modules] Streaming discord_game_utils@1 to /home/jacovzap/.config/discord/0.0.95/modules/pending/discord_game_utils-1.zip: 71%
5/23/2025, 4:46:24 PM GMT-4 [Modules] Streaming discord_game_utils@1 to /home/jacovzap/.config/discord/0.0.95/modules/pending/discord_game_utils-1.zip: 72%
5/23/2025, 4:46:24 PM GMT-4 [Modules] Streaming discord_game_utils@1 to /home/jacovzap/.config/discord/0.0.95/modules/pending/discord_game_utils-1.zip: 73%
5/23/2025, 4:46:25 PM GMT-4 [Modules] Streaming discord_game_utils@1 to /home/jacovzap/.config/discord/0.0.95/modules/pending/discord_game_utils-1.zip: 74%
5/23/2025, 4:46:25 PM GMT-4 [Modules] Streaming discord_game_utils@1 to /home/jacovzap/.config/discord/0.0.95/modules/pending/discord_game_utils-1.zip: 75%
5/23/2025, 4:46:25 PM GMT-4 [Modules] Streaming discord_game_utils@1 to /home/jacovzap/.config/discord/0.0.95/modules/pending/discord_game_utils-1.zip: 76%
5/23/2025, 4:46:26 PM GMT-4 [Modules] Streaming discord_game_utils@1 to /home/jacovzap/.config/discord/0.0.95/modules/pending/discord_game_utils-1.zip: 77%
5/23/2025, 4:46:26 PM GMT-4 [Modules] Streaming discord_game_utils@1 to /home/jacovzap/.config/discord/0.0.95/modules/pending/discord_game_utils-1.zip: 78%
5/23/2025, 4:46:26 PM GMT-4 [Modules] Streaming discord_game_utils@1 to /home/jacovzap/.config/discord/0.0.95/modules/pending/discord_game_utils-1.zip: 79%
5/23/2025, 4:46:26 PM GMT-4 [Modules] Streaming discord_game_utils@1 to /home/jacovzap/.config/discord/0.0.95/modules/pending/discord_game_utils-1.zip: 81%
5/23/2025, 4:46:26 PM GMT-4 [Modules] Streaming discord_game_utils@1 to /home/jacovzap/.config/discord/0.0.95/modules/pending/discord_game_utils-1.zip: 82%
5/23/2025, 4:46:27 PM GMT-4 [Modules] Streaming discord_game_utils@1 to /home/jacovzap/.config/discord/0.0.95/modules/pending/discord_game_utils-1.zip: 83%
5/23/2025, 4:46:27 PM GMT-4 [Modules] Streaming discord_game_utils@1 to /home/jacovzap/.config/discord/0.0.95/modules/pending/discord_game_utils-1.zip: 84%
5/23/2025, 4:46:27 PM GMT-4 [Modules] Streaming discord_game_utils@1 to /home/jacovzap/.config/discord/0.0.95/modules/pending/discord_game_utils-1.zip: 85%
5/23/2025, 4:46:29 PM GMT-4 [Modules] Streaming discord_game_utils@1 to /home/jacovzap/.config/discord/0.0.95/modules/pending/discord_game_utils-1.zip: 87%
5/23/2025, 4:46:30 PM GMT-4 [Modules] Streaming discord_game_utils@1 to /home/jacovzap/.config/discord/0.0.95/modules/pending/discord_game_utils-1.zip: 89%
5/23/2025, 4:46:31 PM GMT-4 [Modules] Streaming discord_game_utils@1 to /home/jacovzap/.config/discord/0.0.95/modules/pending/discord_game_utils-1.zip: 90%
5/23/2025, 4:46:32 PM GMT-4 [Modules] Streaming discord_game_utils@1 to /home/jacovzap/.config/discord/0.0.95/modules/pending/discord_game_utils-1.zip: 92%
5/23/2025, 4:46:32 PM GMT-4 [Modules] Streaming discord_game_utils@1 to /home/jacovzap/.config/discord/0.0.95/modules/pending/discord_game_utils-1.zip: 93%
5/23/2025, 4:46:33 PM GMT-4 [Modules] Streaming discord_game_utils@1 to /home/jacovzap/.config/discord/0.0.95/modules/pending/discord_game_utils-1.zip: 94%
5/23/2025, 4:46:34 PM GMT-4 [Modules] Streaming discord_game_utils@1 to /home/jacovzap/.config/discord/0.0.95/modules/pending/discord_game_utils-1.zip: 96%
5/23/2025, 4:46:35 PM GMT-4 [Modules] Streaming discord_game_utils@1 to /home/jacovzap/.config/discord/0.0.95/modules/pending/discord_game_utils-1.zip: 97%
5/23/2025, 4:46:35 PM GMT-4 [Modules] Streaming discord_game_utils@1 to /home/jacovzap/.config/discord/0.0.95/modules/pending/discord_game_utils-1.zip: 99%
5/23/2025, 4:46:35 PM GMT-4 [Modules] Streaming discord_game_utils@1 to /home/jacovzap/.config/discord/0.0.95/modules/pending/discord_game_utils-1.zip: 100%
5/23/2025, 4:46:35 PM GMT-4 [Modules] Fetching discord_rpc@1 from https://discord.com/api/modules/stable/discord_rpc/1
5/23/2025, 4:46:35 PM GMT-4 [Modules] Streaming discord_rpc@1 to /home/jacovzap/.config/discord/0.0.95/modules/pending/discord_rpc-1.zip
5/23/2025, 4:46:35 PM GMT-4 [Modules] Installing discord_game_utils@1 from /home/jacovzap/.config/discord/0.0.95/modules/pending/discord_game_utils-1.zip
5/23/2025, 4:46:35 PM GMT-4 [Modules] Finished module installations. [success: 1] [failure: 0]
5/23/2025, 4:46:39 PM GMT-4 [Modules] Streaming discord_rpc@1 to /home/jacovzap/.config/discord/0.0.95/modules/pending/discord_rpc-1.zip: 26%
5/23/2025, 4:46:39 PM GMT-4 [Modules] Streaming discord_rpc@1 to /home/jacovzap/.config/discord/0.0.95/modules/pending/discord_rpc-1.zip: 100%
5/23/2025, 4:46:39 PM GMT-4 [Modules] Finished module downloads. [success: 3] [failure: 0]
5/23/2025, 4:46:39 PM GMT-4 [Modules] Installing discord_rpc@1 from /home/jacovzap/.config/discord/0.0.95/modules/pending/discord_rpc-1.zip
5/23/2025, 4:46:39 PM GMT-4 [Modules] Finished module installations. [success: 1] [failure: 0]
5/23/2025, 5:45:54 PM GMT-4 [Modules] Checking for host updates.
5/23/2025, 5:45:54 PM GMT-4 [Modules] Host is up to date.
5/23/2025, 5:45:54 PM GMT-4 [Modules] Checking for module updates at https://discord.com/api/modules/stable/versions.json
5/23/2025, 5:45:55 PM GMT-4 [Modules] No module updates available.
5/23/2025, 6:45:54 PM GMT-4 [Modules] Checking for host updates.
5/23/2025, 6:45:55 PM GMT-4 [Modules] Host is up to date.
5/23/2025, 6:45:55 PM GMT-4 [Modules] Checking for module updates at https://discord.com/api/modules/stable/versions.json
5/23/2025, 6:45:55 PM GMT-4 [Modules] No module updates available.
5/23/2025, 7:45:54 PM GMT-4 [Modules] Checking for host updates.
5/23/2025, 7:45:55 PM GMT-4 [Modules] Host is up to date.
5/23/2025, 7:45:55 PM GMT-4 [Modules] Checking for module updates at https://discord.com/api/modules/stable/versions.json
5/23/2025, 7:45:56 PM GMT-4 [Modules] No module updates available.
5/23/2025, 8:45:54 PM GMT-4 [Modules] Checking for host updates.
5/23/2025, 8:45:56 PM GMT-4 [Modules] Host is up to date.
5/23/2025, 8:45:56 PM GMT-4 [Modules] Checking for module updates at https://discord.com/api/modules/stable/versions.json
5/23/2025, 8:45:57 PM GMT-4 [Modules] No module updates available.
5/23/2025, 9:36:40 PM GMT-4 [Modules] Checking for host updates.
5/23/2025, 9:36:48 PM GMT-4 [Modules] Host is up to date.
5/23/2025, 9:36:48 PM GMT-4 [Modules] Checking for module updates at https://discord.com/api/modules/stable/versions.json
5/23/2025, 9:36:57 PM GMT-4 [Modules] No module updates available.
5/23/2025, 9:45:54 PM GMT-4 [Modules] Checking for host updates.
5/23/2025, 9:45:55 PM GMT-4 [Modules] Host is up to date.
5/23/2025, 9:45:55 PM GMT-4 [Modules] Checking for module updates at https://discord.com/api/modules/stable/versions.json
5/23/2025, 9:45:55 PM GMT-4 [Modules] No module updates available.
5/23/2025, 9:51:47 PM GMT-4 [Modules] Modules initializing
5/23/2025, 9:51:47 PM GMT-4 [Modules] Distribution: remote
5/23/2025, 9:51:47 PM GMT-4 [Modules] Host updates: enabled
5/23/2025, 9:51:47 PM GMT-4 [Modules] Module updates: enabled
5/23/2025, 9:51:47 PM GMT-4 [Modules] Module install path: /home/jacovzap/.config/discord/0.0.95/modules
5/23/2025, 9:51:47 PM GMT-4 [Modules] Module installed file path: /home/jacovzap/.config/discord/0.0.95/modules/installed.json
5/23/2025, 9:51:47 PM GMT-4 [Modules] Module download path: /home/jacovzap/.config/discord/0.0.95/modules/pending
5/23/2025, 9:51:47 PM GMT-4 [Modules] No updates to install
5/23/2025, 9:51:47 PM GMT-4 [Modules] Checking for host updates.
5/23/2025, 9:51:47 PM GMT-4 [Modules] Host update failed: Error: getaddrinfo EAI_AGAIN discord.com
5/23/2025, 9:51:57 PM GMT-4 [Modules] Checking for host updates.
5/23/2025, 9:51:58 PM GMT-4 [Modules] Host update failed: Error: getaddrinfo EAI_AGAIN discord.com
5/23/2025, 9:54:15 PM GMT-4 [Modules] Modules initializing
5/23/2025, 9:54:15 PM GMT-4 [Modules] Distribution: remote
5/23/2025, 9:54:15 PM GMT-4 [Modules] Host updates: enabled
5/23/2025, 9:54:15 PM GMT-4 [Modules] Module updates: enabled
5/23/2025, 9:54:15 PM GMT-4 [Modules] Module install path: /home/jacovzap/.config/discord/0.0.95/modules
5/23/2025, 9:54:15 PM GMT-4 [Modules] Module installed file path: /home/jacovzap/.config/discord/0.0.95/modules/installed.json
5/23/2025, 9:54:15 PM GMT-4 [Modules] Module download path: /home/jacovzap/.config/discord/0.0.95/modules/pending
5/23/2025, 9:54:15 PM GMT-4 [Modules] No updates to install
5/23/2025, 9:54:15 PM GMT-4 [Modules] Checking for host updates.
5/23/2025, 9:54:16 PM GMT-4 [Modules] Host is up to date.
5/23/2025, 9:54:16 PM GMT-4 [Modules] Checking for module updates at https://discord.com/api/modules/stable/versions.json
5/23/2025, 9:54:16 PM GMT-4 [Modules] No module updates available.
5/23/2025, 9:54:28 PM GMT-4 [Modules] Checking for host updates.
5/23/2025, 9:54:28 PM GMT-4 [Modules] Host is up to date.
5/23/2025, 9:54:28 PM GMT-4 [Modules] Checking for module updates at https://discord.com/api/modules/stable/versions.json
5/23/2025, 9:54:28 PM GMT-4 [Modules] No module updates available.
5/23/2025, 10:54:28 PM GMT-4 [Modules] Checking for host updates.
5/23/2025, 10:54:28 PM GMT-4 [Modules] Host is up to date.
5/23/2025, 10:54:28 PM GMT-4 [Modules] Checking for module updates at https://discord.com/api/modules/stable/versions.json
5/23/2025, 10:54:29 PM GMT-4 [Modules] No module updates available.
