[2025-05-23 16:39:15.095] [info]  DiscordSplash.signalReady
[2025-05-23 16:39:15.266] [info]  DiscordSplash.onStateUpdate: {"status":"installing-updates","current":1,"total":6}
[2025-05-23 16:39:15.266] [info]  Splash.onStateUpdate: {"status":"installing-updates","current":1,"total":6}
[2025-05-23 16:39:15.268] [info]  DiscordSplash.onStateUpdate: {"status":"installing-updates","current":2,"total":6}
[2025-05-23 16:39:15.269] [info]  Splash.onStateUpdate: {"status":"installing-updates","current":2,"total":6}
[2025-05-23 16:39:15.269] [info]  DiscordSplash.onStateUpdate: {"status":"installing-updates","current":3,"total":6}
[2025-05-23 16:39:15.269] [info]  Splash.onStateUpdate: {"status":"installing-updates","current":3,"total":6}
[2025-05-23 16:39:15.269] [info]  DiscordSplash.onStateUpdate: {"status":"installing-updates","current":4,"total":6}
[2025-05-23 16:39:15.269] [info]  Splash.onStateUpdate: {"status":"installing-updates","current":4,"total":6}
[2025-05-23 16:39:15.269] [info]  DiscordSplash.onStateUpdate: {"status":"installing-updates","current":5,"total":6}
[2025-05-23 16:39:15.270] [info]  Splash.onStateUpdate: {"status":"installing-updates","current":5,"total":6}
[2025-05-23 16:39:15.270] [info]  DiscordSplash.onStateUpdate: {"status":"installing-updates","current":6,"total":6}
[2025-05-23 16:39:15.270] [info]  Splash.onStateUpdate: {"status":"installing-updates","current":6,"total":6}
[2025-05-23 16:39:15.270] [info]  DiscordSplash.onStateUpdate: {"status":"checking-for-updates","current":6,"total":6}
[2025-05-23 16:39:15.270] [info]  Splash.onStateUpdate: {"status":"checking-for-updates","current":6,"total":6}
[2025-05-23 16:39:15.630] [info]  DiscordSplash.onStateUpdate: {"status":"downloading-updates","current":1,"total":6}
[2025-05-23 16:39:15.630] [info]  Splash.onStateUpdate: {"status":"downloading-updates","current":1,"total":6}
[2025-05-23 16:39:16.095] [info]  Splash.updateCountdownSeconds: undefined
[2025-05-23 16:39:17.095] [info]  Splash.updateCountdownSeconds: undefined
[2025-05-23 16:39:18.095] [info]  Splash.updateCountdownSeconds: undefined
[2025-05-23 16:39:19.095] [info]  Splash.updateCountdownSeconds: undefined
[2025-05-23 16:39:19.383] [info]  DiscordSplash.onStateUpdate: {"status":"downloading-updates","current":1,"total":6,"progress":2}
[2025-05-23 16:39:19.384] [info]  Splash.onStateUpdate: {"status":"downloading-updates","current":1,"total":6,"progress":2}
[2025-05-23 16:39:20.095] [info]  Splash.updateCountdownSeconds: undefined
[2025-05-23 16:39:20.250] [info]  DiscordSplash.onStateUpdate: {"status":"downloading-updates","current":1,"total":6,"progress":3}
[2025-05-23 16:39:20.250] [info]  Splash.onStateUpdate: {"status":"downloading-updates","current":1,"total":6,"progress":3}
[2025-05-23 16:39:20.675] [info]  DiscordSplash.onStateUpdate: {"status":"downloading-updates","current":1,"total":6,"progress":4}
[2025-05-23 16:39:20.678] [info]  Splash.onStateUpdate: {"status":"downloading-updates","current":1,"total":6,"progress":4}
[2025-05-23 16:39:21.095] [info]  Splash.updateCountdownSeconds: undefined
[2025-05-23 16:39:21.131] [info]  DiscordSplash.onStateUpdate: {"status":"downloading-updates","current":1,"total":6,"progress":5}
[2025-05-23 16:39:21.132] [info]  Splash.onStateUpdate: {"status":"downloading-updates","current":1,"total":6,"progress":5}
[2025-05-23 16:39:21.177] [info]  DiscordSplash.onStateUpdate: {"status":"downloading-updates","current":1,"total":6,"progress":6}
[2025-05-23 16:39:21.178] [info]  Splash.onStateUpdate: {"status":"downloading-updates","current":1,"total":6,"progress":6}
[2025-05-23 16:39:21.404] [info]  DiscordSplash.onStateUpdate: {"status":"downloading-updates","current":1,"total":6,"progress":7}
[2025-05-23 16:39:21.405] [info]  Splash.onStateUpdate: {"status":"downloading-updates","current":1,"total":6,"progress":7}
[2025-05-23 16:39:21.752] [info]  DiscordSplash.onStateUpdate: {"status":"downloading-updates","current":1,"total":6,"progress":8}
[2025-05-23 16:39:21.754] [info]  Splash.onStateUpdate: {"status":"downloading-updates","current":1,"total":6,"progress":8}
[2025-05-23 16:39:21.982] [info]  DiscordSplash.onStateUpdate: {"status":"downloading-updates","current":1,"total":6,"progress":9}
[2025-05-23 16:39:21.983] [info]  Splash.onStateUpdate: {"status":"downloading-updates","current":1,"total":6,"progress":9}
[2025-05-23 16:39:22.095] [info]  Splash.updateCountdownSeconds: undefined
[2025-05-23 16:39:22.151] [info]  DiscordSplash.onStateUpdate: {"status":"downloading-updates","current":1,"total":6,"progress":10}
[2025-05-23 16:39:22.152] [info]  Splash.onStateUpdate: {"status":"downloading-updates","current":1,"total":6,"progress":10}
[2025-05-23 16:39:22.229] [info]  DiscordSplash.onStateUpdate: {"status":"downloading-updates","current":1,"total":6,"progress":11}
[2025-05-23 16:39:22.229] [info]  Splash.onStateUpdate: {"status":"downloading-updates","current":1,"total":6,"progress":11}
[2025-05-23 16:39:22.357] [info]  DiscordSplash.onStateUpdate: {"status":"downloading-updates","current":1,"total":6,"progress":12}
[2025-05-23 16:39:22.358] [info]  Splash.onStateUpdate: {"status":"downloading-updates","current":1,"total":6,"progress":12}
[2025-05-23 16:39:22.407] [info]  DiscordSplash.onStateUpdate: {"status":"downloading-updates","current":1,"total":6,"progress":13}
[2025-05-23 16:39:22.408] [info]  Splash.onStateUpdate: {"status":"downloading-updates","current":1,"total":6,"progress":13}
[2025-05-23 16:39:22.468] [info]  DiscordSplash.onStateUpdate: {"status":"downloading-updates","current":1,"total":6,"progress":14}
[2025-05-23 16:39:22.469] [info]  Splash.onStateUpdate: {"status":"downloading-updates","current":1,"total":6,"progress":14}
[2025-05-23 16:39:22.584] [info]  DiscordSplash.onStateUpdate: {"status":"downloading-updates","current":1,"total":6,"progress":15}
[2025-05-23 16:39:22.585] [info]  Splash.onStateUpdate: {"status":"downloading-updates","current":1,"total":6,"progress":15}
[2025-05-23 16:39:22.648] [info]  DiscordSplash.onStateUpdate: {"status":"downloading-updates","current":1,"total":6,"progress":16}
[2025-05-23 16:39:22.649] [info]  Splash.onStateUpdate: {"status":"downloading-updates","current":1,"total":6,"progress":16}
[2025-05-23 16:39:23.095] [info]  Splash.updateCountdownSeconds: undefined
[2025-05-23 16:39:23.235] [info]  DiscordSplash.onStateUpdate: {"status":"downloading-updates","current":1,"total":6,"progress":19}
[2025-05-23 16:39:23.236] [info]  Splash.onStateUpdate: {"status":"downloading-updates","current":1,"total":6,"progress":19}
[2025-05-23 16:39:23.236] [info]  DiscordSplash.onStateUpdate: {"status":"downloading-updates","current":1,"total":6,"progress":21}
[2025-05-23 16:39:23.236] [info]  Splash.onStateUpdate: {"status":"downloading-updates","current":1,"total":6,"progress":21}
[2025-05-23 16:39:23.726] [info]  DiscordSplash.onStateUpdate: {"status":"downloading-updates","current":1,"total":6,"progress":24}
[2025-05-23 16:39:23.727] [info]  Splash.onStateUpdate: {"status":"downloading-updates","current":1,"total":6,"progress":24}
[2025-05-23 16:39:23.728] [info]  DiscordSplash.onStateUpdate: {"status":"downloading-updates","current":1,"total":6,"progress":28}
[2025-05-23 16:39:23.729] [info]  Splash.onStateUpdate: {"status":"downloading-updates","current":1,"total":6,"progress":28}
[2025-05-23 16:39:23.805] [info]  DiscordSplash.onStateUpdate: {"status":"downloading-updates","current":1,"total":6,"progress":29}
[2025-05-23 16:39:23.806] [info]  Splash.onStateUpdate: {"status":"downloading-updates","current":1,"total":6,"progress":29}
[2025-05-23 16:39:23.880] [info]  DiscordSplash.onStateUpdate: {"status":"downloading-updates","current":1,"total":6,"progress":30}
[2025-05-23 16:39:23.881] [info]  Splash.onStateUpdate: {"status":"downloading-updates","current":1,"total":6,"progress":30}
[2025-05-23 16:39:23.923] [info]  DiscordSplash.onStateUpdate: {"status":"downloading-updates","current":1,"total":6,"progress":31}
[2025-05-23 16:39:23.923] [info]  Splash.onStateUpdate: {"status":"downloading-updates","current":1,"total":6,"progress":31}
[2025-05-23 16:39:24.003] [info]  DiscordSplash.onStateUpdate: {"status":"downloading-updates","current":1,"total":6,"progress":32}
[2025-05-23 16:39:24.004] [info]  Splash.onStateUpdate: {"status":"downloading-updates","current":1,"total":6,"progress":32}
[2025-05-23 16:39:24.063] [info]  DiscordSplash.onStateUpdate: {"status":"downloading-updates","current":1,"total":6,"progress":33}
[2025-05-23 16:39:24.064] [info]  Splash.onStateUpdate: {"status":"downloading-updates","current":1,"total":6,"progress":33}
[2025-05-23 16:39:24.095] [info]  Splash.updateCountdownSeconds: undefined
[2025-05-23 16:39:24.219] [info]  DiscordSplash.onStateUpdate: {"status":"downloading-updates","current":1,"total":6,"progress":34}
[2025-05-23 16:39:24.220] [info]  Splash.onStateUpdate: {"status":"downloading-updates","current":1,"total":6,"progress":34}
[2025-05-23 16:39:24.789] [info]  DiscordSplash.onStateUpdate: {"status":"downloading-updates","current":1,"total":6,"progress":37}
[2025-05-23 16:39:24.790] [info]  Splash.onStateUpdate: {"status":"downloading-updates","current":1,"total":6,"progress":37}
[2025-05-23 16:39:24.791] [info]  DiscordSplash.onStateUpdate: {"status":"downloading-updates","current":1,"total":6,"progress":38}
[2025-05-23 16:39:24.792] [info]  Splash.onStateUpdate: {"status":"downloading-updates","current":1,"total":6,"progress":38}
[2025-05-23 16:39:24.952] [info]  DiscordSplash.onStateUpdate: {"status":"downloading-updates","current":1,"total":6,"progress":39}
[2025-05-23 16:39:24.953] [info]  Splash.onStateUpdate: {"status":"downloading-updates","current":1,"total":6,"progress":39}
[2025-05-23 16:39:25.097] [info]  Splash.updateCountdownSeconds: undefined
[2025-05-23 16:39:25.098] [info]  DiscordSplash.onStateUpdate: {"status":"downloading-updates","current":1,"total":6,"progress":40}
[2025-05-23 16:39:25.099] [info]  Splash.onStateUpdate: {"status":"downloading-updates","current":1,"total":6,"progress":40}
[2025-05-23 16:39:25.223] [info]  DiscordSplash.onStateUpdate: {"status":"downloading-updates","current":1,"total":6,"progress":41}
[2025-05-23 16:39:25.224] [info]  Splash.onStateUpdate: {"status":"downloading-updates","current":1,"total":6,"progress":41}
[2025-05-23 16:39:25.260] [info]  DiscordSplash.onStateUpdate: {"status":"downloading-updates","current":1,"total":6,"progress":42}
[2025-05-23 16:39:25.261] [info]  Splash.onStateUpdate: {"status":"downloading-updates","current":1,"total":6,"progress":42}
[2025-05-23 16:39:25.467] [info]  DiscordSplash.onStateUpdate: {"status":"downloading-updates","current":1,"total":6,"progress":43}
[2025-05-23 16:39:25.467] [info]  Splash.onStateUpdate: {"status":"downloading-updates","current":1,"total":6,"progress":43}
[2025-05-23 16:39:26.095] [info]  Splash.updateCountdownSeconds: undefined
[2025-05-23 16:39:26.790] [info]  DiscordSplash.onStateUpdate: {"status":"downloading-updates","current":1,"total":6,"progress":46}
[2025-05-23 16:39:26.791] [info]  Splash.onStateUpdate: {"status":"downloading-updates","current":1,"total":6,"progress":46}
[2025-05-23 16:39:26.791] [info]  DiscordSplash.onStateUpdate: {"status":"downloading-updates","current":1,"total":6,"progress":49}
[2025-05-23 16:39:26.792] [info]  Splash.onStateUpdate: {"status":"downloading-updates","current":1,"total":6,"progress":49}
[2025-05-23 16:39:27.095] [info]  Splash.updateCountdownSeconds: undefined
[2025-05-23 16:39:27.307] [info]  DiscordSplash.onStateUpdate: {"status":"downloading-updates","current":1,"total":6,"progress":50}
[2025-05-23 16:39:27.308] [info]  Splash.onStateUpdate: {"status":"downloading-updates","current":1,"total":6,"progress":50}
[2025-05-23 16:39:27.662] [info]  DiscordSplash.onStateUpdate: {"status":"downloading-updates","current":1,"total":6,"progress":51}
[2025-05-23 16:39:27.663] [info]  Splash.onStateUpdate: {"status":"downloading-updates","current":1,"total":6,"progress":51}
[2025-05-23 16:39:28.053] [info]  DiscordSplash.onStateUpdate: {"status":"downloading-updates","current":1,"total":6,"progress":52}
[2025-05-23 16:39:28.054] [info]  Splash.onStateUpdate: {"status":"downloading-updates","current":1,"total":6,"progress":52}
[2025-05-23 16:39:28.095] [info]  Splash.updateCountdownSeconds: undefined
[2025-05-23 16:39:28.467] [info]  DiscordSplash.onStateUpdate: {"status":"downloading-updates","current":1,"total":6,"progress":53}
[2025-05-23 16:39:28.468] [info]  Splash.onStateUpdate: {"status":"downloading-updates","current":1,"total":6,"progress":53}
[2025-05-23 16:39:28.493] [info]  DiscordSplash.onStateUpdate: {"status":"downloading-updates","current":1,"total":6,"progress":54}
[2025-05-23 16:39:28.494] [info]  Splash.onStateUpdate: {"status":"downloading-updates","current":1,"total":6,"progress":54}
[2025-05-23 16:39:28.608] [info]  DiscordSplash.onStateUpdate: {"status":"downloading-updates","current":1,"total":6,"progress":55}
[2025-05-23 16:39:28.609] [info]  Splash.onStateUpdate: {"status":"downloading-updates","current":1,"total":6,"progress":55}
[2025-05-23 16:39:28.804] [info]  DiscordSplash.onStateUpdate: {"status":"downloading-updates","current":1,"total":6,"progress":56}
[2025-05-23 16:39:28.804] [info]  Splash.onStateUpdate: {"status":"downloading-updates","current":1,"total":6,"progress":56}
[2025-05-23 16:39:28.886] [info]  DiscordSplash.onStateUpdate: {"status":"downloading-updates","current":1,"total":6,"progress":57}
[2025-05-23 16:39:28.887] [info]  Splash.onStateUpdate: {"status":"downloading-updates","current":1,"total":6,"progress":57}
[2025-05-23 16:39:29.064] [info]  DiscordSplash.onStateUpdate: {"status":"downloading-updates","current":1,"total":6,"progress":58}
[2025-05-23 16:39:29.065] [info]  Splash.onStateUpdate: {"status":"downloading-updates","current":1,"total":6,"progress":58}
[2025-05-23 16:39:29.095] [info]  Splash.updateCountdownSeconds: undefined
[2025-05-23 16:39:29.333] [info]  DiscordSplash.onStateUpdate: {"status":"downloading-updates","current":1,"total":6,"progress":61}
[2025-05-23 16:39:29.334] [info]  Splash.onStateUpdate: {"status":"downloading-updates","current":1,"total":6,"progress":61}
[2025-05-23 16:39:29.335] [info]  DiscordSplash.onStateUpdate: {"status":"downloading-updates","current":1,"total":6,"progress":62}
[2025-05-23 16:39:29.335] [info]  Splash.onStateUpdate: {"status":"downloading-updates","current":1,"total":6,"progress":62}
[2025-05-23 16:39:29.437] [info]  DiscordSplash.onStateUpdate: {"status":"downloading-updates","current":1,"total":6,"progress":63}
[2025-05-23 16:39:29.438] [info]  Splash.onStateUpdate: {"status":"downloading-updates","current":1,"total":6,"progress":63}
[2025-05-23 16:39:29.484] [info]  DiscordSplash.onStateUpdate: {"status":"downloading-updates","current":1,"total":6,"progress":64}
[2025-05-23 16:39:29.485] [info]  Splash.onStateUpdate: {"status":"downloading-updates","current":1,"total":6,"progress":64}
[2025-05-23 16:39:29.665] [info]  DiscordSplash.onStateUpdate: {"status":"downloading-updates","current":1,"total":6,"progress":65}
[2025-05-23 16:39:29.666] [info]  Splash.onStateUpdate: {"status":"downloading-updates","current":1,"total":6,"progress":65}
[2025-05-23 16:39:29.713] [info]  DiscordSplash.onStateUpdate: {"status":"downloading-updates","current":1,"total":6,"progress":66}
[2025-05-23 16:39:29.714] [info]  Splash.onStateUpdate: {"status":"downloading-updates","current":1,"total":6,"progress":66}
[2025-05-23 16:39:29.795] [info]  DiscordSplash.onStateUpdate: {"status":"downloading-updates","current":1,"total":6,"progress":67}
[2025-05-23 16:39:29.796] [info]  Splash.onStateUpdate: {"status":"downloading-updates","current":1,"total":6,"progress":67}
[2025-05-23 16:39:29.892] [info]  DiscordSplash.onStateUpdate: {"status":"downloading-updates","current":1,"total":6,"progress":68}
[2025-05-23 16:39:29.893] [info]  Splash.onStateUpdate: {"status":"downloading-updates","current":1,"total":6,"progress":68}
[2025-05-23 16:39:29.959] [info]  DiscordSplash.onStateUpdate: {"status":"downloading-updates","current":1,"total":6,"progress":69}
[2025-05-23 16:39:29.960] [info]  Splash.onStateUpdate: {"status":"downloading-updates","current":1,"total":6,"progress":69}
[2025-05-23 16:39:30.095] [info]  Splash.updateCountdownSeconds: undefined
[2025-05-23 16:39:30.146] [info]  DiscordSplash.onStateUpdate: {"status":"downloading-updates","current":1,"total":6,"progress":70}
[2025-05-23 16:39:30.147] [info]  Splash.onStateUpdate: {"status":"downloading-updates","current":1,"total":6,"progress":70}
[2025-05-23 16:39:30.187] [info]  DiscordSplash.onStateUpdate: {"status":"downloading-updates","current":1,"total":6,"progress":71}
[2025-05-23 16:39:30.188] [info]  Splash.onStateUpdate: {"status":"downloading-updates","current":1,"total":6,"progress":71}
[2025-05-23 16:39:30.281] [info]  DiscordSplash.onStateUpdate: {"status":"downloading-updates","current":1,"total":6,"progress":72}
[2025-05-23 16:39:30.282] [info]  Splash.onStateUpdate: {"status":"downloading-updates","current":1,"total":6,"progress":72}
[2025-05-23 16:39:30.473] [info]  DiscordSplash.onStateUpdate: {"status":"downloading-updates","current":1,"total":6,"progress":74}
[2025-05-23 16:39:30.473] [info]  Splash.onStateUpdate: {"status":"downloading-updates","current":1,"total":6,"progress":74}
[2025-05-23 16:39:30.586] [info]  DiscordSplash.onStateUpdate: {"status":"downloading-updates","current":1,"total":6,"progress":75}
[2025-05-23 16:39:30.587] [info]  Splash.onStateUpdate: {"status":"downloading-updates","current":1,"total":6,"progress":75}
[2025-05-23 16:39:30.639] [info]  DiscordSplash.onStateUpdate: {"status":"downloading-updates","current":1,"total":6,"progress":76}
[2025-05-23 16:39:30.640] [info]  Splash.onStateUpdate: {"status":"downloading-updates","current":1,"total":6,"progress":76}
[2025-05-23 16:39:30.720] [info]  DiscordSplash.onStateUpdate: {"status":"downloading-updates","current":1,"total":6,"progress":77}
[2025-05-23 16:39:30.720] [info]  Splash.onStateUpdate: {"status":"downloading-updates","current":1,"total":6,"progress":77}
[2025-05-23 16:39:30.998] [info]  DiscordSplash.onStateUpdate: {"status":"downloading-updates","current":1,"total":6,"progress":79}
[2025-05-23 16:39:30.999] [info]  Splash.onStateUpdate: {"status":"downloading-updates","current":1,"total":6,"progress":79}
[2025-05-23 16:39:31.067] [info]  DiscordSplash.onStateUpdate: {"status":"downloading-updates","current":1,"total":6,"progress":80}
[2025-05-23 16:39:31.067] [info]  Splash.onStateUpdate: {"status":"downloading-updates","current":1,"total":6,"progress":80}
[2025-05-23 16:39:31.095] [info]  Splash.updateCountdownSeconds: undefined
[2025-05-23 16:39:31.127] [info]  DiscordSplash.onStateUpdate: {"status":"downloading-updates","current":1,"total":6,"progress":81}
[2025-05-23 16:39:31.128] [info]  Splash.onStateUpdate: {"status":"downloading-updates","current":1,"total":6,"progress":81}
[2025-05-23 16:39:31.307] [info]  DiscordSplash.onStateUpdate: {"status":"downloading-updates","current":1,"total":6,"progress":82}
[2025-05-23 16:39:31.308] [info]  Splash.onStateUpdate: {"status":"downloading-updates","current":1,"total":6,"progress":82}
[2025-05-23 16:39:31.382] [info]  DiscordSplash.onStateUpdate: {"status":"downloading-updates","current":1,"total":6,"progress":83}
[2025-05-23 16:39:31.383] [info]  Splash.onStateUpdate: {"status":"downloading-updates","current":1,"total":6,"progress":83}
[2025-05-23 16:39:31.448] [info]  DiscordSplash.onStateUpdate: {"status":"downloading-updates","current":1,"total":6,"progress":84}
[2025-05-23 16:39:31.449] [info]  Splash.onStateUpdate: {"status":"downloading-updates","current":1,"total":6,"progress":84}
[2025-05-23 16:39:31.530] [info]  DiscordSplash.onStateUpdate: {"status":"downloading-updates","current":1,"total":6,"progress":85}
[2025-05-23 16:39:31.530] [info]  Splash.onStateUpdate: {"status":"downloading-updates","current":1,"total":6,"progress":85}
[2025-05-23 16:39:31.566] [info]  DiscordSplash.onStateUpdate: {"status":"downloading-updates","current":1,"total":6,"progress":86}
[2025-05-23 16:39:31.567] [info]  Splash.onStateUpdate: {"status":"downloading-updates","current":1,"total":6,"progress":86}
[2025-05-23 16:39:32.097] [info]  Splash.updateCountdownSeconds: undefined
[2025-05-23 16:39:32.103] [info]  DiscordSplash.onStateUpdate: {"status":"downloading-updates","current":1,"total":6,"progress":89}
[2025-05-23 16:39:32.104] [info]  Splash.onStateUpdate: {"status":"downloading-updates","current":1,"total":6,"progress":89}
[2025-05-23 16:39:32.109] [info]  DiscordSplash.onStateUpdate: {"status":"downloading-updates","current":1,"total":6,"progress":90}
[2025-05-23 16:39:32.110] [info]  Splash.onStateUpdate: {"status":"downloading-updates","current":1,"total":6,"progress":90}
[2025-05-23 16:39:32.142] [info]  DiscordSplash.onStateUpdate: {"status":"downloading-updates","current":1,"total":6,"progress":91}
[2025-05-23 16:39:32.142] [info]  Splash.onStateUpdate: {"status":"downloading-updates","current":1,"total":6,"progress":91}
[2025-05-23 16:39:32.302] [info]  DiscordSplash.onStateUpdate: {"status":"downloading-updates","current":1,"total":6,"progress":92}
[2025-05-23 16:39:32.303] [info]  Splash.onStateUpdate: {"status":"downloading-updates","current":1,"total":6,"progress":92}
[2025-05-23 16:39:32.326] [info]  DiscordSplash.onStateUpdate: {"status":"downloading-updates","current":1,"total":6,"progress":93}
[2025-05-23 16:39:32.326] [info]  Splash.onStateUpdate: {"status":"downloading-updates","current":1,"total":6,"progress":93}
[2025-05-23 16:39:32.459] [info]  DiscordSplash.onStateUpdate: {"status":"downloading-updates","current":1,"total":6,"progress":94}
[2025-05-23 16:39:32.459] [info]  Splash.onStateUpdate: {"status":"downloading-updates","current":1,"total":6,"progress":94}
[2025-05-23 16:39:32.518] [info]  DiscordSplash.onStateUpdate: {"status":"downloading-updates","current":1,"total":6,"progress":95}
[2025-05-23 16:39:32.519] [info]  Splash.onStateUpdate: {"status":"downloading-updates","current":1,"total":6,"progress":95}
[2025-05-23 16:39:32.683] [info]  DiscordSplash.onStateUpdate: {"status":"downloading-updates","current":1,"total":6,"progress":96}
[2025-05-23 16:39:32.684] [info]  Splash.onStateUpdate: {"status":"downloading-updates","current":1,"total":6,"progress":96}
[2025-05-23 16:39:32.769] [info]  DiscordSplash.onStateUpdate: {"status":"downloading-updates","current":1,"total":6,"progress":97}
[2025-05-23 16:39:32.770] [info]  Splash.onStateUpdate: {"status":"downloading-updates","current":1,"total":6,"progress":97}
[2025-05-23 16:39:32.858] [info]  DiscordSplash.onStateUpdate: {"status":"downloading-updates","current":1,"total":6,"progress":98}
[2025-05-23 16:39:32.859] [info]  Splash.onStateUpdate: {"status":"downloading-updates","current":1,"total":6,"progress":98}
[2025-05-23 16:39:33.095] [info]  Splash.updateCountdownSeconds: undefined
[2025-05-23 16:39:33.497] [info]  DiscordSplash.onStateUpdate: {"status":"downloading-updates","current":1,"total":6,"progress":99}
[2025-05-23 16:39:33.497] [info]  Splash.onStateUpdate: {"status":"downloading-updates","current":1,"total":6,"progress":99}
[2025-05-23 16:39:33.540] [info]  DiscordSplash.onStateUpdate: {"status":"downloading-updates","current":1,"total":6,"progress":100}
[2025-05-23 16:39:33.540] [info]  Splash.onStateUpdate: {"status":"downloading-updates","current":1,"total":6,"progress":100}
[2025-05-23 16:39:33.540] [info]  DiscordSplash.onStateUpdate: {"status":"downloading-updates","current":2,"total":6}
[2025-05-23 16:39:33.540] [info]  Splash.onStateUpdate: {"status":"downloading-updates","current":2,"total":6}
[2025-05-23 16:39:34.095] [info]  Splash.updateCountdownSeconds: undefined
[2025-05-23 16:39:34.271] [info]  DiscordSplash.onStateUpdate: {"status":"downloading-updates","current":2,"total":6,"progress":1}
[2025-05-23 16:39:34.272] [info]  Splash.onStateUpdate: {"status":"downloading-updates","current":2,"total":6,"progress":1}
[2025-05-23 16:39:34.350] [info]  DiscordSplash.onStateUpdate: {"status":"downloading-updates","current":2,"total":6,"progress":2}
[2025-05-23 16:39:34.351] [info]  Splash.onStateUpdate: {"status":"downloading-updates","current":2,"total":6,"progress":2}
[2025-05-23 16:39:34.526] [info]  DiscordSplash.onStateUpdate: {"status":"downloading-updates","current":2,"total":6,"progress":3}
[2025-05-23 16:39:34.527] [info]  Splash.onStateUpdate: {"status":"downloading-updates","current":2,"total":6,"progress":3}
[2025-05-23 16:39:34.562] [info]  DiscordSplash.onStateUpdate: {"status":"downloading-updates","current":2,"total":6,"progress":4}
[2025-05-23 16:39:34.563] [info]  Splash.onStateUpdate: {"status":"downloading-updates","current":2,"total":6,"progress":4}
[2025-05-23 16:39:34.632] [info]  DiscordSplash.onStateUpdate: {"status":"downloading-updates","current":2,"total":6,"progress":5}
[2025-05-23 16:39:34.633] [info]  Splash.onStateUpdate: {"status":"downloading-updates","current":2,"total":6,"progress":5}
[2025-05-23 16:39:34.873] [info]  DiscordSplash.onStateUpdate: {"status":"downloading-updates","current":2,"total":6,"progress":6}
[2025-05-23 16:39:34.874] [info]  Splash.onStateUpdate: {"status":"downloading-updates","current":2,"total":6,"progress":6}
[2025-05-23 16:39:35.095] [info]  Splash.updateCountdownSeconds: undefined
[2025-05-23 16:39:35.102] [info]  DiscordSplash.onStateUpdate: {"status":"downloading-updates","current":2,"total":6,"progress":8}
[2025-05-23 16:39:35.103] [info]  Splash.onStateUpdate: {"status":"downloading-updates","current":2,"total":6,"progress":8}
[2025-05-23 16:39:35.138] [info]  DiscordSplash.onStateUpdate: {"status":"downloading-updates","current":2,"total":6,"progress":9}
[2025-05-23 16:39:35.139] [info]  Splash.onStateUpdate: {"status":"downloading-updates","current":2,"total":6,"progress":9}
[2025-05-23 16:39:35.228] [info]  DiscordSplash.onStateUpdate: {"status":"downloading-updates","current":2,"total":6,"progress":10}
[2025-05-23 16:39:35.229] [info]  Splash.onStateUpdate: {"status":"downloading-updates","current":2,"total":6,"progress":10}
[2025-05-23 16:39:35.277] [info]  DiscordSplash.onStateUpdate: {"status":"downloading-updates","current":2,"total":6,"progress":11}
[2025-05-23 16:39:35.278] [info]  Splash.onStateUpdate: {"status":"downloading-updates","current":2,"total":6,"progress":11}
[2025-05-23 16:39:35.596] [info]  DiscordSplash.onStateUpdate: {"status":"downloading-updates","current":2,"total":6,"progress":12}
[2025-05-23 16:39:35.622] [info]  Splash.onStateUpdate: {"status":"downloading-updates","current":2,"total":6,"progress":12}
[2025-05-23 16:39:35.759] [info]  DiscordSplash.onStateUpdate: {"status":"downloading-updates","current":2,"total":6,"progress":13}
[2025-05-23 16:39:35.760] [info]  Splash.onStateUpdate: {"status":"downloading-updates","current":2,"total":6,"progress":13}
[2025-05-23 16:39:35.891] [info]  DiscordSplash.onStateUpdate: {"status":"downloading-updates","current":2,"total":6,"progress":14}
[2025-05-23 16:39:35.892] [info]  Splash.onStateUpdate: {"status":"downloading-updates","current":2,"total":6,"progress":14}
[2025-05-23 16:39:35.936] [info]  DiscordSplash.onStateUpdate: {"status":"downloading-updates","current":2,"total":6,"progress":15}
[2025-05-23 16:39:35.937] [info]  Splash.onStateUpdate: {"status":"downloading-updates","current":2,"total":6,"progress":15}
[2025-05-23 16:39:35.963] [info]  DiscordSplash.onStateUpdate: {"status":"downloading-updates","current":2,"total":6,"progress":16}
[2025-05-23 16:39:35.964] [info]  Splash.onStateUpdate: {"status":"downloading-updates","current":2,"total":6,"progress":16}
[2025-05-23 16:39:36.095] [info]  Splash.updateCountdownSeconds: undefined
[2025-05-23 16:39:36.184] [info]  DiscordSplash.onStateUpdate: {"status":"downloading-updates","current":2,"total":6,"progress":17}
[2025-05-23 16:39:36.185] [info]  Splash.onStateUpdate: {"status":"downloading-updates","current":2,"total":6,"progress":17}
[2025-05-23 16:39:36.262] [info]  DiscordSplash.onStateUpdate: {"status":"downloading-updates","current":2,"total":6,"progress":18}
[2025-05-23 16:39:36.262] [info]  Splash.onStateUpdate: {"status":"downloading-updates","current":2,"total":6,"progress":18}
[2025-05-23 16:39:36.653] [info]  DiscordSplash.onStateUpdate: {"status":"downloading-updates","current":2,"total":6,"progress":20}
[2025-05-23 16:39:36.654] [info]  Splash.onStateUpdate: {"status":"downloading-updates","current":2,"total":6,"progress":20}
[2025-05-23 16:39:36.953] [info]  DiscordSplash.onStateUpdate: {"status":"downloading-updates","current":2,"total":6,"progress":22}
[2025-05-23 16:39:36.954] [info]  Splash.onStateUpdate: {"status":"downloading-updates","current":2,"total":6,"progress":22}
[2025-05-23 16:39:37.095] [info]  Splash.updateCountdownSeconds: undefined
[2025-05-23 16:39:37.234] [info]  DiscordSplash.onStateUpdate: {"status":"downloading-updates","current":2,"total":6,"progress":23}
[2025-05-23 16:39:37.234] [info]  Splash.onStateUpdate: {"status":"downloading-updates","current":2,"total":6,"progress":23}
[2025-05-23 16:39:37.330] [info]  DiscordSplash.onStateUpdate: {"status":"downloading-updates","current":2,"total":6,"progress":26}
[2025-05-23 16:39:37.331] [info]  Splash.onStateUpdate: {"status":"downloading-updates","current":2,"total":6,"progress":26}
[2025-05-23 16:39:37.335] [info]  DiscordSplash.onStateUpdate: {"status":"downloading-updates","current":2,"total":6,"progress":27}
[2025-05-23 16:39:37.336] [info]  Splash.onStateUpdate: {"status":"downloading-updates","current":2,"total":6,"progress":27}
[2025-05-23 16:39:38.095] [info]  Splash.updateCountdownSeconds: undefined
[2025-05-23 16:39:38.249] [info]  DiscordSplash.onStateUpdate: {"status":"downloading-updates","current":2,"total":6,"progress":30}
[2025-05-23 16:39:38.249] [info]  Splash.onStateUpdate: {"status":"downloading-updates","current":2,"total":6,"progress":30}
[2025-05-23 16:39:38.250] [info]  DiscordSplash.onStateUpdate: {"status":"downloading-updates","current":2,"total":6,"progress":31}
[2025-05-23 16:39:38.250] [info]  Splash.onStateUpdate: {"status":"downloading-updates","current":2,"total":6,"progress":31}
[2025-05-23 16:39:38.315] [info]  DiscordSplash.onStateUpdate: {"status":"downloading-updates","current":2,"total":6,"progress":32}
[2025-05-23 16:39:38.315] [info]  Splash.onStateUpdate: {"status":"downloading-updates","current":2,"total":6,"progress":32}
[2025-05-23 16:39:38.457] [info]  DiscordSplash.onStateUpdate: {"status":"downloading-updates","current":2,"total":6,"progress":33}
[2025-05-23 16:39:38.458] [info]  Splash.onStateUpdate: {"status":"downloading-updates","current":2,"total":6,"progress":33}
[2025-05-23 16:39:38.639] [info]  DiscordSplash.onStateUpdate: {"status":"downloading-updates","current":2,"total":6,"progress":34}
[2025-05-23 16:39:38.639] [info]  Splash.onStateUpdate: {"status":"downloading-updates","current":2,"total":6,"progress":34}
[2025-05-23 16:39:38.683] [info]  DiscordSplash.onStateUpdate: {"status":"downloading-updates","current":2,"total":6,"progress":35}
[2025-05-23 16:39:38.684] [info]  Splash.onStateUpdate: {"status":"downloading-updates","current":2,"total":6,"progress":35}
[2025-05-23 16:39:38.768] [info]  DiscordSplash.onStateUpdate: {"status":"downloading-updates","current":2,"total":6,"progress":36}
[2025-05-23 16:39:38.768] [info]  Splash.onStateUpdate: {"status":"downloading-updates","current":2,"total":6,"progress":36}
[2025-05-23 16:39:39.059] [info]  DiscordSplash.onStateUpdate: {"status":"downloading-updates","current":2,"total":6,"progress":37}
[2025-05-23 16:39:39.060] [info]  Splash.onStateUpdate: {"status":"downloading-updates","current":2,"total":6,"progress":37}
[2025-05-23 16:39:39.095] [info]  Splash.updateCountdownSeconds: undefined
[2025-05-23 16:39:39.188] [info]  DiscordSplash.onStateUpdate: {"status":"downloading-updates","current":2,"total":6,"progress":38}
[2025-05-23 16:39:39.188] [info]  Splash.onStateUpdate: {"status":"downloading-updates","current":2,"total":6,"progress":38}
[2025-05-23 16:39:39.795] [info]  DiscordSplash.onStateUpdate: {"status":"downloading-updates","current":2,"total":6,"progress":39}
[2025-05-23 16:39:39.796] [info]  Splash.onStateUpdate: {"status":"downloading-updates","current":2,"total":6,"progress":39}
[2025-05-23 16:39:40.007] [info]  DiscordSplash.onStateUpdate: {"status":"downloading-updates","current":2,"total":6,"progress":40}
[2025-05-23 16:39:40.008] [info]  Splash.onStateUpdate: {"status":"downloading-updates","current":2,"total":6,"progress":40}
[2025-05-23 16:39:40.076] [info]  DiscordSplash.onStateUpdate: {"status":"downloading-updates","current":2,"total":6,"progress":41}
[2025-05-23 16:39:40.077] [info]  Splash.onStateUpdate: {"status":"downloading-updates","current":2,"total":6,"progress":41}
[2025-05-23 16:39:40.095] [info]  Splash.updateCountdownSeconds: undefined
[2025-05-23 16:39:40.260] [info]  DiscordSplash.onStateUpdate: {"status":"downloading-updates","current":2,"total":6,"progress":42}
[2025-05-23 16:39:40.260] [info]  Splash.onStateUpdate: {"status":"downloading-updates","current":2,"total":6,"progress":42}
[2025-05-23 16:39:40.386] [info]  DiscordSplash.onStateUpdate: {"status":"downloading-updates","current":2,"total":6,"progress":43}
[2025-05-23 16:39:40.387] [info]  Splash.onStateUpdate: {"status":"downloading-updates","current":2,"total":6,"progress":43}
[2025-05-23 16:39:40.570] [info]  DiscordSplash.onStateUpdate: {"status":"downloading-updates","current":2,"total":6,"progress":44}
[2025-05-23 16:39:40.570] [info]  Splash.onStateUpdate: {"status":"downloading-updates","current":2,"total":6,"progress":44}
[2025-05-23 16:39:41.095] [info]  Splash.updateCountdownSeconds: undefined
[2025-05-23 16:39:41.486] [info]  DiscordSplash.onStateUpdate: {"status":"downloading-updates","current":2,"total":6,"progress":45}
[2025-05-23 16:39:41.486] [info]  Splash.onStateUpdate: {"status":"downloading-updates","current":2,"total":6,"progress":45}
[2025-05-23 16:39:41.659] [info]  DiscordSplash.onStateUpdate: {"status":"downloading-updates","current":2,"total":6,"progress":46}
[2025-05-23 16:39:41.660] [info]  Splash.onStateUpdate: {"status":"downloading-updates","current":2,"total":6,"progress":46}
[2025-05-23 16:39:42.043] [info]  DiscordSplash.onStateUpdate: {"status":"downloading-updates","current":2,"total":6,"progress":47}
[2025-05-23 16:39:42.043] [info]  Splash.onStateUpdate: {"status":"downloading-updates","current":2,"total":6,"progress":47}
[2025-05-23 16:39:42.094] [info]  Splash.updateCountdownSeconds: undefined
[2025-05-23 16:39:43.095] [info]  Splash.updateCountdownSeconds: undefined
[2025-05-23 16:39:43.154] [info]  DiscordSplash.onStateUpdate: {"status":"downloading-updates","current":2,"total":6,"progress":48}
[2025-05-23 16:39:43.155] [info]  Splash.onStateUpdate: {"status":"downloading-updates","current":2,"total":6,"progress":48}
[2025-05-23 16:39:44.094] [info]  Splash.updateCountdownSeconds: undefined
[2025-05-23 16:39:45.095] [info]  Splash.updateCountdownSeconds: undefined
[2025-05-23 16:39:46.094] [info]  Splash.updateCountdownSeconds: undefined
[2025-05-23 16:39:47.095] [info]  Splash.updateCountdownSeconds: undefined
[2025-05-23 16:39:47.234] [info]  DiscordSplash.onStateUpdate: {"status":"downloading-updates","current":2,"total":6,"progress":49}
[2025-05-23 16:39:47.235] [info]  Splash.onStateUpdate: {"status":"downloading-updates","current":2,"total":6,"progress":49}
[2025-05-23 16:39:48.095] [info]  Splash.updateCountdownSeconds: undefined
[2025-05-23 16:39:49.095] [info]  Splash.updateCountdownSeconds: undefined
[2025-05-23 16:39:50.095] [info]  Splash.updateCountdownSeconds: undefined
[2025-05-23 16:39:50.149] [info]  DiscordSplash.onStateUpdate: {"status":"downloading-updates","current":2,"total":6,"progress":50}
[2025-05-23 16:39:50.150] [info]  Splash.onStateUpdate: {"status":"downloading-updates","current":2,"total":6,"progress":50}
[2025-05-23 16:39:50.234] [info]  DiscordSplash.onStateUpdate: {"status":"downloading-updates","current":2,"total":6,"progress":51}
[2025-05-23 16:39:50.235] [info]  Splash.onStateUpdate: {"status":"downloading-updates","current":2,"total":6,"progress":51}
[2025-05-23 16:39:50.277] [info]  DiscordSplash.onStateUpdate: {"status":"downloading-updates","current":2,"total":6,"progress":52}
[2025-05-23 16:39:50.277] [info]  Splash.onStateUpdate: {"status":"downloading-updates","current":2,"total":6,"progress":52}
[2025-05-23 16:39:50.375] [info]  DiscordSplash.onStateUpdate: {"status":"downloading-updates","current":2,"total":6,"progress":53}
[2025-05-23 16:39:50.376] [info]  Splash.onStateUpdate: {"status":"downloading-updates","current":2,"total":6,"progress":53}
[2025-05-23 16:39:50.405] [info]  DiscordSplash.onStateUpdate: {"status":"downloading-updates","current":2,"total":6,"progress":54}
[2025-05-23 16:39:50.406] [info]  Splash.onStateUpdate: {"status":"downloading-updates","current":2,"total":6,"progress":54}
[2025-05-23 16:39:50.583] [info]  DiscordSplash.onStateUpdate: {"status":"downloading-updates","current":2,"total":6,"progress":55}
[2025-05-23 16:39:50.583] [info]  Splash.onStateUpdate: {"status":"downloading-updates","current":2,"total":6,"progress":55}
[2025-05-23 16:39:51.095] [info]  Splash.updateCountdownSeconds: undefined
[2025-05-23 16:39:52.095] [info]  Splash.updateCountdownSeconds: undefined
[2025-05-23 16:39:52.707] [info]  DiscordSplash.onStateUpdate: {"status":"downloading-updates","current":2,"total":6,"progress":56}
[2025-05-23 16:39:52.708] [info]  Splash.onStateUpdate: {"status":"downloading-updates","current":2,"total":6,"progress":56}
[2025-05-23 16:39:52.756] [info]  DiscordSplash.onStateUpdate: {"status":"downloading-updates","current":2,"total":6,"progress":57}
[2025-05-23 16:39:52.757] [info]  Splash.onStateUpdate: {"status":"downloading-updates","current":2,"total":6,"progress":57}
[2025-05-23 16:39:52.895] [info]  DiscordSplash.onStateUpdate: {"status":"downloading-updates","current":2,"total":6,"progress":58}
[2025-05-23 16:39:52.895] [info]  Splash.onStateUpdate: {"status":"downloading-updates","current":2,"total":6,"progress":58}
[2025-05-23 16:39:53.038] [info]  DiscordSplash.onStateUpdate: {"status":"downloading-updates","current":2,"total":6,"progress":59}
[2025-05-23 16:39:53.039] [info]  Splash.onStateUpdate: {"status":"downloading-updates","current":2,"total":6,"progress":59}
[2025-05-23 16:39:53.086] [info]  DiscordSplash.onStateUpdate: {"status":"downloading-updates","current":2,"total":6,"progress":60}
[2025-05-23 16:39:53.087] [info]  Splash.onStateUpdate: {"status":"downloading-updates","current":2,"total":6,"progress":60}
[2025-05-23 16:39:53.094] [info]  Splash.updateCountdownSeconds: undefined
[2025-05-23 16:39:53.165] [info]  DiscordSplash.onStateUpdate: {"status":"downloading-updates","current":2,"total":6,"progress":61}
[2025-05-23 16:39:53.166] [info]  Splash.onStateUpdate: {"status":"downloading-updates","current":2,"total":6,"progress":61}
[2025-05-23 16:39:53.218] [info]  DiscordSplash.onStateUpdate: {"status":"downloading-updates","current":2,"total":6,"progress":62}
[2025-05-23 16:39:53.219] [info]  Splash.onStateUpdate: {"status":"downloading-updates","current":2,"total":6,"progress":62}
[2025-05-23 16:39:53.295] [info]  DiscordSplash.onStateUpdate: {"status":"downloading-updates","current":2,"total":6,"progress":63}
[2025-05-23 16:39:53.296] [info]  Splash.onStateUpdate: {"status":"downloading-updates","current":2,"total":6,"progress":63}
[2025-05-23 16:39:53.417] [info]  DiscordSplash.onStateUpdate: {"status":"downloading-updates","current":2,"total":6,"progress":64}
[2025-05-23 16:39:53.418] [info]  Splash.onStateUpdate: {"status":"downloading-updates","current":2,"total":6,"progress":64}
[2025-05-23 16:39:53.504] [info]  DiscordSplash.onStateUpdate: {"status":"downloading-updates","current":2,"total":6,"progress":65}
[2025-05-23 16:39:53.505] [info]  Splash.onStateUpdate: {"status":"downloading-updates","current":2,"total":6,"progress":65}
[2025-05-23 16:39:53.526] [info]  DiscordSplash.onStateUpdate: {"status":"downloading-updates","current":2,"total":6,"progress":66}
[2025-05-23 16:39:53.527] [info]  Splash.onStateUpdate: {"status":"downloading-updates","current":2,"total":6,"progress":66}
[2025-05-23 16:39:54.095] [info]  Splash.updateCountdownSeconds: undefined
[2025-05-23 16:39:54.499] [info]  DiscordSplash.onStateUpdate: {"status":"downloading-updates","current":2,"total":6,"progress":67}
[2025-05-23 16:39:54.499] [info]  Splash.onStateUpdate: {"status":"downloading-updates","current":2,"total":6,"progress":67}
[2025-05-23 16:39:54.579] [info]  DiscordSplash.onStateUpdate: {"status":"downloading-updates","current":2,"total":6,"progress":68}
[2025-05-23 16:39:54.583] [info]  Splash.onStateUpdate: {"status":"downloading-updates","current":2,"total":6,"progress":68}
[2025-05-23 16:39:54.749] [info]  DiscordSplash.onStateUpdate: {"status":"downloading-updates","current":2,"total":6,"progress":69}
[2025-05-23 16:39:54.749] [info]  Splash.onStateUpdate: {"status":"downloading-updates","current":2,"total":6,"progress":69}
[2025-05-23 16:39:54.970] [info]  DiscordSplash.onStateUpdate: {"status":"downloading-updates","current":2,"total":6,"progress":70}
[2025-05-23 16:39:54.971] [info]  Splash.onStateUpdate: {"status":"downloading-updates","current":2,"total":6,"progress":70}
[2025-05-23 16:39:55.036] [info]  DiscordSplash.onStateUpdate: {"status":"downloading-updates","current":2,"total":6,"progress":71}
[2025-05-23 16:39:55.037] [info]  Splash.onStateUpdate: {"status":"downloading-updates","current":2,"total":6,"progress":71}
[2025-05-23 16:39:55.094] [info]  Splash.updateCountdownSeconds: undefined
[2025-05-23 16:39:55.202] [info]  DiscordSplash.onStateUpdate: {"status":"downloading-updates","current":2,"total":6,"progress":72}
[2025-05-23 16:39:55.203] [info]  Splash.onStateUpdate: {"status":"downloading-updates","current":2,"total":6,"progress":72}
[2025-05-23 16:39:55.519] [info]  DiscordSplash.onStateUpdate: {"status":"downloading-updates","current":2,"total":6,"progress":73}
[2025-05-23 16:39:55.520] [info]  Splash.onStateUpdate: {"status":"downloading-updates","current":2,"total":6,"progress":73}
[2025-05-23 16:39:55.590] [info]  DiscordSplash.onStateUpdate: {"status":"downloading-updates","current":2,"total":6,"progress":74}
[2025-05-23 16:39:55.591] [info]  Splash.onStateUpdate: {"status":"downloading-updates","current":2,"total":6,"progress":74}
[2025-05-23 16:39:55.747] [info]  DiscordSplash.onStateUpdate: {"status":"downloading-updates","current":2,"total":6,"progress":75}
[2025-05-23 16:39:55.748] [info]  Splash.onStateUpdate: {"status":"downloading-updates","current":2,"total":6,"progress":75}
[2025-05-23 16:39:55.761] [info]  DiscordSplash.onStateUpdate: {"status":"downloading-updates","current":2,"total":6,"progress":76}
[2025-05-23 16:39:55.761] [info]  Splash.onStateUpdate: {"status":"downloading-updates","current":2,"total":6,"progress":76}
[2025-05-23 16:39:55.793] [info]  DiscordSplash.onStateUpdate: {"status":"downloading-updates","current":2,"total":6,"progress":77}
[2025-05-23 16:39:55.793] [info]  Splash.onStateUpdate: {"status":"downloading-updates","current":2,"total":6,"progress":77}
[2025-05-23 16:39:55.977] [info]  DiscordSplash.onStateUpdate: {"status":"downloading-updates","current":2,"total":6,"progress":78}
[2025-05-23 16:39:55.978] [info]  Splash.onStateUpdate: {"status":"downloading-updates","current":2,"total":6,"progress":78}
[2025-05-23 16:39:56.017] [info]  DiscordSplash.onStateUpdate: {"status":"downloading-updates","current":2,"total":6,"progress":79}
[2025-05-23 16:39:56.018] [info]  Splash.onStateUpdate: {"status":"downloading-updates","current":2,"total":6,"progress":79}
[2025-05-23 16:39:56.094] [info]  Splash.updateCountdownSeconds: undefined
[2025-05-23 16:39:56.163] [info]  DiscordSplash.onStateUpdate: {"status":"downloading-updates","current":2,"total":6,"progress":80}
[2025-05-23 16:39:56.163] [info]  Splash.onStateUpdate: {"status":"downloading-updates","current":2,"total":6,"progress":80}
[2025-05-23 16:39:56.233] [info]  DiscordSplash.onStateUpdate: {"status":"downloading-updates","current":2,"total":6,"progress":81}
[2025-05-23 16:39:56.233] [info]  Splash.onStateUpdate: {"status":"downloading-updates","current":2,"total":6,"progress":81}
[2025-05-23 16:39:56.277] [info]  DiscordSplash.onStateUpdate: {"status":"downloading-updates","current":2,"total":6,"progress":82}
[2025-05-23 16:39:56.277] [info]  Splash.onStateUpdate: {"status":"downloading-updates","current":2,"total":6,"progress":82}
[2025-05-23 16:39:56.350] [info]  DiscordSplash.onStateUpdate: {"status":"downloading-updates","current":2,"total":6,"progress":83}
[2025-05-23 16:39:56.351] [info]  Splash.onStateUpdate: {"status":"downloading-updates","current":2,"total":6,"progress":83}
[2025-05-23 16:39:56.477] [info]  DiscordSplash.onStateUpdate: {"status":"downloading-updates","current":2,"total":6,"progress":84}
[2025-05-23 16:39:56.478] [info]  Splash.onStateUpdate: {"status":"downloading-updates","current":2,"total":6,"progress":84}
[2025-05-23 16:39:56.548] [info]  DiscordSplash.onStateUpdate: {"status":"downloading-updates","current":2,"total":6,"progress":85}
[2025-05-23 16:39:56.549] [info]  Splash.onStateUpdate: {"status":"downloading-updates","current":2,"total":6,"progress":85}
[2025-05-23 16:39:56.696] [info]  DiscordSplash.onStateUpdate: {"status":"downloading-updates","current":2,"total":6,"progress":86}
[2025-05-23 16:39:56.696] [info]  Splash.onStateUpdate: {"status":"downloading-updates","current":2,"total":6,"progress":86}
[2025-05-23 16:39:56.753] [info]  DiscordSplash.onStateUpdate: {"status":"downloading-updates","current":2,"total":6,"progress":87}
[2025-05-23 16:39:56.754] [info]  Splash.onStateUpdate: {"status":"downloading-updates","current":2,"total":6,"progress":87}
[2025-05-23 16:39:56.810] [info]  DiscordSplash.onStateUpdate: {"status":"downloading-updates","current":2,"total":6,"progress":88}
[2025-05-23 16:39:56.811] [info]  Splash.onStateUpdate: {"status":"downloading-updates","current":2,"total":6,"progress":88}
[2025-05-23 16:39:57.015] [info]  DiscordSplash.onStateUpdate: {"status":"downloading-updates","current":2,"total":6,"progress":89}
[2025-05-23 16:39:57.015] [info]  Splash.onStateUpdate: {"status":"downloading-updates","current":2,"total":6,"progress":89}
[2025-05-23 16:39:57.094] [info]  Splash.updateCountdownSeconds: undefined
[2025-05-23 16:39:57.135] [info]  DiscordSplash.onStateUpdate: {"status":"downloading-updates","current":2,"total":6,"progress":90}
[2025-05-23 16:39:57.136] [info]  Splash.onStateUpdate: {"status":"downloading-updates","current":2,"total":6,"progress":90}
[2025-05-23 16:39:57.289] [info]  DiscordSplash.onStateUpdate: {"status":"downloading-updates","current":2,"total":6,"progress":91}
[2025-05-23 16:39:57.290] [info]  Splash.onStateUpdate: {"status":"downloading-updates","current":2,"total":6,"progress":91}
[2025-05-23 16:39:57.389] [info]  DiscordSplash.onStateUpdate: {"status":"downloading-updates","current":2,"total":6,"progress":92}
[2025-05-23 16:39:57.389] [info]  Splash.onStateUpdate: {"status":"downloading-updates","current":2,"total":6,"progress":92}
[2025-05-23 16:39:57.442] [info]  DiscordSplash.onStateUpdate: {"status":"downloading-updates","current":2,"total":6,"progress":93}
[2025-05-23 16:39:57.443] [info]  Splash.onStateUpdate: {"status":"downloading-updates","current":2,"total":6,"progress":93}
[2025-05-23 16:39:57.506] [info]  DiscordSplash.onStateUpdate: {"status":"downloading-updates","current":2,"total":6,"progress":94}
[2025-05-23 16:39:57.507] [info]  Splash.onStateUpdate: {"status":"downloading-updates","current":2,"total":6,"progress":94}
[2025-05-23 16:39:57.675] [info]  DiscordSplash.onStateUpdate: {"status":"downloading-updates","current":2,"total":6,"progress":95}
[2025-05-23 16:39:57.676] [info]  Splash.onStateUpdate: {"status":"downloading-updates","current":2,"total":6,"progress":95}
[2025-05-23 16:39:57.754] [info]  DiscordSplash.onStateUpdate: {"status":"downloading-updates","current":2,"total":6,"progress":96}
[2025-05-23 16:39:57.755] [info]  Splash.onStateUpdate: {"status":"downloading-updates","current":2,"total":6,"progress":96}
[2025-05-23 16:39:57.914] [info]  DiscordSplash.onStateUpdate: {"status":"downloading-updates","current":2,"total":6,"progress":97}
[2025-05-23 16:39:57.915] [info]  Splash.onStateUpdate: {"status":"downloading-updates","current":2,"total":6,"progress":97}
[2025-05-23 16:39:58.095] [info]  Splash.updateCountdownSeconds: undefined
[2025-05-23 16:39:58.108] [info]  DiscordSplash.onStateUpdate: {"status":"downloading-updates","current":2,"total":6,"progress":98}
[2025-05-23 16:39:58.109] [info]  Splash.onStateUpdate: {"status":"downloading-updates","current":2,"total":6,"progress":98}
[2025-05-23 16:39:58.145] [info]  DiscordSplash.onStateUpdate: {"status":"downloading-updates","current":2,"total":6,"progress":99}
[2025-05-23 16:39:58.146] [info]  Splash.onStateUpdate: {"status":"downloading-updates","current":2,"total":6,"progress":99}
[2025-05-23 16:39:58.230] [info]  DiscordSplash.onStateUpdate: {"status":"downloading-updates","current":2,"total":6,"progress":100}
[2025-05-23 16:39:58.231] [info]  Splash.onStateUpdate: {"status":"downloading-updates","current":2,"total":6,"progress":100}
[2025-05-23 16:39:58.232] [info]  DiscordSplash.onStateUpdate: {"status":"downloading-updates","current":3,"total":6}
[2025-05-23 16:39:58.232] [info]  Splash.onStateUpdate: {"status":"downloading-updates","current":3,"total":6}
[2025-05-23 16:39:59.095] [info]  Splash.updateCountdownSeconds: undefined
[2025-05-23 16:40:00.095] [info]  Splash.updateCountdownSeconds: undefined
[2025-05-23 16:40:01.095] [info]  Splash.updateCountdownSeconds: undefined
[2025-05-23 16:40:02.095] [info]  Splash.updateCountdownSeconds: undefined
[2025-05-23 16:40:02.533] [info]  DiscordSplash.onStateUpdate: {"status":"downloading-updates","current":3,"total":6,"progress":1}
[2025-05-23 16:40:02.534] [info]  Splash.onStateUpdate: {"status":"downloading-updates","current":3,"total":6,"progress":1}
[2025-05-23 16:40:03.095] [info]  Splash.updateCountdownSeconds: undefined
[2025-05-23 16:40:04.095] [info]  Splash.updateCountdownSeconds: undefined
[2025-05-23 16:40:05.095] [info]  Splash.updateCountdownSeconds: undefined
[2025-05-23 16:40:05.891] [info]  DiscordSplash.onStateUpdate: {"status":"downloading-updates","current":3,"total":6,"progress":2}
[2025-05-23 16:40:05.891] [info]  Splash.onStateUpdate: {"status":"downloading-updates","current":3,"total":6,"progress":2}
[2025-05-23 16:40:06.095] [info]  Splash.updateCountdownSeconds: undefined
[2025-05-23 16:40:06.685] [info]  DiscordSplash.onStateUpdate: {"status":"downloading-updates","current":3,"total":6,"progress":3}
[2025-05-23 16:40:06.686] [info]  Splash.onStateUpdate: {"status":"downloading-updates","current":3,"total":6,"progress":3}
[2025-05-23 16:40:07.091] [info]  DiscordSplash.onStateUpdate: {"status":"downloading-updates","current":3,"total":6,"progress":4}
[2025-05-23 16:40:07.092] [info]  Splash.onStateUpdate: {"status":"downloading-updates","current":3,"total":6,"progress":4}
[2025-05-23 16:40:07.094] [info]  Splash.updateCountdownSeconds: undefined
[2025-05-23 16:40:07.996] [info]  DiscordSplash.onStateUpdate: {"status":"downloading-updates","current":3,"total":6,"progress":5}
[2025-05-23 16:40:07.997] [info]  Splash.onStateUpdate: {"status":"downloading-updates","current":3,"total":6,"progress":5}
[2025-05-23 16:40:08.095] [info]  Splash.updateCountdownSeconds: undefined
[2025-05-23 16:40:08.229] [info]  DiscordSplash.onStateUpdate: {"status":"downloading-updates","current":3,"total":6,"progress":6}
[2025-05-23 16:40:08.230] [info]  Splash.onStateUpdate: {"status":"downloading-updates","current":3,"total":6,"progress":6}
[2025-05-23 16:40:08.497] [info]  DiscordSplash.onStateUpdate: {"status":"downloading-updates","current":3,"total":6,"progress":7}
[2025-05-23 16:40:08.497] [info]  Splash.onStateUpdate: {"status":"downloading-updates","current":3,"total":6,"progress":7}
[2025-05-23 16:40:08.673] [info]  DiscordSplash.onStateUpdate: {"status":"downloading-updates","current":3,"total":6,"progress":8}
[2025-05-23 16:40:08.674] [info]  Splash.onStateUpdate: {"status":"downloading-updates","current":3,"total":6,"progress":8}
[2025-05-23 16:40:09.095] [info]  Splash.updateCountdownSeconds: undefined
[2025-05-23 16:40:09.328] [info]  DiscordSplash.onStateUpdate: {"status":"downloading-updates","current":3,"total":6,"progress":9}
[2025-05-23 16:40:09.328] [info]  Splash.onStateUpdate: {"status":"downloading-updates","current":3,"total":6,"progress":9}
[2025-05-23 16:40:09.633] [info]  DiscordSplash.onStateUpdate: {"status":"downloading-updates","current":3,"total":6,"progress":10}
[2025-05-23 16:40:09.634] [info]  Splash.onStateUpdate: {"status":"downloading-updates","current":3,"total":6,"progress":10}
[2025-05-23 16:40:09.901] [info]  DiscordSplash.onStateUpdate: {"status":"downloading-updates","current":3,"total":6,"progress":11}
[2025-05-23 16:40:09.902] [info]  Splash.onStateUpdate: {"status":"downloading-updates","current":3,"total":6,"progress":11}
[2025-05-23 16:40:10.095] [info]  Splash.updateCountdownSeconds: undefined
[2025-05-23 16:40:10.142] [info]  DiscordSplash.onStateUpdate: {"status":"downloading-updates","current":3,"total":6,"progress":12}
[2025-05-23 16:40:10.144] [info]  Splash.onStateUpdate: {"status":"downloading-updates","current":3,"total":6,"progress":12}
[2025-05-23 16:40:11.095] [info]  Splash.updateCountdownSeconds: undefined
[2025-05-23 16:40:12.095] [info]  Splash.updateCountdownSeconds: undefined
[2025-05-23 16:40:12.891] [info]  DiscordSplash.onStateUpdate: {"status":"downloading-updates","current":3,"total":6,"progress":13}
[2025-05-23 16:40:12.892] [info]  Splash.onStateUpdate: {"status":"downloading-updates","current":3,"total":6,"progress":13}
[2025-05-23 16:40:12.894] [info]  DiscordSplash.onStateUpdate: {"status":"downloading-updates","current":3,"total":6,"progress":16}
[2025-05-23 16:40:12.895] [info]  Splash.onStateUpdate: {"status":"downloading-updates","current":3,"total":6,"progress":16}
[2025-05-23 16:40:12.895] [info]  DiscordSplash.onStateUpdate: {"status":"downloading-updates","current":3,"total":6,"progress":20}
[2025-05-23 16:40:12.896] [info]  Splash.onStateUpdate: {"status":"downloading-updates","current":3,"total":6,"progress":20}
[2025-05-23 16:40:13.095] [info]  Splash.updateCountdownSeconds: undefined
[2025-05-23 16:40:14.095] [info]  Splash.updateCountdownSeconds: undefined
[2025-05-23 16:40:15.095] [info]  Splash.updateCountdownSeconds: undefined
[2025-05-23 16:40:15.243] [info]  DiscordSplash.onStateUpdate: {"status":"downloading-updates","current":3,"total":6,"progress":21}
[2025-05-23 16:40:15.244] [info]  Splash.onStateUpdate: {"status":"downloading-updates","current":3,"total":6,"progress":21}
[2025-05-23 16:40:15.245] [info]  DiscordSplash.onStateUpdate: {"status":"downloading-updates","current":3,"total":6,"progress":24}
[2025-05-23 16:40:15.246] [info]  Splash.onStateUpdate: {"status":"downloading-updates","current":3,"total":6,"progress":24}
[2025-05-23 16:40:16.095] [info]  Splash.updateCountdownSeconds: undefined
[2025-05-23 16:40:16.902] [info]  DiscordSplash.onStateUpdate: {"status":"downloading-updates","current":3,"total":6,"progress":25}
[2025-05-23 16:40:16.903] [info]  Splash.onStateUpdate: {"status":"downloading-updates","current":3,"total":6,"progress":25}
[2025-05-23 16:40:16.905] [info]  DiscordSplash.onStateUpdate: {"status":"downloading-updates","current":3,"total":6,"progress":31}
[2025-05-23 16:40:16.906] [info]  Splash.onStateUpdate: {"status":"downloading-updates","current":3,"total":6,"progress":31}
[2025-05-23 16:40:16.907] [info]  DiscordSplash.onStateUpdate: {"status":"downloading-updates","current":3,"total":6,"progress":34}
[2025-05-23 16:40:16.907] [info]  Splash.onStateUpdate: {"status":"downloading-updates","current":3,"total":6,"progress":34}
[2025-05-23 16:40:17.095] [info]  Splash.updateCountdownSeconds: undefined
[2025-05-23 16:40:17.109] [info]  DiscordSplash.onStateUpdate: {"status":"downloading-updates","current":3,"total":6,"progress":35}
[2025-05-23 16:40:17.110] [info]  Splash.onStateUpdate: {"status":"downloading-updates","current":3,"total":6,"progress":35}
[2025-05-23 16:40:17.619] [info]  DiscordSplash.onStateUpdate: {"status":"downloading-updates","current":3,"total":6,"progress":36}
[2025-05-23 16:40:17.620] [info]  Splash.onStateUpdate: {"status":"downloading-updates","current":3,"total":6,"progress":36}
[2025-05-23 16:40:17.856] [info]  DiscordSplash.onStateUpdate: {"status":"downloading-updates","current":3,"total":6,"progress":37}
[2025-05-23 16:40:17.856] [info]  Splash.onStateUpdate: {"status":"downloading-updates","current":3,"total":6,"progress":37}
[2025-05-23 16:40:18.095] [info]  Splash.updateCountdownSeconds: undefined
[2025-05-23 16:40:18.199] [info]  DiscordSplash.onStateUpdate: {"status":"downloading-updates","current":3,"total":6,"progress":38}
[2025-05-23 16:40:18.200] [info]  Splash.onStateUpdate: {"status":"downloading-updates","current":3,"total":6,"progress":38}
[2025-05-23 16:40:18.326] [info]  DiscordSplash.onStateUpdate: {"status":"downloading-updates","current":3,"total":6,"progress":39}
[2025-05-23 16:40:18.327] [info]  Splash.onStateUpdate: {"status":"downloading-updates","current":3,"total":6,"progress":39}
[2025-05-23 16:40:19.095] [info]  Splash.updateCountdownSeconds: undefined
[2025-05-23 16:40:20.095] [info]  Splash.updateCountdownSeconds: undefined
[2025-05-23 16:40:21.095] [info]  Splash.updateCountdownSeconds: undefined
[2025-05-23 16:40:21.978] [info]  DiscordSplash.onStateUpdate: {"status":"downloading-updates","current":3,"total":6,"progress":40}
[2025-05-23 16:40:21.978] [info]  Splash.onStateUpdate: {"status":"downloading-updates","current":3,"total":6,"progress":40}
[2025-05-23 16:40:21.979] [info]  DiscordSplash.onStateUpdate: {"status":"downloading-updates","current":3,"total":6,"progress":41}
[2025-05-23 16:40:21.979] [info]  Splash.onStateUpdate: {"status":"downloading-updates","current":3,"total":6,"progress":41}
[2025-05-23 16:40:22.094] [info]  Splash.updateCountdownSeconds: undefined
[2025-05-23 16:40:22.244] [info]  DiscordSplash.onStateUpdate: {"status":"downloading-updates","current":3,"total":6,"progress":42}
[2025-05-23 16:40:22.244] [info]  Splash.onStateUpdate: {"status":"downloading-updates","current":3,"total":6,"progress":42}
[2025-05-23 16:40:22.248] [info]  DiscordSplash.onStateUpdate: {"status":"downloading-updates","current":3,"total":6,"progress":45}
[2025-05-23 16:40:22.248] [info]  Splash.onStateUpdate: {"status":"downloading-updates","current":3,"total":6,"progress":45}
[2025-05-23 16:40:22.249] [info]  DiscordSplash.onStateUpdate: {"status":"downloading-updates","current":3,"total":6,"progress":52}
[2025-05-23 16:40:22.249] [info]  Splash.onStateUpdate: {"status":"downloading-updates","current":3,"total":6,"progress":52}
[2025-05-23 16:40:22.358] [info]  DiscordSplash.onStateUpdate: {"status":"downloading-updates","current":3,"total":6,"progress":53}
[2025-05-23 16:40:22.359] [info]  Splash.onStateUpdate: {"status":"downloading-updates","current":3,"total":6,"progress":53}
[2025-05-23 16:40:23.095] [info]  Splash.updateCountdownSeconds: undefined
[2025-05-23 16:40:24.095] [info]  Splash.updateCountdownSeconds: undefined
[2025-05-23 16:40:24.122] [info]  DiscordSplash.onStateUpdate: {"status":"downloading-updates","current":3,"total":6,"progress":54}
[2025-05-23 16:40:24.123] [info]  Splash.onStateUpdate: {"status":"downloading-updates","current":3,"total":6,"progress":54}
[2025-05-23 16:40:24.696] [info]  DiscordSplash.onStateUpdate: {"status":"downloading-updates","current":3,"total":6,"progress":55}
[2025-05-23 16:40:24.696] [info]  Splash.onStateUpdate: {"status":"downloading-updates","current":3,"total":6,"progress":55}
[2025-05-23 16:40:24.926] [info]  DiscordSplash.onStateUpdate: {"status":"downloading-updates","current":3,"total":6,"progress":56}
[2025-05-23 16:40:24.927] [info]  Splash.onStateUpdate: {"status":"downloading-updates","current":3,"total":6,"progress":56}
[2025-05-23 16:40:25.095] [info]  Splash.updateCountdownSeconds: undefined
[2025-05-23 16:40:25.392] [info]  DiscordSplash.onStateUpdate: {"status":"downloading-updates","current":3,"total":6,"progress":58}
[2025-05-23 16:40:25.393] [info]  Splash.onStateUpdate: {"status":"downloading-updates","current":3,"total":6,"progress":58}
[2025-05-23 16:40:25.537] [info]  DiscordSplash.onStateUpdate: {"status":"downloading-updates","current":3,"total":6,"progress":59}
[2025-05-23 16:40:25.538] [info]  Splash.onStateUpdate: {"status":"downloading-updates","current":3,"total":6,"progress":59}
[2025-05-23 16:40:26.095] [info]  Splash.updateCountdownSeconds: undefined
[2025-05-23 16:40:26.662] [info]  DiscordSplash.onStateUpdate: {"status":"downloading-updates","current":3,"total":6,"progress":60}
[2025-05-23 16:40:26.663] [info]  Splash.onStateUpdate: {"status":"downloading-updates","current":3,"total":6,"progress":60}
[2025-05-23 16:40:26.713] [info]  DiscordSplash.onStateUpdate: {"status":"downloading-updates","current":3,"total":6,"progress":61}
[2025-05-23 16:40:26.716] [info]  Splash.onStateUpdate: {"status":"downloading-updates","current":3,"total":6,"progress":61}
[2025-05-23 16:40:26.717] [info]  DiscordSplash.onStateUpdate: {"status":"downloading-updates","current":3,"total":6,"progress":62}
[2025-05-23 16:40:26.717] [info]  Splash.onStateUpdate: {"status":"downloading-updates","current":3,"total":6,"progress":62}
[2025-05-23 16:40:26.965] [info]  DiscordSplash.onStateUpdate: {"status":"downloading-updates","current":3,"total":6,"progress":63}
[2025-05-23 16:40:26.966] [info]  Splash.onStateUpdate: {"status":"downloading-updates","current":3,"total":6,"progress":63}
[2025-05-23 16:40:27.095] [info]  Splash.updateCountdownSeconds: undefined
[2025-05-23 16:40:27.139] [info]  DiscordSplash.onStateUpdate: {"status":"downloading-updates","current":3,"total":6,"progress":64}
[2025-05-23 16:40:27.139] [info]  Splash.onStateUpdate: {"status":"downloading-updates","current":3,"total":6,"progress":64}
[2025-05-23 16:40:27.730] [info]  DiscordSplash.onStateUpdate: {"status":"downloading-updates","current":3,"total":6,"progress":65}
[2025-05-23 16:40:27.730] [info]  Splash.onStateUpdate: {"status":"downloading-updates","current":3,"total":6,"progress":65}
[2025-05-23 16:40:27.731] [info]  DiscordSplash.onStateUpdate: {"status":"downloading-updates","current":3,"total":6,"progress":66}
[2025-05-23 16:40:27.731] [info]  Splash.onStateUpdate: {"status":"downloading-updates","current":3,"total":6,"progress":66}
[2025-05-23 16:40:27.834] [info]  DiscordSplash.onStateUpdate: {"status":"downloading-updates","current":3,"total":6,"progress":67}
[2025-05-23 16:40:27.835] [info]  Splash.onStateUpdate: {"status":"downloading-updates","current":3,"total":6,"progress":67}
[2025-05-23 16:40:28.005] [info]  DiscordSplash.onStateUpdate: {"status":"downloading-updates","current":3,"total":6,"progress":68}
[2025-05-23 16:40:28.006] [info]  Splash.onStateUpdate: {"status":"downloading-updates","current":3,"total":6,"progress":68}
[2025-05-23 16:40:28.095] [info]  Splash.updateCountdownSeconds: undefined
[2025-05-23 16:40:28.179] [info]  DiscordSplash.onStateUpdate: {"status":"downloading-updates","current":3,"total":6,"progress":69}
[2025-05-23 16:40:28.179] [info]  Splash.onStateUpdate: {"status":"downloading-updates","current":3,"total":6,"progress":69}
[2025-05-23 16:40:28.385] [info]  DiscordSplash.onStateUpdate: {"status":"downloading-updates","current":3,"total":6,"progress":70}
[2025-05-23 16:40:28.386] [info]  Splash.onStateUpdate: {"status":"downloading-updates","current":3,"total":6,"progress":70}
[2025-05-23 16:40:28.580] [info]  DiscordSplash.onStateUpdate: {"status":"downloading-updates","current":3,"total":6,"progress":71}
[2025-05-23 16:40:28.581] [info]  Splash.onStateUpdate: {"status":"downloading-updates","current":3,"total":6,"progress":71}
[2025-05-23 16:40:28.811] [info]  DiscordSplash.onStateUpdate: {"status":"downloading-updates","current":3,"total":6,"progress":72}
[2025-05-23 16:40:28.811] [info]  Splash.onStateUpdate: {"status":"downloading-updates","current":3,"total":6,"progress":72}
[2025-05-23 16:40:29.062] [info]  DiscordSplash.onStateUpdate: {"status":"downloading-updates","current":3,"total":6,"progress":73}
[2025-05-23 16:40:29.063] [info]  Splash.onStateUpdate: {"status":"downloading-updates","current":3,"total":6,"progress":73}
[2025-05-23 16:40:29.094] [info]  Splash.updateCountdownSeconds: undefined
[2025-05-23 16:40:29.343] [info]  DiscordSplash.onStateUpdate: {"status":"downloading-updates","current":3,"total":6,"progress":74}
[2025-05-23 16:40:29.344] [info]  Splash.onStateUpdate: {"status":"downloading-updates","current":3,"total":6,"progress":74}
[2025-05-23 16:40:29.854] [info]  DiscordSplash.onStateUpdate: {"status":"downloading-updates","current":3,"total":6,"progress":75}
[2025-05-23 16:40:29.854] [info]  Splash.onStateUpdate: {"status":"downloading-updates","current":3,"total":6,"progress":75}
[2025-05-23 16:40:29.883] [info]  DiscordSplash.onStateUpdate: {"status":"downloading-updates","current":3,"total":6,"progress":76}
[2025-05-23 16:40:29.883] [info]  Splash.onStateUpdate: {"status":"downloading-updates","current":3,"total":6,"progress":76}
[2025-05-23 16:40:30.095] [info]  Splash.updateCountdownSeconds: undefined
[2025-05-23 16:40:30.302] [info]  DiscordSplash.onStateUpdate: {"status":"downloading-updates","current":3,"total":6,"progress":77}
[2025-05-23 16:40:30.303] [info]  Splash.onStateUpdate: {"status":"downloading-updates","current":3,"total":6,"progress":77}
[2025-05-23 16:40:30.820] [info]  DiscordSplash.onStateUpdate: {"status":"downloading-updates","current":3,"total":6,"progress":78}
[2025-05-23 16:40:30.821] [info]  Splash.onStateUpdate: {"status":"downloading-updates","current":3,"total":6,"progress":78}
[2025-05-23 16:40:31.095] [info]  Splash.updateCountdownSeconds: undefined
[2025-05-23 16:40:31.123] [info]  DiscordSplash.onStateUpdate: {"status":"downloading-updates","current":3,"total":6,"progress":79}
[2025-05-23 16:40:31.124] [info]  Splash.onStateUpdate: {"status":"downloading-updates","current":3,"total":6,"progress":79}
[2025-05-23 16:40:31.375] [info]  DiscordSplash.onStateUpdate: {"status":"downloading-updates","current":3,"total":6,"progress":80}
[2025-05-23 16:40:31.376] [info]  Splash.onStateUpdate: {"status":"downloading-updates","current":3,"total":6,"progress":80}
[2025-05-23 16:40:31.608] [info]  DiscordSplash.onStateUpdate: {"status":"downloading-updates","current":3,"total":6,"progress":81}
[2025-05-23 16:40:31.608] [info]  Splash.onStateUpdate: {"status":"downloading-updates","current":3,"total":6,"progress":81}
[2025-05-23 16:40:32.060] [info]  DiscordSplash.onStateUpdate: {"status":"downloading-updates","current":3,"total":6,"progress":82}
[2025-05-23 16:40:32.061] [info]  Splash.onStateUpdate: {"status":"downloading-updates","current":3,"total":6,"progress":82}
[2025-05-23 16:40:32.095] [info]  Splash.updateCountdownSeconds: undefined
[2025-05-23 16:40:32.255] [info]  DiscordSplash.onStateUpdate: {"status":"downloading-updates","current":3,"total":6,"progress":83}
[2025-05-23 16:40:32.256] [info]  Splash.onStateUpdate: {"status":"downloading-updates","current":3,"total":6,"progress":83}
[2025-05-23 16:40:32.566] [info]  DiscordSplash.onStateUpdate: {"status":"downloading-updates","current":3,"total":6,"progress":84}
[2025-05-23 16:40:32.567] [info]  Splash.onStateUpdate: {"status":"downloading-updates","current":3,"total":6,"progress":84}
[2025-05-23 16:40:32.751] [info]  DiscordSplash.onStateUpdate: {"status":"downloading-updates","current":3,"total":6,"progress":85}
[2025-05-23 16:40:32.752] [info]  Splash.onStateUpdate: {"status":"downloading-updates","current":3,"total":6,"progress":85}
[2025-05-23 16:40:33.080] [info]  DiscordSplash.onStateUpdate: {"status":"downloading-updates","current":3,"total":6,"progress":86}
[2025-05-23 16:40:33.081] [info]  Splash.onStateUpdate: {"status":"downloading-updates","current":3,"total":6,"progress":86}
[2025-05-23 16:40:33.095] [info]  Splash.updateCountdownSeconds: undefined
[2025-05-23 16:40:33.219] [info]  DiscordSplash.onStateUpdate: {"status":"downloading-updates","current":3,"total":6,"progress":87}
[2025-05-23 16:40:33.219] [info]  Splash.onStateUpdate: {"status":"downloading-updates","current":3,"total":6,"progress":87}
[2025-05-23 16:40:33.326] [info]  DiscordSplash.onStateUpdate: {"status":"downloading-updates","current":3,"total":6,"progress":88}
[2025-05-23 16:40:33.327] [info]  Splash.onStateUpdate: {"status":"downloading-updates","current":3,"total":6,"progress":88}
[2025-05-23 16:40:33.414] [info]  DiscordSplash.onStateUpdate: {"status":"downloading-updates","current":3,"total":6,"progress":89}
[2025-05-23 16:40:33.415] [info]  Splash.onStateUpdate: {"status":"downloading-updates","current":3,"total":6,"progress":89}
[2025-05-23 16:40:33.519] [info]  DiscordSplash.onStateUpdate: {"status":"downloading-updates","current":3,"total":6,"progress":90}
[2025-05-23 16:40:33.520] [info]  Splash.onStateUpdate: {"status":"downloading-updates","current":3,"total":6,"progress":90}
[2025-05-23 16:40:33.655] [info]  DiscordSplash.onStateUpdate: {"status":"downloading-updates","current":3,"total":6,"progress":91}
[2025-05-23 16:40:33.656] [info]  Splash.onStateUpdate: {"status":"downloading-updates","current":3,"total":6,"progress":91}
[2025-05-23 16:40:33.756] [info]  DiscordSplash.onStateUpdate: {"status":"downloading-updates","current":3,"total":6,"progress":92}
[2025-05-23 16:40:33.757] [info]  Splash.onStateUpdate: {"status":"downloading-updates","current":3,"total":6,"progress":92}
[2025-05-23 16:40:33.947] [info]  DiscordSplash.onStateUpdate: {"status":"downloading-updates","current":3,"total":6,"progress":93}
[2025-05-23 16:40:33.948] [info]  Splash.onStateUpdate: {"status":"downloading-updates","current":3,"total":6,"progress":93}
[2025-05-23 16:40:34.095] [info]  Splash.updateCountdownSeconds: undefined
[2025-05-23 16:40:34.113] [info]  DiscordSplash.onStateUpdate: {"status":"downloading-updates","current":3,"total":6,"progress":94}
[2025-05-23 16:40:34.114] [info]  Splash.onStateUpdate: {"status":"downloading-updates","current":3,"total":6,"progress":94}
[2025-05-23 16:40:34.310] [info]  DiscordSplash.onStateUpdate: {"status":"downloading-updates","current":3,"total":6,"progress":95}
[2025-05-23 16:40:34.310] [info]  Splash.onStateUpdate: {"status":"downloading-updates","current":3,"total":6,"progress":95}
[2025-05-23 16:40:34.681] [info]  DiscordSplash.onStateUpdate: {"status":"downloading-updates","current":3,"total":6,"progress":96}
[2025-05-23 16:40:34.682] [info]  Splash.onStateUpdate: {"status":"downloading-updates","current":3,"total":6,"progress":96}
[2025-05-23 16:40:34.683] [info]  DiscordSplash.onStateUpdate: {"status":"downloading-updates","current":3,"total":6,"progress":97}
[2025-05-23 16:40:34.684] [info]  Splash.onStateUpdate: {"status":"downloading-updates","current":3,"total":6,"progress":97}
[2025-05-23 16:40:35.095] [info]  Splash.updateCountdownSeconds: undefined
[2025-05-23 16:40:35.152] [info]  DiscordSplash.onStateUpdate: {"status":"downloading-updates","current":3,"total":6,"progress":98}
[2025-05-23 16:40:35.153] [info]  Splash.onStateUpdate: {"status":"downloading-updates","current":3,"total":6,"progress":98}
[2025-05-23 16:40:35.452] [info]  DiscordSplash.onStateUpdate: {"status":"downloading-updates","current":3,"total":6,"progress":99}
[2025-05-23 16:40:35.453] [info]  Splash.onStateUpdate: {"status":"downloading-updates","current":3,"total":6,"progress":99}
[2025-05-23 16:40:36.019] [info]  DiscordSplash.onStateUpdate: {"status":"downloading-updates","current":3,"total":6,"progress":100}
[2025-05-23 16:40:36.020] [info]  Splash.onStateUpdate: {"status":"downloading-updates","current":3,"total":6,"progress":100}
[2025-05-23 16:40:36.020] [info]  DiscordSplash.onStateUpdate: {"status":"downloading-updates","current":4,"total":6}
[2025-05-23 16:40:36.021] [info]  Splash.onStateUpdate: {"status":"downloading-updates","current":4,"total":6}
[2025-05-23 16:40:36.095] [info]  Splash.updateCountdownSeconds: undefined
[2025-05-23 16:40:37.094] [info]  Splash.updateCountdownSeconds: undefined
[2025-05-23 16:40:37.686] [info]  DiscordSplash.onStateUpdate: {"status":"downloading-updates","current":4,"total":6,"progress":4}
[2025-05-23 16:40:37.687] [info]  Splash.onStateUpdate: {"status":"downloading-updates","current":4,"total":6,"progress":4}
[2025-05-23 16:40:37.846] [info]  DiscordSplash.onStateUpdate: {"status":"downloading-updates","current":4,"total":6,"progress":5}
[2025-05-23 16:40:37.847] [info]  Splash.onStateUpdate: {"status":"downloading-updates","current":4,"total":6,"progress":5}
[2025-05-23 16:40:38.095] [info]  Splash.updateCountdownSeconds: undefined
[2025-05-23 16:40:38.124] [info]  DiscordSplash.onStateUpdate: {"status":"downloading-updates","current":4,"total":6,"progress":6}
[2025-05-23 16:40:38.125] [info]  Splash.onStateUpdate: {"status":"downloading-updates","current":4,"total":6,"progress":6}
[2025-05-23 16:40:38.344] [info]  DiscordSplash.onStateUpdate: {"status":"downloading-updates","current":4,"total":6,"progress":7}
[2025-05-23 16:40:38.345] [info]  Splash.onStateUpdate: {"status":"downloading-updates","current":4,"total":6,"progress":7}
[2025-05-23 16:40:39.095] [info]  Splash.updateCountdownSeconds: undefined
[2025-05-23 16:40:40.095] [info]  Splash.updateCountdownSeconds: undefined
[2025-05-23 16:40:40.614] [info]  DiscordSplash.onStateUpdate: {"status":"downloading-updates","current":4,"total":6,"progress":9}
[2025-05-23 16:40:40.614] [info]  Splash.onStateUpdate: {"status":"downloading-updates","current":4,"total":6,"progress":9}
[2025-05-23 16:40:40.615] [info]  DiscordSplash.onStateUpdate: {"status":"downloading-updates","current":4,"total":6,"progress":16}
[2025-05-23 16:40:40.616] [info]  Splash.onStateUpdate: {"status":"downloading-updates","current":4,"total":6,"progress":16}
[2025-05-23 16:40:41.095] [info]  Splash.updateCountdownSeconds: undefined
[2025-05-23 16:40:41.839] [info]  DiscordSplash.onStateUpdate: {"status":"downloading-updates","current":4,"total":6,"progress":18}
[2025-05-23 16:40:41.840] [info]  Splash.onStateUpdate: {"status":"downloading-updates","current":4,"total":6,"progress":18}
[2025-05-23 16:40:41.841] [info]  DiscordSplash.onStateUpdate: {"status":"downloading-updates","current":4,"total":6,"progress":19}
[2025-05-23 16:40:41.841] [info]  Splash.onStateUpdate: {"status":"downloading-updates","current":4,"total":6,"progress":19}
[2025-05-23 16:40:42.095] [info]  Splash.updateCountdownSeconds: undefined
[2025-05-23 16:40:42.902] [info]  DiscordSplash.onStateUpdate: {"status":"downloading-updates","current":4,"total":6,"progress":20}
[2025-05-23 16:40:42.902] [info]  Splash.onStateUpdate: {"status":"downloading-updates","current":4,"total":6,"progress":20}
[2025-05-23 16:40:42.963] [info]  DiscordSplash.onStateUpdate: {"status":"downloading-updates","current":4,"total":6,"progress":21}
[2025-05-23 16:40:42.963] [info]  Splash.onStateUpdate: {"status":"downloading-updates","current":4,"total":6,"progress":21}
[2025-05-23 16:40:43.038] [info]  DiscordSplash.onStateUpdate: {"status":"downloading-updates","current":4,"total":6,"progress":22}
[2025-05-23 16:40:43.039] [info]  Splash.onStateUpdate: {"status":"downloading-updates","current":4,"total":6,"progress":22}
[2025-05-23 16:40:43.095] [info]  Splash.updateCountdownSeconds: undefined
[2025-05-23 16:40:43.193] [info]  DiscordSplash.onStateUpdate: {"status":"downloading-updates","current":4,"total":6,"progress":23}
[2025-05-23 16:40:43.193] [info]  Splash.onStateUpdate: {"status":"downloading-updates","current":4,"total":6,"progress":23}
[2025-05-23 16:40:43.291] [info]  DiscordSplash.onStateUpdate: {"status":"downloading-updates","current":4,"total":6,"progress":24}
[2025-05-23 16:40:43.292] [info]  Splash.onStateUpdate: {"status":"downloading-updates","current":4,"total":6,"progress":24}
[2025-05-23 16:40:43.383] [info]  DiscordSplash.onStateUpdate: {"status":"downloading-updates","current":4,"total":6,"progress":26}
[2025-05-23 16:40:43.384] [info]  Splash.onStateUpdate: {"status":"downloading-updates","current":4,"total":6,"progress":26}
[2025-05-23 16:40:43.384] [info]  DiscordSplash.onStateUpdate: {"status":"downloading-updates","current":4,"total":6,"progress":28}
[2025-05-23 16:40:43.384] [info]  Splash.onStateUpdate: {"status":"downloading-updates","current":4,"total":6,"progress":28}
[2025-05-23 16:40:43.455] [info]  DiscordSplash.onStateUpdate: {"status":"downloading-updates","current":4,"total":6,"progress":29}
[2025-05-23 16:40:43.456] [info]  Splash.onStateUpdate: {"status":"downloading-updates","current":4,"total":6,"progress":29}
[2025-05-23 16:40:43.589] [info]  DiscordSplash.onStateUpdate: {"status":"downloading-updates","current":4,"total":6,"progress":30}
[2025-05-23 16:40:43.590] [info]  Splash.onStateUpdate: {"status":"downloading-updates","current":4,"total":6,"progress":30}
[2025-05-23 16:40:43.676] [info]  DiscordSplash.onStateUpdate: {"status":"downloading-updates","current":4,"total":6,"progress":31}
[2025-05-23 16:40:43.677] [info]  Splash.onStateUpdate: {"status":"downloading-updates","current":4,"total":6,"progress":31}
[2025-05-23 16:40:43.787] [info]  DiscordSplash.onStateUpdate: {"status":"downloading-updates","current":4,"total":6,"progress":32}
[2025-05-23 16:40:43.788] [info]  Splash.onStateUpdate: {"status":"downloading-updates","current":4,"total":6,"progress":32}
[2025-05-23 16:40:43.858] [info]  DiscordSplash.onStateUpdate: {"status":"downloading-updates","current":4,"total":6,"progress":33}
[2025-05-23 16:40:43.858] [info]  Splash.onStateUpdate: {"status":"downloading-updates","current":4,"total":6,"progress":33}
[2025-05-23 16:40:44.070] [info]  DiscordSplash.onStateUpdate: {"status":"downloading-updates","current":4,"total":6,"progress":34}
[2025-05-23 16:40:44.070] [info]  Splash.onStateUpdate: {"status":"downloading-updates","current":4,"total":6,"progress":34}
[2025-05-23 16:40:44.095] [info]  Splash.updateCountdownSeconds: undefined
[2025-05-23 16:40:44.255] [info]  DiscordSplash.onStateUpdate: {"status":"downloading-updates","current":4,"total":6,"progress":35}
[2025-05-23 16:40:44.256] [info]  Splash.onStateUpdate: {"status":"downloading-updates","current":4,"total":6,"progress":35}
[2025-05-23 16:40:44.373] [info]  DiscordSplash.onStateUpdate: {"status":"downloading-updates","current":4,"total":6,"progress":36}
[2025-05-23 16:40:44.374] [info]  Splash.onStateUpdate: {"status":"downloading-updates","current":4,"total":6,"progress":36}
[2025-05-23 16:40:44.621] [info]  DiscordSplash.onStateUpdate: {"status":"downloading-updates","current":4,"total":6,"progress":37}
[2025-05-23 16:40:44.622] [info]  Splash.onStateUpdate: {"status":"downloading-updates","current":4,"total":6,"progress":37}
[2025-05-23 16:40:44.834] [info]  DiscordSplash.onStateUpdate: {"status":"downloading-updates","current":4,"total":6,"progress":38}
[2025-05-23 16:40:44.835] [info]  Splash.onStateUpdate: {"status":"downloading-updates","current":4,"total":6,"progress":38}
[2025-05-23 16:40:45.095] [info]  Splash.updateCountdownSeconds: undefined
[2025-05-23 16:40:45.173] [info]  DiscordSplash.onStateUpdate: {"status":"downloading-updates","current":4,"total":6,"progress":39}
[2025-05-23 16:40:45.174] [info]  Splash.onStateUpdate: {"status":"downloading-updates","current":4,"total":6,"progress":39}
[2025-05-23 16:40:45.486] [info]  DiscordSplash.onStateUpdate: {"status":"downloading-updates","current":4,"total":6,"progress":40}
[2025-05-23 16:40:45.486] [info]  Splash.onStateUpdate: {"status":"downloading-updates","current":4,"total":6,"progress":40}
[2025-05-23 16:40:45.667] [info]  DiscordSplash.onStateUpdate: {"status":"downloading-updates","current":4,"total":6,"progress":41}
[2025-05-23 16:40:45.667] [info]  Splash.onStateUpdate: {"status":"downloading-updates","current":4,"total":6,"progress":41}
[2025-05-23 16:40:45.783] [info]  DiscordSplash.onStateUpdate: {"status":"downloading-updates","current":4,"total":6,"progress":42}
[2025-05-23 16:40:45.784] [info]  Splash.onStateUpdate: {"status":"downloading-updates","current":4,"total":6,"progress":42}
[2025-05-23 16:40:45.895] [info]  DiscordSplash.onStateUpdate: {"status":"downloading-updates","current":4,"total":6,"progress":43}
[2025-05-23 16:40:45.895] [info]  Splash.onStateUpdate: {"status":"downloading-updates","current":4,"total":6,"progress":43}
[2025-05-23 16:40:46.095] [info]  Splash.updateCountdownSeconds: undefined
[2025-05-23 16:40:46.122] [info]  DiscordSplash.onStateUpdate: {"status":"downloading-updates","current":4,"total":6,"progress":44}
[2025-05-23 16:40:46.123] [info]  Splash.onStateUpdate: {"status":"downloading-updates","current":4,"total":6,"progress":44}
[2025-05-23 16:40:46.259] [info]  DiscordSplash.onStateUpdate: {"status":"downloading-updates","current":4,"total":6,"progress":45}
[2025-05-23 16:40:46.260] [info]  Splash.onStateUpdate: {"status":"downloading-updates","current":4,"total":6,"progress":45}
[2025-05-23 16:40:46.444] [info]  DiscordSplash.onStateUpdate: {"status":"downloading-updates","current":4,"total":6,"progress":46}
[2025-05-23 16:40:46.445] [info]  Splash.onStateUpdate: {"status":"downloading-updates","current":4,"total":6,"progress":46}
[2025-05-23 16:40:46.727] [info]  DiscordSplash.onStateUpdate: {"status":"downloading-updates","current":4,"total":6,"progress":47}
[2025-05-23 16:40:46.728] [info]  Splash.onStateUpdate: {"status":"downloading-updates","current":4,"total":6,"progress":47}
[2025-05-23 16:40:46.987] [info]  DiscordSplash.onStateUpdate: {"status":"downloading-updates","current":4,"total":6,"progress":48}
[2025-05-23 16:40:46.987] [info]  Splash.onStateUpdate: {"status":"downloading-updates","current":4,"total":6,"progress":48}
[2025-05-23 16:40:47.094] [info]  Splash.updateCountdownSeconds: undefined
[2025-05-23 16:40:47.191] [info]  DiscordSplash.onStateUpdate: {"status":"downloading-updates","current":4,"total":6,"progress":49}
[2025-05-23 16:40:47.191] [info]  Splash.onStateUpdate: {"status":"downloading-updates","current":4,"total":6,"progress":49}
[2025-05-23 16:40:47.475] [info]  DiscordSplash.onStateUpdate: {"status":"downloading-updates","current":4,"total":6,"progress":50}
[2025-05-23 16:40:47.476] [info]  Splash.onStateUpdate: {"status":"downloading-updates","current":4,"total":6,"progress":50}
[2025-05-23 16:40:47.668] [info]  DiscordSplash.onStateUpdate: {"status":"downloading-updates","current":4,"total":6,"progress":51}
[2025-05-23 16:40:47.668] [info]  Splash.onStateUpdate: {"status":"downloading-updates","current":4,"total":6,"progress":51}
[2025-05-23 16:40:47.871] [info]  DiscordSplash.onStateUpdate: {"status":"downloading-updates","current":4,"total":6,"progress":52}
[2025-05-23 16:40:47.872] [info]  Splash.onStateUpdate: {"status":"downloading-updates","current":4,"total":6,"progress":52}
[2025-05-23 16:40:48.035] [info]  DiscordSplash.onStateUpdate: {"status":"downloading-updates","current":4,"total":6,"progress":53}
[2025-05-23 16:40:48.036] [info]  Splash.onStateUpdate: {"status":"downloading-updates","current":4,"total":6,"progress":53}
[2025-05-23 16:40:48.095] [info]  Splash.updateCountdownSeconds: undefined
[2025-05-23 16:40:48.102] [info]  DiscordSplash.onStateUpdate: {"status":"downloading-updates","current":4,"total":6,"progress":54}
[2025-05-23 16:40:48.103] [info]  Splash.onStateUpdate: {"status":"downloading-updates","current":4,"total":6,"progress":54}
[2025-05-23 16:40:48.221] [info]  DiscordSplash.onStateUpdate: {"status":"downloading-updates","current":4,"total":6,"progress":55}
[2025-05-23 16:40:48.221] [info]  Splash.onStateUpdate: {"status":"downloading-updates","current":4,"total":6,"progress":55}
[2025-05-23 16:40:48.285] [info]  DiscordSplash.onStateUpdate: {"status":"downloading-updates","current":4,"total":6,"progress":56}
[2025-05-23 16:40:48.286] [info]  Splash.onStateUpdate: {"status":"downloading-updates","current":4,"total":6,"progress":56}
[2025-05-23 16:40:48.396] [info]  DiscordSplash.onStateUpdate: {"status":"downloading-updates","current":4,"total":6,"progress":57}
[2025-05-23 16:40:48.396] [info]  Splash.onStateUpdate: {"status":"downloading-updates","current":4,"total":6,"progress":57}
[2025-05-23 16:40:48.510] [info]  DiscordSplash.onStateUpdate: {"status":"downloading-updates","current":4,"total":6,"progress":58}
[2025-05-23 16:40:48.510] [info]  Splash.onStateUpdate: {"status":"downloading-updates","current":4,"total":6,"progress":58}
[2025-05-23 16:40:48.633] [info]  DiscordSplash.onStateUpdate: {"status":"downloading-updates","current":4,"total":6,"progress":59}
[2025-05-23 16:40:48.634] [info]  Splash.onStateUpdate: {"status":"downloading-updates","current":4,"total":6,"progress":59}
[2025-05-23 16:40:48.717] [info]  DiscordSplash.onStateUpdate: {"status":"downloading-updates","current":4,"total":6,"progress":60}
[2025-05-23 16:40:48.718] [info]  Splash.onStateUpdate: {"status":"downloading-updates","current":4,"total":6,"progress":60}
[2025-05-23 16:40:48.815] [info]  DiscordSplash.onStateUpdate: {"status":"downloading-updates","current":4,"total":6,"progress":61}
[2025-05-23 16:40:48.815] [info]  Splash.onStateUpdate: {"status":"downloading-updates","current":4,"total":6,"progress":61}
[2025-05-23 16:40:48.913] [info]  DiscordSplash.onStateUpdate: {"status":"downloading-updates","current":4,"total":6,"progress":62}
[2025-05-23 16:40:48.914] [info]  Splash.onStateUpdate: {"status":"downloading-updates","current":4,"total":6,"progress":62}
[2025-05-23 16:40:49.011] [info]  DiscordSplash.onStateUpdate: {"status":"downloading-updates","current":4,"total":6,"progress":63}
[2025-05-23 16:40:49.011] [info]  Splash.onStateUpdate: {"status":"downloading-updates","current":4,"total":6,"progress":63}
[2025-05-23 16:40:49.094] [info]  Splash.updateCountdownSeconds: undefined
[2025-05-23 16:40:49.118] [info]  DiscordSplash.onStateUpdate: {"status":"downloading-updates","current":4,"total":6,"progress":64}
[2025-05-23 16:40:49.119] [info]  Splash.onStateUpdate: {"status":"downloading-updates","current":4,"total":6,"progress":64}
[2025-05-23 16:40:49.208] [info]  DiscordSplash.onStateUpdate: {"status":"downloading-updates","current":4,"total":6,"progress":65}
[2025-05-23 16:40:49.208] [info]  Splash.onStateUpdate: {"status":"downloading-updates","current":4,"total":6,"progress":65}
[2025-05-23 16:40:49.353] [info]  DiscordSplash.onStateUpdate: {"status":"downloading-updates","current":4,"total":6,"progress":66}
[2025-05-23 16:40:49.354] [info]  Splash.onStateUpdate: {"status":"downloading-updates","current":4,"total":6,"progress":66}
[2025-05-23 16:40:49.479] [info]  DiscordSplash.onStateUpdate: {"status":"downloading-updates","current":4,"total":6,"progress":67}
[2025-05-23 16:40:49.480] [info]  Splash.onStateUpdate: {"status":"downloading-updates","current":4,"total":6,"progress":67}
[2025-05-23 16:40:49.687] [info]  DiscordSplash.onStateUpdate: {"status":"downloading-updates","current":4,"total":6,"progress":68}
[2025-05-23 16:40:49.687] [info]  Splash.onStateUpdate: {"status":"downloading-updates","current":4,"total":6,"progress":68}
[2025-05-23 16:40:49.777] [info]  DiscordSplash.onStateUpdate: {"status":"downloading-updates","current":4,"total":6,"progress":69}
[2025-05-23 16:40:49.778] [info]  Splash.onStateUpdate: {"status":"downloading-updates","current":4,"total":6,"progress":69}
[2025-05-23 16:40:49.905] [info]  DiscordSplash.onStateUpdate: {"status":"downloading-updates","current":4,"total":6,"progress":70}
[2025-05-23 16:40:49.906] [info]  Splash.onStateUpdate: {"status":"downloading-updates","current":4,"total":6,"progress":70}
[2025-05-23 16:40:49.987] [info]  DiscordSplash.onStateUpdate: {"status":"downloading-updates","current":4,"total":6,"progress":71}
[2025-05-23 16:40:49.987] [info]  Splash.onStateUpdate: {"status":"downloading-updates","current":4,"total":6,"progress":71}
[2025-05-23 16:40:50.095] [info]  Splash.updateCountdownSeconds: undefined
[2025-05-23 16:40:50.167] [info]  DiscordSplash.onStateUpdate: {"status":"downloading-updates","current":4,"total":6,"progress":72}
[2025-05-23 16:40:50.168] [info]  Splash.onStateUpdate: {"status":"downloading-updates","current":4,"total":6,"progress":72}
[2025-05-23 16:40:50.313] [info]  DiscordSplash.onStateUpdate: {"status":"downloading-updates","current":4,"total":6,"progress":73}
[2025-05-23 16:40:50.314] [info]  Splash.onStateUpdate: {"status":"downloading-updates","current":4,"total":6,"progress":73}
[2025-05-23 16:40:50.444] [info]  DiscordSplash.onStateUpdate: {"status":"downloading-updates","current":4,"total":6,"progress":74}
[2025-05-23 16:40:50.445] [info]  Splash.onStateUpdate: {"status":"downloading-updates","current":4,"total":6,"progress":74}
[2025-05-23 16:40:50.558] [info]  DiscordSplash.onStateUpdate: {"status":"downloading-updates","current":4,"total":6,"progress":75}
[2025-05-23 16:40:50.558] [info]  Splash.onStateUpdate: {"status":"downloading-updates","current":4,"total":6,"progress":75}
[2025-05-23 16:40:50.710] [info]  DiscordSplash.onStateUpdate: {"status":"downloading-updates","current":4,"total":6,"progress":76}
[2025-05-23 16:40:50.711] [info]  Splash.onStateUpdate: {"status":"downloading-updates","current":4,"total":6,"progress":76}
[2025-05-23 16:40:50.957] [info]  DiscordSplash.onStateUpdate: {"status":"downloading-updates","current":4,"total":6,"progress":77}
[2025-05-23 16:40:50.958] [info]  Splash.onStateUpdate: {"status":"downloading-updates","current":4,"total":6,"progress":77}
[2025-05-23 16:40:51.095] [info]  Splash.updateCountdownSeconds: undefined
[2025-05-23 16:40:51.269] [info]  DiscordSplash.onStateUpdate: {"status":"downloading-updates","current":4,"total":6,"progress":78}
[2025-05-23 16:40:51.269] [info]  Splash.onStateUpdate: {"status":"downloading-updates","current":4,"total":6,"progress":78}
[2025-05-23 16:40:51.417] [info]  DiscordSplash.onStateUpdate: {"status":"downloading-updates","current":4,"total":6,"progress":79}
[2025-05-23 16:40:51.418] [info]  Splash.onStateUpdate: {"status":"downloading-updates","current":4,"total":6,"progress":79}
[2025-05-23 16:40:51.655] [info]  DiscordSplash.onStateUpdate: {"status":"downloading-updates","current":4,"total":6,"progress":80}
[2025-05-23 16:40:51.655] [info]  Splash.onStateUpdate: {"status":"downloading-updates","current":4,"total":6,"progress":80}
[2025-05-23 16:40:51.819] [info]  DiscordSplash.onStateUpdate: {"status":"downloading-updates","current":4,"total":6,"progress":81}
[2025-05-23 16:40:51.819] [info]  Splash.onStateUpdate: {"status":"downloading-updates","current":4,"total":6,"progress":81}
[2025-05-23 16:40:52.095] [info]  Splash.updateCountdownSeconds: undefined
[2025-05-23 16:40:52.115] [info]  DiscordSplash.onStateUpdate: {"status":"downloading-updates","current":4,"total":6,"progress":82}
[2025-05-23 16:40:52.115] [info]  Splash.onStateUpdate: {"status":"downloading-updates","current":4,"total":6,"progress":82}
[2025-05-23 16:40:52.753] [info]  DiscordSplash.onStateUpdate: {"status":"downloading-updates","current":4,"total":6,"progress":83}
[2025-05-23 16:40:52.754] [info]  Splash.onStateUpdate: {"status":"downloading-updates","current":4,"total":6,"progress":83}
[2025-05-23 16:40:53.095] [info]  Splash.updateCountdownSeconds: undefined
[2025-05-23 16:40:53.121] [info]  DiscordSplash.onStateUpdate: {"status":"downloading-updates","current":4,"total":6,"progress":84}
[2025-05-23 16:40:53.122] [info]  Splash.onStateUpdate: {"status":"downloading-updates","current":4,"total":6,"progress":84}
[2025-05-23 16:40:54.095] [info]  Splash.updateCountdownSeconds: undefined
[2025-05-23 16:40:54.639] [info]  DiscordSplash.onStateUpdate: {"status":"downloading-updates","current":4,"total":6,"progress":85}
[2025-05-23 16:40:54.640] [info]  Splash.onStateUpdate: {"status":"downloading-updates","current":4,"total":6,"progress":85}
[2025-05-23 16:40:55.095] [info]  Splash.updateCountdownSeconds: undefined
[2025-05-23 16:40:55.518] [info]  DiscordSplash.onStateUpdate: {"status":"downloading-updates","current":4,"total":6,"progress":86}
[2025-05-23 16:40:55.518] [info]  Splash.onStateUpdate: {"status":"downloading-updates","current":4,"total":6,"progress":86}
[2025-05-23 16:40:56.095] [info]  Splash.updateCountdownSeconds: undefined
[2025-05-23 16:40:57.095] [info]  Splash.updateCountdownSeconds: undefined
[2025-05-23 16:40:57.254] [info]  DiscordSplash.onStateUpdate: {"status":"downloading-updates","current":4,"total":6,"progress":87}
[2025-05-23 16:40:57.255] [info]  Splash.onStateUpdate: {"status":"downloading-updates","current":4,"total":6,"progress":87}
[2025-05-23 16:40:57.897] [info]  DiscordSplash.onStateUpdate: {"status":"downloading-updates","current":4,"total":6,"progress":88}
[2025-05-23 16:40:57.897] [info]  Splash.onStateUpdate: {"status":"downloading-updates","current":4,"total":6,"progress":88}
[2025-05-23 16:40:58.095] [info]  Splash.updateCountdownSeconds: undefined
[2025-05-23 16:40:59.095] [info]  Splash.updateCountdownSeconds: undefined
[2025-05-23 16:40:59.649] [info]  DiscordSplash.onStateUpdate: {"status":"downloading-updates","current":4,"total":6,"progress":89}
[2025-05-23 16:40:59.650] [info]  Splash.onStateUpdate: {"status":"downloading-updates","current":4,"total":6,"progress":89}
[2025-05-23 16:41:00.094] [info]  Splash.updateCountdownSeconds: undefined
[2025-05-23 16:41:00.204] [info]  DiscordSplash.onStateUpdate: {"status":"downloading-updates","current":4,"total":6,"progress":90}
[2025-05-23 16:41:00.204] [info]  Splash.onStateUpdate: {"status":"downloading-updates","current":4,"total":6,"progress":90}
[2025-05-23 16:41:00.516] [info]  DiscordSplash.onStateUpdate: {"status":"downloading-updates","current":4,"total":6,"progress":91}
[2025-05-23 16:41:00.517] [info]  Splash.onStateUpdate: {"status":"downloading-updates","current":4,"total":6,"progress":91}
[2025-05-23 16:41:00.728] [info]  DiscordSplash.onStateUpdate: {"status":"downloading-updates","current":4,"total":6,"progress":92}
[2025-05-23 16:41:00.729] [info]  Splash.onStateUpdate: {"status":"downloading-updates","current":4,"total":6,"progress":92}
[2025-05-23 16:41:00.920] [info]  DiscordSplash.onStateUpdate: {"status":"downloading-updates","current":4,"total":6,"progress":93}
[2025-05-23 16:41:00.921] [info]  Splash.onStateUpdate: {"status":"downloading-updates","current":4,"total":6,"progress":93}
[2025-05-23 16:41:01.094] [info]  Splash.updateCountdownSeconds: undefined
[2025-05-23 16:41:01.105] [info]  DiscordSplash.onStateUpdate: {"status":"downloading-updates","current":4,"total":6,"progress":94}
[2025-05-23 16:41:01.106] [info]  Splash.onStateUpdate: {"status":"downloading-updates","current":4,"total":6,"progress":94}
[2025-05-23 16:41:01.442] [info]  DiscordSplash.onStateUpdate: {"status":"downloading-updates","current":4,"total":6,"progress":95}
[2025-05-23 16:41:01.443] [info]  Splash.onStateUpdate: {"status":"downloading-updates","current":4,"total":6,"progress":95}
[2025-05-23 16:41:01.625] [info]  DiscordSplash.onStateUpdate: {"status":"downloading-updates","current":4,"total":6,"progress":96}
[2025-05-23 16:41:01.625] [info]  Splash.onStateUpdate: {"status":"downloading-updates","current":4,"total":6,"progress":96}
[2025-05-23 16:41:01.790] [info]  DiscordSplash.onStateUpdate: {"status":"downloading-updates","current":4,"total":6,"progress":97}
[2025-05-23 16:41:01.790] [info]  Splash.onStateUpdate: {"status":"downloading-updates","current":4,"total":6,"progress":97}
[2025-05-23 16:41:01.920] [info]  DiscordSplash.onStateUpdate: {"status":"downloading-updates","current":4,"total":6,"progress":98}
[2025-05-23 16:41:01.921] [info]  Splash.onStateUpdate: {"status":"downloading-updates","current":4,"total":6,"progress":98}
[2025-05-23 16:41:02.094] [info]  Splash.updateCountdownSeconds: undefined
[2025-05-23 16:41:02.151] [info]  DiscordSplash.onStateUpdate: {"status":"downloading-updates","current":4,"total":6,"progress":99}
[2025-05-23 16:41:02.152] [info]  Splash.onStateUpdate: {"status":"downloading-updates","current":4,"total":6,"progress":99}
[2025-05-23 16:41:02.320] [info]  DiscordSplash.onStateUpdate: {"status":"downloading-updates","current":4,"total":6,"progress":100}
[2025-05-23 16:41:02.321] [info]  Splash.onStateUpdate: {"status":"downloading-updates","current":4,"total":6,"progress":100}
[2025-05-23 16:41:02.321] [info]  DiscordSplash.onStateUpdate: {"status":"downloading-updates","current":5,"total":6}
[2025-05-23 16:41:02.322] [info]  Splash.onStateUpdate: {"status":"downloading-updates","current":5,"total":6}
[2025-05-23 16:41:03.094] [info]  Splash.updateCountdownSeconds: undefined
[2025-05-23 16:41:04.094] [info]  Splash.updateCountdownSeconds: undefined
[2025-05-23 16:41:04.626] [info]  DiscordSplash.onStateUpdate: {"status":"downloading-updates","current":5,"total":6,"progress":1}
[2025-05-23 16:41:04.626] [info]  Splash.onStateUpdate: {"status":"downloading-updates","current":5,"total":6,"progress":1}
[2025-05-23 16:41:05.094] [info]  Splash.updateCountdownSeconds: undefined
[2025-05-23 16:41:06.095] [info]  Splash.updateCountdownSeconds: undefined
[2025-05-23 16:41:06.203] [info]  DiscordSplash.onStateUpdate: {"status":"downloading-updates","current":5,"total":6,"progress":2}
[2025-05-23 16:41:06.204] [info]  Splash.onStateUpdate: {"status":"downloading-updates","current":5,"total":6,"progress":2}
[2025-05-23 16:41:07.095] [info]  Splash.updateCountdownSeconds: undefined
[2025-05-23 16:41:08.095] [info]  Splash.updateCountdownSeconds: undefined
[2025-05-23 16:41:09.094] [info]  Splash.updateCountdownSeconds: undefined
[2025-05-23 16:41:10.094] [info]  DiscordSplash.onStateUpdate: {"status":"downloading-updates","current":5,"total":6,"progress":3}
[2025-05-23 16:41:10.094] [info]  Splash.onStateUpdate: {"status":"downloading-updates","current":5,"total":6,"progress":3}
[2025-05-23 16:41:10.095] [info]  Splash.updateCountdownSeconds: undefined
[2025-05-23 16:41:11.094] [info]  Splash.updateCountdownSeconds: undefined
[2025-05-23 16:41:12.095] [info]  Splash.updateCountdownSeconds: undefined
[2025-05-23 16:41:13.095] [info]  Splash.updateCountdownSeconds: undefined
[2025-05-23 16:41:13.577] [info]  DiscordSplash.onStateUpdate: {"status":"downloading-updates","current":5,"total":6,"progress":4}
[2025-05-23 16:41:13.578] [info]  Splash.onStateUpdate: {"status":"downloading-updates","current":5,"total":6,"progress":4}
[2025-05-23 16:41:14.095] [info]  Splash.updateCountdownSeconds: undefined
[2025-05-23 16:41:14.543] [info]  DiscordSplash.onStateUpdate: {"status":"downloading-updates","current":5,"total":6,"progress":5}
[2025-05-23 16:41:14.543] [info]  Splash.onStateUpdate: {"status":"downloading-updates","current":5,"total":6,"progress":5}
[2025-05-23 16:41:15.095] [info]  Splash.updateCountdownSeconds: undefined
[2025-05-23 16:41:15.220] [info]  DiscordSplash.onStateUpdate: {"status":"downloading-updates","current":5,"total":6,"progress":6}
[2025-05-23 16:41:15.221] [info]  Splash.onStateUpdate: {"status":"downloading-updates","current":5,"total":6,"progress":6}
[2025-05-23 16:41:16.094] [info]  Splash.updateCountdownSeconds: undefined
[2025-05-23 16:41:16.224] [info]  DiscordSplash.onStateUpdate: {"status":"downloading-updates","current":5,"total":6,"progress":7}
[2025-05-23 16:41:16.224] [info]  Splash.onStateUpdate: {"status":"downloading-updates","current":5,"total":6,"progress":7}
[2025-05-23 16:41:16.947] [info]  DiscordSplash.onStateUpdate: {"status":"downloading-updates","current":5,"total":6,"progress":8}
[2025-05-23 16:41:16.948] [info]  Splash.onStateUpdate: {"status":"downloading-updates","current":5,"total":6,"progress":8}
[2025-05-23 16:41:17.095] [info]  Splash.updateCountdownSeconds: undefined
[2025-05-23 16:41:17.489] [info]  DiscordSplash.onStateUpdate: {"status":"downloading-updates","current":5,"total":6,"progress":9}
[2025-05-23 16:41:17.490] [info]  Splash.onStateUpdate: {"status":"downloading-updates","current":5,"total":6,"progress":9}
[2025-05-23 16:41:18.094] [info]  Splash.updateCountdownSeconds: undefined
[2025-05-23 16:41:18.335] [info]  DiscordSplash.onStateUpdate: {"status":"downloading-updates","current":5,"total":6,"progress":10}
[2025-05-23 16:41:18.336] [info]  Splash.onStateUpdate: {"status":"downloading-updates","current":5,"total":6,"progress":10}
[2025-05-23 16:41:19.095] [info]  Splash.updateCountdownSeconds: undefined
[2025-05-23 16:41:20.095] [info]  Splash.updateCountdownSeconds: undefined
[2025-05-23 16:41:21.079] [info]  DiscordSplash.onStateUpdate: {"status":"downloading-updates","current":5,"total":6,"progress":11}
[2025-05-23 16:41:21.079] [info]  Splash.onStateUpdate: {"status":"downloading-updates","current":5,"total":6,"progress":11}
[2025-05-23 16:41:21.094] [info]  Splash.updateCountdownSeconds: undefined
[2025-05-23 16:41:22.095] [info]  Splash.updateCountdownSeconds: undefined
[2025-05-23 16:41:22.261] [info]  DiscordSplash.onStateUpdate: {"status":"downloading-updates","current":5,"total":6,"progress":12}
[2025-05-23 16:41:22.262] [info]  Splash.onStateUpdate: {"status":"downloading-updates","current":5,"total":6,"progress":12}
[2025-05-23 16:41:23.095] [info]  Splash.updateCountdownSeconds: undefined
[2025-05-23 16:41:23.717] [info]  DiscordSplash.onStateUpdate: {"status":"downloading-updates","current":5,"total":6,"progress":13}
[2025-05-23 16:41:23.718] [info]  Splash.onStateUpdate: {"status":"downloading-updates","current":5,"total":6,"progress":13}
[2025-05-23 16:41:24.094] [info]  Splash.updateCountdownSeconds: undefined
[2025-05-23 16:41:24.724] [info]  DiscordSplash.onStateUpdate: {"status":"downloading-updates","current":5,"total":6,"progress":14}
[2025-05-23 16:41:24.725] [info]  Splash.onStateUpdate: {"status":"downloading-updates","current":5,"total":6,"progress":14}
[2025-05-23 16:41:25.095] [info]  Splash.updateCountdownSeconds: undefined
[2025-05-23 16:41:26.095] [info]  Splash.updateCountdownSeconds: undefined
[2025-05-23 16:41:26.308] [info]  DiscordSplash.onStateUpdate: {"status":"downloading-updates","current":5,"total":6,"progress":15}
[2025-05-23 16:41:26.309] [info]  Splash.onStateUpdate: {"status":"downloading-updates","current":5,"total":6,"progress":15}
[2025-05-23 16:41:26.609] [info]  DiscordSplash.onStateUpdate: {"status":"downloading-updates","current":5,"total":6,"progress":16}
[2025-05-23 16:41:26.610] [info]  Splash.onStateUpdate: {"status":"downloading-updates","current":5,"total":6,"progress":16}
[2025-05-23 16:41:27.095] [info]  Splash.updateCountdownSeconds: undefined
[2025-05-23 16:41:27.390] [info]  DiscordSplash.onStateUpdate: {"status":"downloading-updates","current":5,"total":6,"progress":17}
[2025-05-23 16:41:27.391] [info]  Splash.onStateUpdate: {"status":"downloading-updates","current":5,"total":6,"progress":17}
[2025-05-23 16:41:28.004] [info]  DiscordSplash.onStateUpdate: {"status":"downloading-updates","current":5,"total":6,"progress":18}
[2025-05-23 16:41:28.004] [info]  Splash.onStateUpdate: {"status":"downloading-updates","current":5,"total":6,"progress":18}
[2025-05-23 16:41:28.094] [info]  Splash.updateCountdownSeconds: undefined
[2025-05-23 16:41:28.478] [info]  DiscordSplash.onStateUpdate: {"status":"downloading-updates","current":5,"total":6,"progress":19}
[2025-05-23 16:41:28.478] [info]  Splash.onStateUpdate: {"status":"downloading-updates","current":5,"total":6,"progress":19}
[2025-05-23 16:41:29.094] [info]  Splash.updateCountdownSeconds: undefined
[2025-05-23 16:41:29.364] [info]  DiscordSplash.onStateUpdate: {"status":"downloading-updates","current":5,"total":6,"progress":20}
[2025-05-23 16:41:29.365] [info]  Splash.onStateUpdate: {"status":"downloading-updates","current":5,"total":6,"progress":20}
[2025-05-23 16:41:29.900] [info]  DiscordSplash.onStateUpdate: {"status":"downloading-updates","current":5,"total":6,"progress":21}
[2025-05-23 16:41:29.900] [info]  Splash.onStateUpdate: {"status":"downloading-updates","current":5,"total":6,"progress":21}
[2025-05-23 16:41:30.095] [info]  Splash.updateCountdownSeconds: undefined
[2025-05-23 16:41:30.393] [info]  DiscordSplash.onStateUpdate: {"status":"downloading-updates","current":5,"total":6,"progress":22}
[2025-05-23 16:41:30.394] [info]  Splash.onStateUpdate: {"status":"downloading-updates","current":5,"total":6,"progress":22}
[2025-05-23 16:41:30.992] [info]  DiscordSplash.onStateUpdate: {"status":"downloading-updates","current":5,"total":6,"progress":23}
[2025-05-23 16:41:30.992] [info]  Splash.onStateUpdate: {"status":"downloading-updates","current":5,"total":6,"progress":23}
[2025-05-23 16:41:31.095] [info]  Splash.updateCountdownSeconds: undefined
[2025-05-23 16:41:31.588] [info]  DiscordSplash.onStateUpdate: {"status":"downloading-updates","current":5,"total":6,"progress":24}
[2025-05-23 16:41:31.589] [info]  Splash.onStateUpdate: {"status":"downloading-updates","current":5,"total":6,"progress":24}
[2025-05-23 16:41:32.095] [info]  Splash.updateCountdownSeconds: undefined
[2025-05-23 16:41:32.284] [info]  DiscordSplash.onStateUpdate: {"status":"downloading-updates","current":5,"total":6,"progress":25}
[2025-05-23 16:41:32.284] [info]  Splash.onStateUpdate: {"status":"downloading-updates","current":5,"total":6,"progress":25}
[2025-05-23 16:41:33.095] [info]  Splash.updateCountdownSeconds: undefined
[2025-05-23 16:41:33.245] [info]  DiscordSplash.onStateUpdate: {"status":"downloading-updates","current":5,"total":6,"progress":26}
[2025-05-23 16:41:33.245] [info]  Splash.onStateUpdate: {"status":"downloading-updates","current":5,"total":6,"progress":26}
[2025-05-23 16:41:34.095] [info]  Splash.updateCountdownSeconds: undefined
[2025-05-23 16:41:34.302] [info]  DiscordSplash.onStateUpdate: {"status":"downloading-updates","current":5,"total":6,"progress":27}
[2025-05-23 16:41:34.303] [info]  Splash.onStateUpdate: {"status":"downloading-updates","current":5,"total":6,"progress":27}
[2025-05-23 16:41:35.095] [info]  Splash.updateCountdownSeconds: undefined
[2025-05-23 16:41:35.218] [info]  DiscordSplash.onStateUpdate: {"status":"downloading-updates","current":5,"total":6,"progress":28}
[2025-05-23 16:41:35.219] [info]  Splash.onStateUpdate: {"status":"downloading-updates","current":5,"total":6,"progress":28}
[2025-05-23 16:41:36.095] [info]  Splash.updateCountdownSeconds: undefined
[2025-05-23 16:41:36.432] [info]  DiscordSplash.onStateUpdate: {"status":"downloading-updates","current":5,"total":6,"progress":29}
[2025-05-23 16:41:36.433] [info]  Splash.onStateUpdate: {"status":"downloading-updates","current":5,"total":6,"progress":29}
[2025-05-23 16:41:37.095] [info]  Splash.updateCountdownSeconds: undefined
[2025-05-23 16:41:37.525] [info]  DiscordSplash.onStateUpdate: {"status":"downloading-updates","current":5,"total":6,"progress":30}
[2025-05-23 16:41:37.526] [info]  Splash.onStateUpdate: {"status":"downloading-updates","current":5,"total":6,"progress":30}
[2025-05-23 16:41:38.095] [info]  Splash.updateCountdownSeconds: undefined
[2025-05-23 16:41:38.210] [info]  DiscordSplash.onStateUpdate: {"status":"downloading-updates","current":5,"total":6,"progress":31}
[2025-05-23 16:41:38.210] [info]  Splash.onStateUpdate: {"status":"downloading-updates","current":5,"total":6,"progress":31}
[2025-05-23 16:41:39.095] [info]  Splash.updateCountdownSeconds: undefined
[2025-05-23 16:41:39.506] [info]  DiscordSplash.onStateUpdate: {"status":"downloading-updates","current":5,"total":6,"progress":32}
[2025-05-23 16:41:39.507] [info]  Splash.onStateUpdate: {"status":"downloading-updates","current":5,"total":6,"progress":32}
[2025-05-23 16:41:40.095] [info]  Splash.updateCountdownSeconds: undefined
[2025-05-23 16:41:40.201] [info]  DiscordSplash.onStateUpdate: {"status":"downloading-updates","current":5,"total":6,"progress":33}
[2025-05-23 16:41:40.202] [info]  Splash.onStateUpdate: {"status":"downloading-updates","current":5,"total":6,"progress":33}
[2025-05-23 16:41:40.598] [info]  DiscordSplash.onStateUpdate: {"status":"downloading-updates","current":5,"total":6,"progress":34}
[2025-05-23 16:41:40.599] [info]  Splash.onStateUpdate: {"status":"downloading-updates","current":5,"total":6,"progress":34}
[2025-05-23 16:41:41.050] [info]  DiscordSplash.onStateUpdate: {"status":"downloading-updates","current":5,"total":6,"progress":35}
[2025-05-23 16:41:41.051] [info]  Splash.onStateUpdate: {"status":"downloading-updates","current":5,"total":6,"progress":35}
[2025-05-23 16:41:41.095] [info]  Splash.updateCountdownSeconds: undefined
[2025-05-23 16:41:41.452] [info]  DiscordSplash.onStateUpdate: {"status":"downloading-updates","current":5,"total":6,"progress":36}
[2025-05-23 16:41:41.453] [info]  Splash.onStateUpdate: {"status":"downloading-updates","current":5,"total":6,"progress":36}
[2025-05-23 16:41:41.881] [info]  DiscordSplash.onStateUpdate: {"status":"downloading-updates","current":5,"total":6,"progress":37}
[2025-05-23 16:41:41.881] [info]  Splash.onStateUpdate: {"status":"downloading-updates","current":5,"total":6,"progress":37}
[2025-05-23 16:41:42.095] [info]  Splash.updateCountdownSeconds: undefined
[2025-05-23 16:41:42.209] [info]  DiscordSplash.onStateUpdate: {"status":"downloading-updates","current":5,"total":6,"progress":38}
[2025-05-23 16:41:42.209] [info]  Splash.onStateUpdate: {"status":"downloading-updates","current":5,"total":6,"progress":38}
[2025-05-23 16:41:42.591] [info]  DiscordSplash.onStateUpdate: {"status":"downloading-updates","current":5,"total":6,"progress":39}
[2025-05-23 16:41:42.592] [info]  Splash.onStateUpdate: {"status":"downloading-updates","current":5,"total":6,"progress":39}
[2025-05-23 16:41:42.922] [info]  DiscordSplash.onStateUpdate: {"status":"downloading-updates","current":5,"total":6,"progress":40}
[2025-05-23 16:41:42.923] [info]  Splash.onStateUpdate: {"status":"downloading-updates","current":5,"total":6,"progress":40}
[2025-05-23 16:41:43.095] [info]  Splash.updateCountdownSeconds: undefined
[2025-05-23 16:41:43.263] [info]  DiscordSplash.onStateUpdate: {"status":"downloading-updates","current":5,"total":6,"progress":41}
[2025-05-23 16:41:43.264] [info]  Splash.onStateUpdate: {"status":"downloading-updates","current":5,"total":6,"progress":41}
[2025-05-23 16:41:43.740] [info]  DiscordSplash.onStateUpdate: {"status":"downloading-updates","current":5,"total":6,"progress":42}
[2025-05-23 16:41:43.741] [info]  Splash.onStateUpdate: {"status":"downloading-updates","current":5,"total":6,"progress":42}
[2025-05-23 16:41:44.016] [info]  DiscordSplash.onStateUpdate: {"status":"downloading-updates","current":5,"total":6,"progress":43}
[2025-05-23 16:41:44.017] [info]  Splash.onStateUpdate: {"status":"downloading-updates","current":5,"total":6,"progress":43}
[2025-05-23 16:41:44.095] [info]  Splash.updateCountdownSeconds: undefined
[2025-05-23 16:41:44.393] [info]  DiscordSplash.onStateUpdate: {"status":"downloading-updates","current":5,"total":6,"progress":44}
[2025-05-23 16:41:44.393] [info]  Splash.onStateUpdate: {"status":"downloading-updates","current":5,"total":6,"progress":44}
[2025-05-23 16:41:44.721] [info]  DiscordSplash.onStateUpdate: {"status":"downloading-updates","current":5,"total":6,"progress":45}
[2025-05-23 16:41:44.722] [info]  Splash.onStateUpdate: {"status":"downloading-updates","current":5,"total":6,"progress":45}
[2025-05-23 16:41:45.095] [info]  Splash.updateCountdownSeconds: undefined
[2025-05-23 16:41:45.123] [info]  DiscordSplash.onStateUpdate: {"status":"downloading-updates","current":5,"total":6,"progress":46}
[2025-05-23 16:41:45.125] [info]  Splash.onStateUpdate: {"status":"downloading-updates","current":5,"total":6,"progress":46}
[2025-05-23 16:41:45.669] [info]  DiscordSplash.onStateUpdate: {"status":"downloading-updates","current":5,"total":6,"progress":47}
[2025-05-23 16:41:45.670] [info]  Splash.onStateUpdate: {"status":"downloading-updates","current":5,"total":6,"progress":47}
[2025-05-23 16:41:45.978] [info]  DiscordSplash.onStateUpdate: {"status":"downloading-updates","current":5,"total":6,"progress":48}
[2025-05-23 16:41:45.979] [info]  Splash.onStateUpdate: {"status":"downloading-updates","current":5,"total":6,"progress":48}
[2025-05-23 16:41:46.095] [info]  Splash.updateCountdownSeconds: undefined
[2025-05-23 16:41:46.543] [info]  DiscordSplash.onStateUpdate: {"status":"downloading-updates","current":5,"total":6,"progress":49}
[2025-05-23 16:41:46.544] [info]  Splash.onStateUpdate: {"status":"downloading-updates","current":5,"total":6,"progress":49}
[2025-05-23 16:41:47.094] [info]  Splash.updateCountdownSeconds: undefined
[2025-05-23 16:41:47.363] [info]  DiscordSplash.onStateUpdate: {"status":"downloading-updates","current":5,"total":6,"progress":50}
[2025-05-23 16:41:47.364] [info]  Splash.onStateUpdate: {"status":"downloading-updates","current":5,"total":6,"progress":50}
[2025-05-23 16:41:48.095] [info]  Splash.updateCountdownSeconds: undefined
[2025-05-23 16:41:48.215] [info]  DiscordSplash.onStateUpdate: {"status":"downloading-updates","current":5,"total":6,"progress":51}
[2025-05-23 16:41:48.216] [info]  Splash.onStateUpdate: {"status":"downloading-updates","current":5,"total":6,"progress":51}
[2025-05-23 16:41:48.842] [info]  DiscordSplash.onStateUpdate: {"status":"downloading-updates","current":5,"total":6,"progress":52}
[2025-05-23 16:41:48.843] [info]  Splash.onStateUpdate: {"status":"downloading-updates","current":5,"total":6,"progress":52}
[2025-05-23 16:41:49.095] [info]  Splash.updateCountdownSeconds: undefined
[2025-05-23 16:41:49.193] [info]  DiscordSplash.onStateUpdate: {"status":"downloading-updates","current":5,"total":6,"progress":53}
[2025-05-23 16:41:49.194] [info]  Splash.onStateUpdate: {"status":"downloading-updates","current":5,"total":6,"progress":53}
[2025-05-23 16:41:49.506] [info]  DiscordSplash.onStateUpdate: {"status":"downloading-updates","current":5,"total":6,"progress":54}
[2025-05-23 16:41:49.506] [info]  Splash.onStateUpdate: {"status":"downloading-updates","current":5,"total":6,"progress":54}
[2025-05-23 16:41:49.988] [info]  DiscordSplash.onStateUpdate: {"status":"downloading-updates","current":5,"total":6,"progress":55}
[2025-05-23 16:41:49.988] [info]  Splash.onStateUpdate: {"status":"downloading-updates","current":5,"total":6,"progress":55}
[2025-05-23 16:41:50.095] [info]  Splash.updateCountdownSeconds: undefined
[2025-05-23 16:41:50.580] [info]  DiscordSplash.onStateUpdate: {"status":"downloading-updates","current":5,"total":6,"progress":56}
[2025-05-23 16:41:50.581] [info]  Splash.onStateUpdate: {"status":"downloading-updates","current":5,"total":6,"progress":56}
[2025-05-23 16:41:51.086] [info]  DiscordSplash.onStateUpdate: {"status":"downloading-updates","current":5,"total":6,"progress":57}
[2025-05-23 16:41:51.086] [info]  Splash.onStateUpdate: {"status":"downloading-updates","current":5,"total":6,"progress":57}
[2025-05-23 16:41:51.095] [info]  Splash.updateCountdownSeconds: undefined
[2025-05-23 16:41:51.611] [info]  DiscordSplash.onStateUpdate: {"status":"downloading-updates","current":5,"total":6,"progress":58}
[2025-05-23 16:41:51.612] [info]  Splash.onStateUpdate: {"status":"downloading-updates","current":5,"total":6,"progress":58}
[2025-05-23 16:41:51.915] [info]  DiscordSplash.onStateUpdate: {"status":"downloading-updates","current":5,"total":6,"progress":59}
[2025-05-23 16:41:51.916] [info]  Splash.onStateUpdate: {"status":"downloading-updates","current":5,"total":6,"progress":59}
[2025-05-23 16:41:52.095] [info]  Splash.updateCountdownSeconds: undefined
[2025-05-23 16:41:52.321] [info]  DiscordSplash.onStateUpdate: {"status":"downloading-updates","current":5,"total":6,"progress":60}
[2025-05-23 16:41:52.322] [info]  Splash.onStateUpdate: {"status":"downloading-updates","current":5,"total":6,"progress":60}
[2025-05-23 16:41:52.788] [info]  DiscordSplash.onStateUpdate: {"status":"downloading-updates","current":5,"total":6,"progress":61}
[2025-05-23 16:41:52.789] [info]  Splash.onStateUpdate: {"status":"downloading-updates","current":5,"total":6,"progress":61}
[2025-05-23 16:41:53.095] [info]  Splash.updateCountdownSeconds: undefined
[2025-05-23 16:41:53.272] [info]  DiscordSplash.onStateUpdate: {"status":"downloading-updates","current":5,"total":6,"progress":62}
[2025-05-23 16:41:53.273] [info]  Splash.onStateUpdate: {"status":"downloading-updates","current":5,"total":6,"progress":62}
[2025-05-23 16:41:53.661] [info]  DiscordSplash.onStateUpdate: {"status":"downloading-updates","current":5,"total":6,"progress":63}
[2025-05-23 16:41:53.661] [info]  Splash.onStateUpdate: {"status":"downloading-updates","current":5,"total":6,"progress":63}
[2025-05-23 16:41:54.051] [info]  DiscordSplash.onStateUpdate: {"status":"downloading-updates","current":5,"total":6,"progress":64}
[2025-05-23 16:41:54.051] [info]  Splash.onStateUpdate: {"status":"downloading-updates","current":5,"total":6,"progress":64}
[2025-05-23 16:41:54.095] [info]  Splash.updateCountdownSeconds: undefined
[2025-05-23 16:41:54.885] [info]  DiscordSplash.onStateUpdate: {"status":"downloading-updates","current":5,"total":6,"progress":65}
[2025-05-23 16:41:54.886] [info]  Splash.onStateUpdate: {"status":"downloading-updates","current":5,"total":6,"progress":65}
[2025-05-23 16:41:55.095] [info]  Splash.updateCountdownSeconds: undefined
[2025-05-23 16:41:55.341] [info]  DiscordSplash.onStateUpdate: {"status":"downloading-updates","current":5,"total":6,"progress":66}
[2025-05-23 16:41:55.342] [info]  Splash.onStateUpdate: {"status":"downloading-updates","current":5,"total":6,"progress":66}
[2025-05-23 16:41:55.727] [info]  DiscordSplash.onStateUpdate: {"status":"downloading-updates","current":5,"total":6,"progress":67}
[2025-05-23 16:41:55.728] [info]  Splash.onStateUpdate: {"status":"downloading-updates","current":5,"total":6,"progress":67}
[2025-05-23 16:41:56.095] [info]  Splash.updateCountdownSeconds: undefined
[2025-05-23 16:41:56.194] [info]  DiscordSplash.onStateUpdate: {"status":"downloading-updates","current":5,"total":6,"progress":68}
[2025-05-23 16:41:56.194] [info]  Splash.onStateUpdate: {"status":"downloading-updates","current":5,"total":6,"progress":68}
[2025-05-23 16:41:56.728] [info]  DiscordSplash.onStateUpdate: {"status":"downloading-updates","current":5,"total":6,"progress":69}
[2025-05-23 16:41:56.729] [info]  Splash.onStateUpdate: {"status":"downloading-updates","current":5,"total":6,"progress":69}
[2025-05-23 16:41:57.094] [info]  Splash.updateCountdownSeconds: undefined
[2025-05-23 16:41:57.144] [info]  DiscordSplash.onStateUpdate: {"status":"downloading-updates","current":5,"total":6,"progress":70}
[2025-05-23 16:41:57.145] [info]  Splash.onStateUpdate: {"status":"downloading-updates","current":5,"total":6,"progress":70}
[2025-05-23 16:41:57.495] [info]  DiscordSplash.onStateUpdate: {"status":"downloading-updates","current":5,"total":6,"progress":71}
[2025-05-23 16:41:57.496] [info]  Splash.onStateUpdate: {"status":"downloading-updates","current":5,"total":6,"progress":71}
[2025-05-23 16:41:57.958] [info]  DiscordSplash.onStateUpdate: {"status":"downloading-updates","current":5,"total":6,"progress":72}
[2025-05-23 16:41:57.959] [info]  Splash.onStateUpdate: {"status":"downloading-updates","current":5,"total":6,"progress":72}
[2025-05-23 16:41:58.094] [info]  Splash.updateCountdownSeconds: undefined
[2025-05-23 16:41:58.638] [info]  DiscordSplash.onStateUpdate: {"status":"downloading-updates","current":5,"total":6,"progress":73}
[2025-05-23 16:41:58.639] [info]  Splash.onStateUpdate: {"status":"downloading-updates","current":5,"total":6,"progress":73}
[2025-05-23 16:41:59.095] [info]  Splash.updateCountdownSeconds: undefined
[2025-05-23 16:41:59.239] [info]  DiscordSplash.onStateUpdate: {"status":"downloading-updates","current":5,"total":6,"progress":74}
[2025-05-23 16:41:59.240] [info]  Splash.onStateUpdate: {"status":"downloading-updates","current":5,"total":6,"progress":74}
[2025-05-23 16:41:59.749] [info]  DiscordSplash.onStateUpdate: {"status":"downloading-updates","current":5,"total":6,"progress":75}
[2025-05-23 16:41:59.750] [info]  Splash.onStateUpdate: {"status":"downloading-updates","current":5,"total":6,"progress":75}
[2025-05-23 16:42:00.094] [info]  Splash.updateCountdownSeconds: undefined
[2025-05-23 16:42:00.157] [info]  DiscordSplash.onStateUpdate: {"status":"downloading-updates","current":5,"total":6,"progress":76}
[2025-05-23 16:42:00.157] [info]  Splash.onStateUpdate: {"status":"downloading-updates","current":5,"total":6,"progress":76}
[2025-05-23 16:42:00.625] [info]  DiscordSplash.onStateUpdate: {"status":"downloading-updates","current":5,"total":6,"progress":77}
[2025-05-23 16:42:00.626] [info]  Splash.onStateUpdate: {"status":"downloading-updates","current":5,"total":6,"progress":77}
[2025-05-23 16:42:01.095] [info]  Splash.updateCountdownSeconds: undefined
[2025-05-23 16:42:02.095] [info]  Splash.updateCountdownSeconds: undefined
[2025-05-23 16:42:02.251] [info]  DiscordSplash.onStateUpdate: {"status":"downloading-updates","current":5,"total":6,"progress":78}
[2025-05-23 16:42:02.252] [info]  Splash.onStateUpdate: {"status":"downloading-updates","current":5,"total":6,"progress":78}
[2025-05-23 16:42:03.095] [info]  Splash.updateCountdownSeconds: undefined
[2025-05-23 16:42:03.871] [info]  DiscordSplash.onStateUpdate: {"status":"downloading-updates","current":5,"total":6,"progress":79}
[2025-05-23 16:42:03.871] [info]  Splash.onStateUpdate: {"status":"downloading-updates","current":5,"total":6,"progress":79}
[2025-05-23 16:42:04.095] [info]  Splash.updateCountdownSeconds: undefined
[2025-05-23 16:42:05.095] [info]  Splash.updateCountdownSeconds: undefined
[2025-05-23 16:42:06.095] [info]  Splash.updateCountdownSeconds: undefined
[2025-05-23 16:42:07.095] [info]  Splash.updateCountdownSeconds: undefined
[2025-05-23 16:42:08.095] [info]  Splash.updateCountdownSeconds: undefined
[2025-05-23 16:42:09.095] [info]  Splash.updateCountdownSeconds: undefined
[2025-05-23 16:42:10.095] [info]  Splash.updateCountdownSeconds: undefined
[2025-05-23 16:42:11.094] [info]  Splash.updateCountdownSeconds: undefined
[2025-05-23 16:42:12.095] [info]  Splash.updateCountdownSeconds: undefined
[2025-05-23 16:42:13.095] [info]  Splash.updateCountdownSeconds: undefined
[2025-05-23 16:42:14.095] [info]  Splash.updateCountdownSeconds: undefined
[2025-05-23 16:42:15.095] [info]  Splash.updateCountdownSeconds: undefined
[2025-05-23 16:42:16.094] [info]  Splash.updateCountdownSeconds: undefined
[2025-05-23 16:42:17.095] [info]  Splash.updateCountdownSeconds: undefined
[2025-05-23 16:42:18.095] [info]  Splash.updateCountdownSeconds: undefined
[2025-05-23 16:42:18.776] [info]  DiscordSplash.onStateUpdate: {"status":"downloading-updates","current":5,"total":6,"progress":80}
[2025-05-23 16:42:18.777] [info]  Splash.onStateUpdate: {"status":"downloading-updates","current":5,"total":6,"progress":80}
[2025-05-23 16:42:19.095] [info]  Splash.updateCountdownSeconds: undefined
[2025-05-23 16:42:20.094] [info]  Splash.updateCountdownSeconds: undefined
[2025-05-23 16:42:21.095] [info]  Splash.updateCountdownSeconds: undefined
[2025-05-23 16:42:21.271] [info]  DiscordSplash.onStateUpdate: {"status":"downloading-updates","current":5,"total":6,"progress":81}
[2025-05-23 16:42:21.271] [info]  Splash.onStateUpdate: {"status":"downloading-updates","current":5,"total":6,"progress":81}
[2025-05-23 16:42:22.095] [info]  Splash.updateCountdownSeconds: undefined
[2025-05-23 16:42:23.095] [info]  Splash.updateCountdownSeconds: undefined
[2025-05-23 16:42:24.094] [info]  Splash.updateCountdownSeconds: undefined
[2025-05-23 16:42:25.095] [info]  Splash.updateCountdownSeconds: undefined
[2025-05-23 16:42:25.187] [info]  DiscordSplash.onStateUpdate: {"status":"downloading-updates","current":5,"total":6,"progress":82}
[2025-05-23 16:42:25.188] [info]  Splash.onStateUpdate: {"status":"downloading-updates","current":5,"total":6,"progress":82}
[2025-05-23 16:42:26.095] [info]  Splash.updateCountdownSeconds: undefined
[2025-05-23 16:42:27.095] [info]  Splash.updateCountdownSeconds: undefined
[2025-05-23 16:42:28.095] [info]  Splash.updateCountdownSeconds: undefined
[2025-05-23 16:42:29.095] [info]  Splash.updateCountdownSeconds: undefined
[2025-05-23 16:42:30.095] [info]  Splash.updateCountdownSeconds: undefined
[2025-05-23 16:42:31.095] [info]  Splash.updateCountdownSeconds: undefined
[2025-05-23 16:42:32.095] [info]  Splash.updateCountdownSeconds: undefined
[2025-05-23 16:42:33.095] [info]  Splash.updateCountdownSeconds: undefined
[2025-05-23 16:42:34.095] [info]  Splash.updateCountdownSeconds: undefined
[2025-05-23 16:42:35.095] [info]  Splash.updateCountdownSeconds: undefined
[2025-05-23 16:42:36.095] [info]  Splash.updateCountdownSeconds: undefined
[2025-05-23 16:42:37.095] [info]  Splash.updateCountdownSeconds: undefined
[2025-05-23 16:42:38.095] [info]  Splash.updateCountdownSeconds: undefined
[2025-05-23 16:42:39.095] [info]  Splash.updateCountdownSeconds: undefined
[2025-05-23 16:42:40.095] [info]  Splash.updateCountdownSeconds: undefined
[2025-05-23 16:42:40.112] [info]  DiscordSplash.onStateUpdate: {"status":"downloading-updates","current":5,"total":6,"progress":83}
[2025-05-23 16:42:40.114] [info]  Splash.onStateUpdate: {"status":"downloading-updates","current":5,"total":6,"progress":83}
[2025-05-23 16:42:40.115] [info]  DiscordSplash.onStateUpdate: {"status":"downloading-updates","current":5,"total":6,"progress":84}
[2025-05-23 16:42:40.115] [info]  Splash.onStateUpdate: {"status":"downloading-updates","current":5,"total":6,"progress":84}
[2025-05-23 16:42:40.116] [info]  DiscordSplash.onStateUpdate: {"status":"downloading-updates","current":5,"total":6,"progress":85}
[2025-05-23 16:42:40.116] [info]  Splash.onStateUpdate: {"status":"downloading-updates","current":5,"total":6,"progress":85}
[2025-05-23 16:42:41.095] [info]  Splash.updateCountdownSeconds: undefined
[2025-05-23 16:42:42.095] [info]  Splash.updateCountdownSeconds: undefined
[2025-05-23 16:42:42.725] [info]  DiscordSplash.onStateUpdate: {"status":"downloading-updates","current":5,"total":6,"progress":86}
[2025-05-23 16:42:42.726] [info]  Splash.onStateUpdate: {"status":"downloading-updates","current":5,"total":6,"progress":86}
[2025-05-23 16:42:43.095] [info]  Splash.updateCountdownSeconds: undefined
[2025-05-23 16:42:44.095] [info]  Splash.updateCountdownSeconds: undefined
[2025-05-23 16:42:44.598] [info]  DiscordSplash.onStateUpdate: {"status":"downloading-updates","current":5,"total":6,"progress":87}
[2025-05-23 16:42:44.598] [info]  Splash.onStateUpdate: {"status":"downloading-updates","current":5,"total":6,"progress":87}
[2025-05-23 16:42:45.095] [info]  Splash.updateCountdownSeconds: undefined
[2025-05-23 16:42:46.095] [info]  Splash.updateCountdownSeconds: undefined
[2025-05-23 16:42:47.095] [info]  Splash.updateCountdownSeconds: undefined
[2025-05-23 16:42:48.095] [info]  Splash.updateCountdownSeconds: undefined
[2025-05-23 16:42:49.095] [info]  Splash.updateCountdownSeconds: undefined
[2025-05-23 16:42:50.095] [info]  Splash.updateCountdownSeconds: undefined
[2025-05-23 16:42:51.095] [info]  Splash.updateCountdownSeconds: undefined
[2025-05-23 16:42:52.095] [info]  Splash.updateCountdownSeconds: undefined
[2025-05-23 16:42:52.547] [info]  DiscordSplash.onStateUpdate: {"status":"downloading-updates","current":5,"total":6,"progress":88}
[2025-05-23 16:42:52.549] [info]  Splash.onStateUpdate: {"status":"downloading-updates","current":5,"total":6,"progress":88}
[2025-05-23 16:42:52.550] [info]  DiscordSplash.onStateUpdate: {"status":"downloading-updates","current":5,"total":6,"progress":89}
[2025-05-23 16:42:52.550] [info]  Splash.onStateUpdate: {"status":"downloading-updates","current":5,"total":6,"progress":89}
[2025-05-23 16:42:53.094] [info]  Splash.updateCountdownSeconds: undefined
[2025-05-23 16:42:54.095] [info]  Splash.updateCountdownSeconds: undefined
[2025-05-23 16:42:54.138] [info]  DiscordSplash.onStateUpdate: {"status":"downloading-updates","current":5,"total":6,"progress":90}
[2025-05-23 16:42:54.139] [info]  Splash.onStateUpdate: {"status":"downloading-updates","current":5,"total":6,"progress":90}
[2025-05-23 16:42:55.095] [info]  Splash.updateCountdownSeconds: undefined
[2025-05-23 16:42:56.095] [info]  Splash.updateCountdownSeconds: undefined
[2025-05-23 16:42:57.095] [info]  Splash.updateCountdownSeconds: undefined
[2025-05-23 16:42:57.802] [info]  DiscordSplash.onStateUpdate: {"status":"downloading-updates","current":5,"total":6,"progress":91}
[2025-05-23 16:42:57.803] [info]  Splash.onStateUpdate: {"status":"downloading-updates","current":5,"total":6,"progress":91}
[2025-05-23 16:42:58.095] [info]  Splash.updateCountdownSeconds: undefined
[2025-05-23 16:42:59.095] [info]  Splash.updateCountdownSeconds: undefined
[2025-05-23 16:43:00.095] [info]  Splash.updateCountdownSeconds: undefined
[2025-05-23 16:43:01.095] [info]  Splash.updateCountdownSeconds: undefined
[2025-05-23 16:43:01.420] [info]  DiscordSplash.onStateUpdate: {"status":"downloading-updates","current":5,"total":6,"progress":92}
[2025-05-23 16:43:01.421] [info]  Splash.onStateUpdate: {"status":"downloading-updates","current":5,"total":6,"progress":92}
[2025-05-23 16:43:02.095] [info]  Splash.updateCountdownSeconds: undefined
[2025-05-23 16:43:03.095] [info]  Splash.updateCountdownSeconds: undefined
[2025-05-23 16:43:04.095] [info]  Splash.updateCountdownSeconds: undefined
[2025-05-23 16:43:05.095] [info]  Splash.updateCountdownSeconds: undefined
[2025-05-23 16:43:05.157] [info]  DiscordSplash.onStateUpdate: {"status":"downloading-updates","current":5,"total":6,"progress":93}
[2025-05-23 16:43:05.158] [info]  Splash.onStateUpdate: {"status":"downloading-updates","current":5,"total":6,"progress":93}
[2025-05-23 16:43:06.095] [info]  Splash.updateCountdownSeconds: undefined
[2025-05-23 16:43:07.095] [info]  Splash.updateCountdownSeconds: undefined
[2025-05-23 16:43:08.094] [info]  Splash.updateCountdownSeconds: undefined
[2025-05-23 16:43:08.727] [info]  DiscordSplash.onStateUpdate: {"status":"downloading-updates","current":5,"total":6,"progress":94}
[2025-05-23 16:43:08.728] [info]  Splash.onStateUpdate: {"status":"downloading-updates","current":5,"total":6,"progress":94}
[2025-05-23 16:43:09.095] [info]  Splash.updateCountdownSeconds: undefined
[2025-05-23 16:43:10.095] [info]  Splash.updateCountdownSeconds: undefined
[2025-05-23 16:43:11.095] [info]  Splash.updateCountdownSeconds: undefined
[2025-05-23 16:43:11.849] [info]  DiscordSplash.onStateUpdate: {"status":"downloading-updates","current":5,"total":6,"progress":95}
[2025-05-23 16:43:11.850] [info]  Splash.onStateUpdate: {"status":"downloading-updates","current":5,"total":6,"progress":95}
[2025-05-23 16:43:12.095] [info]  Splash.updateCountdownSeconds: undefined
[2025-05-23 16:43:13.095] [info]  Splash.updateCountdownSeconds: undefined
[2025-05-23 16:43:14.095] [info]  Splash.updateCountdownSeconds: undefined
[2025-05-23 16:43:14.126] [info]  DiscordSplash.onStateUpdate: {"status":"downloading-updates","current":5,"total":6,"progress":96}
[2025-05-23 16:43:14.127] [info]  Splash.onStateUpdate: {"status":"downloading-updates","current":5,"total":6,"progress":96}
[2025-05-23 16:43:15.095] [info]  Splash.updateCountdownSeconds: undefined
[2025-05-23 16:43:15.572] [info]  DiscordSplash.onStateUpdate: {"status":"downloading-updates","current":5,"total":6,"progress":97}
[2025-05-23 16:43:15.572] [info]  Splash.onStateUpdate: {"status":"downloading-updates","current":5,"total":6,"progress":97}
[2025-05-23 16:43:16.095] [info]  Splash.updateCountdownSeconds: undefined
[2025-05-23 16:43:16.847] [info]  DiscordSplash.onStateUpdate: {"status":"downloading-updates","current":5,"total":6,"progress":98}
[2025-05-23 16:43:16.848] [info]  Splash.onStateUpdate: {"status":"downloading-updates","current":5,"total":6,"progress":98}
[2025-05-23 16:43:17.095] [info]  Splash.updateCountdownSeconds: undefined
[2025-05-23 16:43:17.829] [info]  DiscordSplash.onStateUpdate: {"status":"downloading-updates","current":5,"total":6,"progress":99}
[2025-05-23 16:43:17.830] [info]  Splash.onStateUpdate: {"status":"downloading-updates","current":5,"total":6,"progress":99}
[2025-05-23 16:43:18.095] [info]  Splash.updateCountdownSeconds: undefined
[2025-05-23 16:43:19.095] [info]  Splash.updateCountdownSeconds: undefined
[2025-05-23 16:43:19.440] [info]  DiscordSplash.onStateUpdate: {"status":"downloading-updates","current":5,"total":6,"progress":100}
[2025-05-23 16:43:19.441] [info]  Splash.onStateUpdate: {"status":"downloading-updates","current":5,"total":6,"progress":100}
[2025-05-23 16:43:19.442] [info]  DiscordSplash.onStateUpdate: {"status":"downloading-updates","current":6,"total":6}
[2025-05-23 16:43:19.442] [info]  Splash.onStateUpdate: {"status":"downloading-updates","current":6,"total":6}
[2025-05-23 16:43:19.967] [info]  DiscordSplash.onStateUpdate: {"status":"downloading-updates","current":6,"total":6,"progress":1}
[2025-05-23 16:43:19.968] [info]  Splash.onStateUpdate: {"status":"downloading-updates","current":6,"total":6,"progress":1}
[2025-05-23 16:43:19.974] [info]  DiscordSplash.onStateUpdate: {"status":"downloading-updates","current":6,"total":6,"progress":2}
[2025-05-23 16:43:19.974] [info]  Splash.onStateUpdate: {"status":"downloading-updates","current":6,"total":6,"progress":2}
[2025-05-23 16:43:19.978] [info]  DiscordSplash.onStateUpdate: {"status":"downloading-updates","current":6,"total":6,"progress":4}
[2025-05-23 16:43:19.978] [info]  Splash.onStateUpdate: {"status":"downloading-updates","current":6,"total":6,"progress":4}
[2025-05-23 16:43:19.984] [info]  DiscordSplash.onStateUpdate: {"status":"downloading-updates","current":6,"total":6,"progress":5}
[2025-05-23 16:43:19.984] [info]  Splash.onStateUpdate: {"status":"downloading-updates","current":6,"total":6,"progress":5}
[2025-05-23 16:43:19.996] [info]  DiscordSplash.onStateUpdate: {"status":"downloading-updates","current":6,"total":6,"progress":6}
[2025-05-23 16:43:19.996] [info]  Splash.onStateUpdate: {"status":"downloading-updates","current":6,"total":6,"progress":6}
[2025-05-23 16:43:20.006] [info]  DiscordSplash.onStateUpdate: {"status":"downloading-updates","current":6,"total":6,"progress":7}
[2025-05-23 16:43:20.007] [info]  Splash.onStateUpdate: {"status":"downloading-updates","current":6,"total":6,"progress":7}
[2025-05-23 16:43:20.024] [info]  DiscordSplash.onStateUpdate: {"status":"downloading-updates","current":6,"total":6,"progress":8}
[2025-05-23 16:43:20.025] [info]  Splash.onStateUpdate: {"status":"downloading-updates","current":6,"total":6,"progress":8}
[2025-05-23 16:43:20.077] [info]  DiscordSplash.onStateUpdate: {"status":"downloading-updates","current":6,"total":6,"progress":10}
[2025-05-23 16:43:20.078] [info]  Splash.onStateUpdate: {"status":"downloading-updates","current":6,"total":6,"progress":10}
[2025-05-23 16:43:20.083] [info]  DiscordSplash.onStateUpdate: {"status":"downloading-updates","current":6,"total":6,"progress":11}
[2025-05-23 16:43:20.083] [info]  Splash.onStateUpdate: {"status":"downloading-updates","current":6,"total":6,"progress":11}
[2025-05-23 16:43:20.094] [info]  Splash.updateCountdownSeconds: undefined
[2025-05-23 16:43:20.109] [info]  DiscordSplash.onStateUpdate: {"status":"downloading-updates","current":6,"total":6,"progress":12}
[2025-05-23 16:43:20.110] [info]  Splash.onStateUpdate: {"status":"downloading-updates","current":6,"total":6,"progress":12}
[2025-05-23 16:43:20.143] [info]  DiscordSplash.onStateUpdate: {"status":"downloading-updates","current":6,"total":6,"progress":13}
[2025-05-23 16:43:20.144] [info]  Splash.onStateUpdate: {"status":"downloading-updates","current":6,"total":6,"progress":13}
[2025-05-23 16:43:20.171] [info]  DiscordSplash.onStateUpdate: {"status":"downloading-updates","current":6,"total":6,"progress":14}
[2025-05-23 16:43:20.172] [info]  Splash.onStateUpdate: {"status":"downloading-updates","current":6,"total":6,"progress":14}
[2025-05-23 16:43:20.188] [info]  DiscordSplash.onStateUpdate: {"status":"downloading-updates","current":6,"total":6,"progress":16}
[2025-05-23 16:43:20.188] [info]  Splash.onStateUpdate: {"status":"downloading-updates","current":6,"total":6,"progress":16}
[2025-05-23 16:43:20.198] [info]  DiscordSplash.onStateUpdate: {"status":"downloading-updates","current":6,"total":6,"progress":17}
[2025-05-23 16:43:20.199] [info]  Splash.onStateUpdate: {"status":"downloading-updates","current":6,"total":6,"progress":17}
[2025-05-23 16:43:20.316] [info]  DiscordSplash.onStateUpdate: {"status":"downloading-updates","current":6,"total":6,"progress":18}
[2025-05-23 16:43:20.317] [info]  Splash.onStateUpdate: {"status":"downloading-updates","current":6,"total":6,"progress":18}
[2025-05-23 16:43:20.363] [info]  DiscordSplash.onStateUpdate: {"status":"downloading-updates","current":6,"total":6,"progress":19}
[2025-05-23 16:43:20.363] [info]  Splash.onStateUpdate: {"status":"downloading-updates","current":6,"total":6,"progress":19}
[2025-05-23 16:43:20.406] [info]  DiscordSplash.onStateUpdate: {"status":"downloading-updates","current":6,"total":6,"progress":20}
[2025-05-23 16:43:20.408] [info]  Splash.onStateUpdate: {"status":"downloading-updates","current":6,"total":6,"progress":20}
[2025-05-23 16:43:20.411] [info]  DiscordSplash.onStateUpdate: {"status":"downloading-updates","current":6,"total":6,"progress":21}
[2025-05-23 16:43:20.412] [info]  Splash.onStateUpdate: {"status":"downloading-updates","current":6,"total":6,"progress":21}
[2025-05-23 16:43:20.435] [info]  DiscordSplash.onStateUpdate: {"status":"downloading-updates","current":6,"total":6,"progress":22}
[2025-05-23 16:43:20.436] [info]  Splash.onStateUpdate: {"status":"downloading-updates","current":6,"total":6,"progress":22}
[2025-05-23 16:43:20.482] [info]  DiscordSplash.onStateUpdate: {"status":"downloading-updates","current":6,"total":6,"progress":23}
[2025-05-23 16:43:20.483] [info]  Splash.onStateUpdate: {"status":"downloading-updates","current":6,"total":6,"progress":23}
[2025-05-23 16:43:20.515] [info]  DiscordSplash.onStateUpdate: {"status":"downloading-updates","current":6,"total":6,"progress":24}
[2025-05-23 16:43:20.516] [info]  Splash.onStateUpdate: {"status":"downloading-updates","current":6,"total":6,"progress":24}
[2025-05-23 16:43:20.533] [info]  DiscordSplash.onStateUpdate: {"status":"downloading-updates","current":6,"total":6,"progress":25}
[2025-05-23 16:43:20.534] [info]  Splash.onStateUpdate: {"status":"downloading-updates","current":6,"total":6,"progress":25}
[2025-05-23 16:43:20.559] [info]  DiscordSplash.onStateUpdate: {"status":"downloading-updates","current":6,"total":6,"progress":26}
[2025-05-23 16:43:20.559] [info]  Splash.onStateUpdate: {"status":"downloading-updates","current":6,"total":6,"progress":26}
[2025-05-23 16:43:20.588] [info]  DiscordSplash.onStateUpdate: {"status":"downloading-updates","current":6,"total":6,"progress":27}
[2025-05-23 16:43:20.589] [info]  Splash.onStateUpdate: {"status":"downloading-updates","current":6,"total":6,"progress":27}
[2025-05-23 16:43:20.620] [info]  DiscordSplash.onStateUpdate: {"status":"downloading-updates","current":6,"total":6,"progress":28}
[2025-05-23 16:43:20.621] [info]  Splash.onStateUpdate: {"status":"downloading-updates","current":6,"total":6,"progress":28}
[2025-05-23 16:43:20.666] [info]  DiscordSplash.onStateUpdate: {"status":"downloading-updates","current":6,"total":6,"progress":29}
[2025-05-23 16:43:20.667] [info]  Splash.onStateUpdate: {"status":"downloading-updates","current":6,"total":6,"progress":29}
[2025-05-23 16:43:20.682] [info]  DiscordSplash.onStateUpdate: {"status":"downloading-updates","current":6,"total":6,"progress":30}
[2025-05-23 16:43:20.683] [info]  Splash.onStateUpdate: {"status":"downloading-updates","current":6,"total":6,"progress":30}
[2025-05-23 16:43:20.701] [info]  DiscordSplash.onStateUpdate: {"status":"downloading-updates","current":6,"total":6,"progress":31}
[2025-05-23 16:43:20.701] [info]  Splash.onStateUpdate: {"status":"downloading-updates","current":6,"total":6,"progress":31}
[2025-05-23 16:43:20.719] [info]  DiscordSplash.onStateUpdate: {"status":"downloading-updates","current":6,"total":6,"progress":32}
[2025-05-23 16:43:20.720] [info]  Splash.onStateUpdate: {"status":"downloading-updates","current":6,"total":6,"progress":32}
[2025-05-23 16:43:20.824] [info]  DiscordSplash.onStateUpdate: {"status":"downloading-updates","current":6,"total":6,"progress":33}
[2025-05-23 16:43:20.825] [info]  Splash.onStateUpdate: {"status":"downloading-updates","current":6,"total":6,"progress":33}
[2025-05-23 16:43:20.848] [info]  DiscordSplash.onStateUpdate: {"status":"downloading-updates","current":6,"total":6,"progress":34}
[2025-05-23 16:43:20.848] [info]  Splash.onStateUpdate: {"status":"downloading-updates","current":6,"total":6,"progress":34}
[2025-05-23 16:43:20.917] [info]  DiscordSplash.onStateUpdate: {"status":"downloading-updates","current":6,"total":6,"progress":36}
[2025-05-23 16:43:20.918] [info]  Splash.onStateUpdate: {"status":"downloading-updates","current":6,"total":6,"progress":36}
[2025-05-23 16:43:20.951] [info]  DiscordSplash.onStateUpdate: {"status":"downloading-updates","current":6,"total":6,"progress":37}
[2025-05-23 16:43:20.951] [info]  Splash.onStateUpdate: {"status":"downloading-updates","current":6,"total":6,"progress":37}
[2025-05-23 16:43:21.095] [info]  Splash.updateCountdownSeconds: undefined
[2025-05-23 16:43:21.226] [info]  DiscordSplash.onStateUpdate: {"status":"downloading-updates","current":6,"total":6,"progress":38}
[2025-05-23 16:43:21.226] [info]  Splash.onStateUpdate: {"status":"downloading-updates","current":6,"total":6,"progress":38}
[2025-05-23 16:43:21.256] [info]  DiscordSplash.onStateUpdate: {"status":"downloading-updates","current":6,"total":6,"progress":39}
[2025-05-23 16:43:21.257] [info]  Splash.onStateUpdate: {"status":"downloading-updates","current":6,"total":6,"progress":39}
[2025-05-23 16:43:21.298] [info]  DiscordSplash.onStateUpdate: {"status":"downloading-updates","current":6,"total":6,"progress":40}
[2025-05-23 16:43:21.299] [info]  Splash.onStateUpdate: {"status":"downloading-updates","current":6,"total":6,"progress":40}
[2025-05-23 16:43:21.386] [info]  DiscordSplash.onStateUpdate: {"status":"downloading-updates","current":6,"total":6,"progress":41}
[2025-05-23 16:43:21.387] [info]  Splash.onStateUpdate: {"status":"downloading-updates","current":6,"total":6,"progress":41}
[2025-05-23 16:43:21.431] [info]  DiscordSplash.onStateUpdate: {"status":"downloading-updates","current":6,"total":6,"progress":42}
[2025-05-23 16:43:21.432] [info]  Splash.onStateUpdate: {"status":"downloading-updates","current":6,"total":6,"progress":42}
[2025-05-23 16:43:21.499] [info]  DiscordSplash.onStateUpdate: {"status":"downloading-updates","current":6,"total":6,"progress":43}
[2025-05-23 16:43:21.499] [info]  Splash.onStateUpdate: {"status":"downloading-updates","current":6,"total":6,"progress":43}
[2025-05-23 16:43:21.541] [info]  DiscordSplash.onStateUpdate: {"status":"downloading-updates","current":6,"total":6,"progress":44}
[2025-05-23 16:43:21.542] [info]  Splash.onStateUpdate: {"status":"downloading-updates","current":6,"total":6,"progress":44}
[2025-05-23 16:43:21.633] [info]  DiscordSplash.onStateUpdate: {"status":"downloading-updates","current":6,"total":6,"progress":45}
[2025-05-23 16:43:21.634] [info]  Splash.onStateUpdate: {"status":"downloading-updates","current":6,"total":6,"progress":45}
[2025-05-23 16:43:21.657] [info]  DiscordSplash.onStateUpdate: {"status":"downloading-updates","current":6,"total":6,"progress":46}
[2025-05-23 16:43:21.658] [info]  Splash.onStateUpdate: {"status":"downloading-updates","current":6,"total":6,"progress":46}
[2025-05-23 16:43:21.740] [info]  DiscordSplash.onStateUpdate: {"status":"downloading-updates","current":6,"total":6,"progress":47}
[2025-05-23 16:43:21.741] [info]  Splash.onStateUpdate: {"status":"downloading-updates","current":6,"total":6,"progress":47}
[2025-05-23 16:43:21.766] [info]  DiscordSplash.onStateUpdate: {"status":"downloading-updates","current":6,"total":6,"progress":48}
[2025-05-23 16:43:21.767] [info]  Splash.onStateUpdate: {"status":"downloading-updates","current":6,"total":6,"progress":48}
[2025-05-23 16:43:21.906] [info]  DiscordSplash.onStateUpdate: {"status":"downloading-updates","current":6,"total":6,"progress":49}
[2025-05-23 16:43:21.906] [info]  Splash.onStateUpdate: {"status":"downloading-updates","current":6,"total":6,"progress":49}
[2025-05-23 16:43:22.049] [info]  DiscordSplash.onStateUpdate: {"status":"downloading-updates","current":6,"total":6,"progress":50}
[2025-05-23 16:43:22.050] [info]  Splash.onStateUpdate: {"status":"downloading-updates","current":6,"total":6,"progress":50}
[2025-05-23 16:43:22.095] [info]  Splash.updateCountdownSeconds: undefined
[2025-05-23 16:43:22.118] [info]  DiscordSplash.onStateUpdate: {"status":"downloading-updates","current":6,"total":6,"progress":51}
[2025-05-23 16:43:22.119] [info]  Splash.onStateUpdate: {"status":"downloading-updates","current":6,"total":6,"progress":51}
[2025-05-23 16:43:22.174] [info]  DiscordSplash.onStateUpdate: {"status":"downloading-updates","current":6,"total":6,"progress":52}
[2025-05-23 16:43:22.175] [info]  Splash.onStateUpdate: {"status":"downloading-updates","current":6,"total":6,"progress":52}
[2025-05-23 16:43:22.179] [info]  DiscordSplash.onStateUpdate: {"status":"downloading-updates","current":6,"total":6,"progress":53}
[2025-05-23 16:43:22.180] [info]  Splash.onStateUpdate: {"status":"downloading-updates","current":6,"total":6,"progress":53}
[2025-05-23 16:43:22.325] [info]  DiscordSplash.onStateUpdate: {"status":"downloading-updates","current":6,"total":6,"progress":54}
[2025-05-23 16:43:22.326] [info]  Splash.onStateUpdate: {"status":"downloading-updates","current":6,"total":6,"progress":54}
[2025-05-23 16:43:22.331] [info]  DiscordSplash.onStateUpdate: {"status":"downloading-updates","current":6,"total":6,"progress":55}
[2025-05-23 16:43:22.331] [info]  Splash.onStateUpdate: {"status":"downloading-updates","current":6,"total":6,"progress":55}
[2025-05-23 16:43:22.347] [info]  DiscordSplash.onStateUpdate: {"status":"downloading-updates","current":6,"total":6,"progress":56}
[2025-05-23 16:43:22.347] [info]  Splash.onStateUpdate: {"status":"downloading-updates","current":6,"total":6,"progress":56}
[2025-05-23 16:43:22.377] [info]  DiscordSplash.onStateUpdate: {"status":"downloading-updates","current":6,"total":6,"progress":57}
[2025-05-23 16:43:22.378] [info]  Splash.onStateUpdate: {"status":"downloading-updates","current":6,"total":6,"progress":57}
[2025-05-23 16:43:22.399] [info]  DiscordSplash.onStateUpdate: {"status":"downloading-updates","current":6,"total":6,"progress":58}
[2025-05-23 16:43:22.399] [info]  Splash.onStateUpdate: {"status":"downloading-updates","current":6,"total":6,"progress":58}
[2025-05-23 16:43:22.418] [info]  DiscordSplash.onStateUpdate: {"status":"downloading-updates","current":6,"total":6,"progress":59}
[2025-05-23 16:43:22.418] [info]  Splash.onStateUpdate: {"status":"downloading-updates","current":6,"total":6,"progress":59}
[2025-05-23 16:43:22.429] [info]  DiscordSplash.onStateUpdate: {"status":"downloading-updates","current":6,"total":6,"progress":60}
[2025-05-23 16:43:22.430] [info]  Splash.onStateUpdate: {"status":"downloading-updates","current":6,"total":6,"progress":60}
[2025-05-23 16:43:22.438] [info]  DiscordSplash.onStateUpdate: {"status":"downloading-updates","current":6,"total":6,"progress":61}
[2025-05-23 16:43:22.438] [info]  Splash.onStateUpdate: {"status":"downloading-updates","current":6,"total":6,"progress":61}
[2025-05-23 16:43:22.506] [info]  DiscordSplash.onStateUpdate: {"status":"downloading-updates","current":6,"total":6,"progress":62}
[2025-05-23 16:43:22.507] [info]  Splash.onStateUpdate: {"status":"downloading-updates","current":6,"total":6,"progress":62}
[2025-05-23 16:43:22.538] [info]  DiscordSplash.onStateUpdate: {"status":"downloading-updates","current":6,"total":6,"progress":63}
[2025-05-23 16:43:22.538] [info]  Splash.onStateUpdate: {"status":"downloading-updates","current":6,"total":6,"progress":63}
[2025-05-23 16:43:22.617] [info]  DiscordSplash.onStateUpdate: {"status":"downloading-updates","current":6,"total":6,"progress":64}
[2025-05-23 16:43:22.618] [info]  Splash.onStateUpdate: {"status":"downloading-updates","current":6,"total":6,"progress":64}
[2025-05-23 16:43:22.621] [info]  DiscordSplash.onStateUpdate: {"status":"downloading-updates","current":6,"total":6,"progress":65}
[2025-05-23 16:43:22.622] [info]  Splash.onStateUpdate: {"status":"downloading-updates","current":6,"total":6,"progress":65}
[2025-05-23 16:43:22.627] [info]  DiscordSplash.onStateUpdate: {"status":"downloading-updates","current":6,"total":6,"progress":66}
[2025-05-23 16:43:22.628] [info]  Splash.onStateUpdate: {"status":"downloading-updates","current":6,"total":6,"progress":66}
[2025-05-23 16:43:22.639] [info]  DiscordSplash.onStateUpdate: {"status":"downloading-updates","current":6,"total":6,"progress":67}
[2025-05-23 16:43:22.639] [info]  Splash.onStateUpdate: {"status":"downloading-updates","current":6,"total":6,"progress":67}
[2025-05-23 16:43:22.657] [info]  DiscordSplash.onStateUpdate: {"status":"downloading-updates","current":6,"total":6,"progress":68}
[2025-05-23 16:43:22.657] [info]  Splash.onStateUpdate: {"status":"downloading-updates","current":6,"total":6,"progress":68}
[2025-05-23 16:43:22.716] [info]  DiscordSplash.onStateUpdate: {"status":"downloading-updates","current":6,"total":6,"progress":69}
[2025-05-23 16:43:22.717] [info]  Splash.onStateUpdate: {"status":"downloading-updates","current":6,"total":6,"progress":69}
[2025-05-23 16:43:22.737] [info]  DiscordSplash.onStateUpdate: {"status":"downloading-updates","current":6,"total":6,"progress":70}
[2025-05-23 16:43:22.738] [info]  Splash.onStateUpdate: {"status":"downloading-updates","current":6,"total":6,"progress":70}
[2025-05-23 16:43:22.747] [info]  DiscordSplash.onStateUpdate: {"status":"downloading-updates","current":6,"total":6,"progress":71}
[2025-05-23 16:43:22.748] [info]  Splash.onStateUpdate: {"status":"downloading-updates","current":6,"total":6,"progress":71}
[2025-05-23 16:43:22.810] [info]  DiscordSplash.onStateUpdate: {"status":"downloading-updates","current":6,"total":6,"progress":72}
[2025-05-23 16:43:22.810] [info]  Splash.onStateUpdate: {"status":"downloading-updates","current":6,"total":6,"progress":72}
[2025-05-23 16:43:22.816] [info]  DiscordSplash.onStateUpdate: {"status":"downloading-updates","current":6,"total":6,"progress":73}
[2025-05-23 16:43:22.816] [info]  Splash.onStateUpdate: {"status":"downloading-updates","current":6,"total":6,"progress":73}
[2025-05-23 16:43:22.821] [info]  DiscordSplash.onStateUpdate: {"status":"downloading-updates","current":6,"total":6,"progress":74}
[2025-05-23 16:43:22.821] [info]  Splash.onStateUpdate: {"status":"downloading-updates","current":6,"total":6,"progress":74}
[2025-05-23 16:43:22.844] [info]  DiscordSplash.onStateUpdate: {"status":"downloading-updates","current":6,"total":6,"progress":75}
[2025-05-23 16:43:22.845] [info]  Splash.onStateUpdate: {"status":"downloading-updates","current":6,"total":6,"progress":75}
[2025-05-23 16:43:22.852] [info]  DiscordSplash.onStateUpdate: {"status":"downloading-updates","current":6,"total":6,"progress":76}
[2025-05-23 16:43:22.852] [info]  Splash.onStateUpdate: {"status":"downloading-updates","current":6,"total":6,"progress":76}
[2025-05-23 16:43:22.859] [info]  DiscordSplash.onStateUpdate: {"status":"downloading-updates","current":6,"total":6,"progress":77}
[2025-05-23 16:43:22.860] [info]  Splash.onStateUpdate: {"status":"downloading-updates","current":6,"total":6,"progress":77}
[2025-05-23 16:43:22.873] [info]  DiscordSplash.onStateUpdate: {"status":"downloading-updates","current":6,"total":6,"progress":78}
[2025-05-23 16:43:22.874] [info]  Splash.onStateUpdate: {"status":"downloading-updates","current":6,"total":6,"progress":78}
[2025-05-23 16:43:22.885] [info]  DiscordSplash.onStateUpdate: {"status":"downloading-updates","current":6,"total":6,"progress":79}
[2025-05-23 16:43:22.886] [info]  Splash.onStateUpdate: {"status":"downloading-updates","current":6,"total":6,"progress":79}
[2025-05-23 16:43:22.892] [info]  DiscordSplash.onStateUpdate: {"status":"downloading-updates","current":6,"total":6,"progress":80}
[2025-05-23 16:43:22.893] [info]  Splash.onStateUpdate: {"status":"downloading-updates","current":6,"total":6,"progress":80}
[2025-05-23 16:43:22.912] [info]  DiscordSplash.onStateUpdate: {"status":"downloading-updates","current":6,"total":6,"progress":81}
[2025-05-23 16:43:22.913] [info]  Splash.onStateUpdate: {"status":"downloading-updates","current":6,"total":6,"progress":81}
[2025-05-23 16:43:22.929] [info]  DiscordSplash.onStateUpdate: {"status":"downloading-updates","current":6,"total":6,"progress":82}
[2025-05-23 16:43:22.929] [info]  Splash.onStateUpdate: {"status":"downloading-updates","current":6,"total":6,"progress":82}
[2025-05-23 16:43:22.933] [info]  DiscordSplash.onStateUpdate: {"status":"downloading-updates","current":6,"total":6,"progress":83}
[2025-05-23 16:43:22.933] [info]  Splash.onStateUpdate: {"status":"downloading-updates","current":6,"total":6,"progress":83}
[2025-05-23 16:43:22.962] [info]  DiscordSplash.onStateUpdate: {"status":"downloading-updates","current":6,"total":6,"progress":84}
[2025-05-23 16:43:22.963] [info]  Splash.onStateUpdate: {"status":"downloading-updates","current":6,"total":6,"progress":84}
[2025-05-23 16:43:23.015] [info]  DiscordSplash.onStateUpdate: {"status":"downloading-updates","current":6,"total":6,"progress":85}
[2025-05-23 16:43:23.015] [info]  Splash.onStateUpdate: {"status":"downloading-updates","current":6,"total":6,"progress":85}
[2025-05-23 16:43:23.022] [info]  DiscordSplash.onStateUpdate: {"status":"downloading-updates","current":6,"total":6,"progress":86}
[2025-05-23 16:43:23.022] [info]  Splash.onStateUpdate: {"status":"downloading-updates","current":6,"total":6,"progress":86}
[2025-05-23 16:43:23.027] [info]  DiscordSplash.onStateUpdate: {"status":"downloading-updates","current":6,"total":6,"progress":87}
[2025-05-23 16:43:23.027] [info]  Splash.onStateUpdate: {"status":"downloading-updates","current":6,"total":6,"progress":87}
[2025-05-23 16:43:23.040] [info]  DiscordSplash.onStateUpdate: {"status":"downloading-updates","current":6,"total":6,"progress":88}
[2025-05-23 16:43:23.041] [info]  Splash.onStateUpdate: {"status":"downloading-updates","current":6,"total":6,"progress":88}
[2025-05-23 16:43:23.055] [info]  DiscordSplash.onStateUpdate: {"status":"downloading-updates","current":6,"total":6,"progress":89}
[2025-05-23 16:43:23.055] [info]  Splash.onStateUpdate: {"status":"downloading-updates","current":6,"total":6,"progress":89}
[2025-05-23 16:43:23.091] [info]  DiscordSplash.onStateUpdate: {"status":"downloading-updates","current":6,"total":6,"progress":90}
[2025-05-23 16:43:23.091] [info]  Splash.onStateUpdate: {"status":"downloading-updates","current":6,"total":6,"progress":90}
[2025-05-23 16:43:23.095] [info]  Splash.updateCountdownSeconds: undefined
[2025-05-23 16:43:23.097] [info]  DiscordSplash.onStateUpdate: {"status":"downloading-updates","current":6,"total":6,"progress":91}
[2025-05-23 16:43:23.098] [info]  Splash.onStateUpdate: {"status":"downloading-updates","current":6,"total":6,"progress":91}
[2025-05-23 16:43:23.762] [info]  DiscordSplash.onStateUpdate: {"status":"downloading-updates","current":6,"total":6,"progress":100}
[2025-05-23 16:43:23.763] [info]  Splash.onStateUpdate: {"status":"downloading-updates","current":6,"total":6,"progress":100}
[2025-05-23 16:43:23.764] [info]  DiscordSplash.onStateUpdate: {"status":"installing-updates","current":1,"total":6}
[2025-05-23 16:43:23.764] [info]  Splash.onStateUpdate: {"status":"installing-updates","current":1,"total":6}
[2025-05-23 16:43:23.777] [info]  DiscordSplash.onStateUpdate: {"status":"installing-updates","current":1,"total":6,"progress":33}
[2025-05-23 16:43:23.778] [info]  Splash.onStateUpdate: {"status":"installing-updates","current":1,"total":6,"progress":33}
[2025-05-23 16:43:23.795] [info]  DiscordSplash.onStateUpdate: {"status":"installing-updates","current":1,"total":6,"progress":66}
[2025-05-23 16:43:23.795] [info]  Splash.onStateUpdate: {"status":"installing-updates","current":1,"total":6,"progress":66}
[2025-05-23 16:43:23.798] [info]  DiscordSplash.onStateUpdate: {"status":"installing-updates","current":1,"total":6,"progress":100}
[2025-05-23 16:43:23.798] [info]  Splash.onStateUpdate: {"status":"installing-updates","current":1,"total":6,"progress":100}
[2025-05-23 16:43:23.861] [info]  DiscordSplash.onStateUpdate: {"status":"installing-updates","current":2,"total":6}
[2025-05-23 16:43:23.861] [info]  Splash.onStateUpdate: {"status":"installing-updates","current":2,"total":6}
[2025-05-23 16:43:23.862] [info]  DiscordSplash.onStateUpdate: {"status":"installing-updates","current":2,"total":6,"progress":25}
[2025-05-23 16:43:23.862] [info]  Splash.onStateUpdate: {"status":"installing-updates","current":2,"total":6,"progress":25}
[2025-05-23 16:43:23.892] [info]  DiscordSplash.onStateUpdate: {"status":"installing-updates","current":2,"total":6,"progress":50}
[2025-05-23 16:43:23.892] [info]  Splash.onStateUpdate: {"status":"installing-updates","current":2,"total":6,"progress":50}
[2025-05-23 16:43:23.894] [info]  DiscordSplash.onStateUpdate: {"status":"installing-updates","current":2,"total":6,"progress":75}
[2025-05-23 16:43:23.894] [info]  Splash.onStateUpdate: {"status":"installing-updates","current":2,"total":6,"progress":75}
[2025-05-23 16:43:23.895] [info]  DiscordSplash.onStateUpdate: {"status":"installing-updates","current":2,"total":6,"progress":100}
[2025-05-23 16:43:23.895] [info]  Splash.onStateUpdate: {"status":"installing-updates","current":2,"total":6,"progress":100}
[2025-05-23 16:43:23.897] [info]  DiscordSplash.onStateUpdate: {"status":"installing-updates","current":3,"total":6}
[2025-05-23 16:43:23.897] [info]  Splash.onStateUpdate: {"status":"installing-updates","current":3,"total":6}
[2025-05-23 16:43:23.898] [info]  DiscordSplash.onStateUpdate: {"status":"installing-updates","current":3,"total":6,"progress":0}
[2025-05-23 16:43:23.898] [info]  Splash.onStateUpdate: {"status":"installing-updates","current":3,"total":6,"progress":0}
[2025-05-23 16:43:23.900] [info]  DiscordSplash.onStateUpdate: {"status":"installing-updates","current":3,"total":6,"progress":0}
[2025-05-23 16:43:23.900] [info]  Splash.onStateUpdate: {"status":"installing-updates","current":3,"total":6,"progress":0}
[2025-05-23 16:43:23.902] [info]  DiscordSplash.onStateUpdate: {"status":"installing-updates","current":3,"total":6,"progress":0}
[2025-05-23 16:43:23.902] [info]  Splash.onStateUpdate: {"status":"installing-updates","current":3,"total":6,"progress":0}
[2025-05-23 16:43:23.903] [info]  DiscordSplash.onStateUpdate: {"status":"installing-updates","current":3,"total":6,"progress":0}
[2025-05-23 16:43:23.903] [info]  Splash.onStateUpdate: {"status":"installing-updates","current":3,"total":6,"progress":0}
[2025-05-23 16:43:23.904] [info]  DiscordSplash.onStateUpdate: {"status":"installing-updates","current":3,"total":6,"progress":0}
[2025-05-23 16:43:23.904] [info]  Splash.onStateUpdate: {"status":"installing-updates","current":3,"total":6,"progress":0}
[2025-05-23 16:43:23.905] [info]  DiscordSplash.onStateUpdate: {"status":"installing-updates","current":3,"total":6,"progress":0}
[2025-05-23 16:43:23.905] [info]  Splash.onStateUpdate: {"status":"installing-updates","current":3,"total":6,"progress":0}
[2025-05-23 16:43:23.906] [info]  DiscordSplash.onStateUpdate: {"status":"installing-updates","current":3,"total":6,"progress":1}
[2025-05-23 16:43:23.906] [info]  Splash.onStateUpdate: {"status":"installing-updates","current":3,"total":6,"progress":1}
[2025-05-23 16:43:23.907] [info]  DiscordSplash.onStateUpdate: {"status":"installing-updates","current":3,"total":6,"progress":1}
[2025-05-23 16:43:23.907] [info]  Splash.onStateUpdate: {"status":"installing-updates","current":3,"total":6,"progress":1}
[2025-05-23 16:43:23.908] [info]  DiscordSplash.onStateUpdate: {"status":"installing-updates","current":3,"total":6,"progress":1}
[2025-05-23 16:43:23.908] [info]  Splash.onStateUpdate: {"status":"installing-updates","current":3,"total":6,"progress":1}
[2025-05-23 16:43:23.908] [info]  DiscordSplash.onStateUpdate: {"status":"installing-updates","current":3,"total":6,"progress":1}
[2025-05-23 16:43:23.908] [info]  Splash.onStateUpdate: {"status":"installing-updates","current":3,"total":6,"progress":1}
[2025-05-23 16:43:23.909] [info]  DiscordSplash.onStateUpdate: {"status":"installing-updates","current":3,"total":6,"progress":1}
[2025-05-23 16:43:23.909] [info]  Splash.onStateUpdate: {"status":"installing-updates","current":3,"total":6,"progress":1}
[2025-05-23 16:43:23.910] [info]  DiscordSplash.onStateUpdate: {"status":"installing-updates","current":3,"total":6,"progress":1}
[2025-05-23 16:43:23.910] [info]  Splash.onStateUpdate: {"status":"installing-updates","current":3,"total":6,"progress":1}
[2025-05-23 16:43:23.911] [info]  DiscordSplash.onStateUpdate: {"status":"installing-updates","current":3,"total":6,"progress":2}
[2025-05-23 16:43:23.911] [info]  Splash.onStateUpdate: {"status":"installing-updates","current":3,"total":6,"progress":2}
[2025-05-23 16:43:23.911] [info]  DiscordSplash.onStateUpdate: {"status":"installing-updates","current":3,"total":6,"progress":2}
[2025-05-23 16:43:23.911] [info]  Splash.onStateUpdate: {"status":"installing-updates","current":3,"total":6,"progress":2}
[2025-05-23 16:43:23.912] [info]  DiscordSplash.onStateUpdate: {"status":"installing-updates","current":3,"total":6,"progress":2}
[2025-05-23 16:43:23.912] [info]  Splash.onStateUpdate: {"status":"installing-updates","current":3,"total":6,"progress":2}
[2025-05-23 16:43:23.913] [info]  DiscordSplash.onStateUpdate: {"status":"installing-updates","current":3,"total":6,"progress":2}
[2025-05-23 16:43:23.913] [info]  Splash.onStateUpdate: {"status":"installing-updates","current":3,"total":6,"progress":2}
[2025-05-23 16:43:23.913] [info]  DiscordSplash.onStateUpdate: {"status":"installing-updates","current":3,"total":6,"progress":2}
[2025-05-23 16:43:23.913] [info]  Splash.onStateUpdate: {"status":"installing-updates","current":3,"total":6,"progress":2}
[2025-05-23 16:43:23.914] [info]  DiscordSplash.onStateUpdate: {"status":"installing-updates","current":3,"total":6,"progress":2}
[2025-05-23 16:43:23.914] [info]  Splash.onStateUpdate: {"status":"installing-updates","current":3,"total":6,"progress":2}
[2025-05-23 16:43:23.914] [info]  DiscordSplash.onStateUpdate: {"status":"installing-updates","current":3,"total":6,"progress":3}
[2025-05-23 16:43:23.914] [info]  Splash.onStateUpdate: {"status":"installing-updates","current":3,"total":6,"progress":3}
[2025-05-23 16:43:23.915] [info]  DiscordSplash.onStateUpdate: {"status":"installing-updates","current":3,"total":6,"progress":3}
[2025-05-23 16:43:23.915] [info]  Splash.onStateUpdate: {"status":"installing-updates","current":3,"total":6,"progress":3}
[2025-05-23 16:43:23.915] [info]  DiscordSplash.onStateUpdate: {"status":"installing-updates","current":3,"total":6,"progress":3}
[2025-05-23 16:43:23.915] [info]  Splash.onStateUpdate: {"status":"installing-updates","current":3,"total":6,"progress":3}
[2025-05-23 16:43:23.916] [info]  DiscordSplash.onStateUpdate: {"status":"installing-updates","current":3,"total":6,"progress":3}
[2025-05-23 16:43:23.916] [info]  Splash.onStateUpdate: {"status":"installing-updates","current":3,"total":6,"progress":3}
[2025-05-23 16:43:23.916] [info]  DiscordSplash.onStateUpdate: {"status":"installing-updates","current":3,"total":6,"progress":3}
[2025-05-23 16:43:23.917] [info]  Splash.onStateUpdate: {"status":"installing-updates","current":3,"total":6,"progress":3}
[2025-05-23 16:43:23.917] [info]  DiscordSplash.onStateUpdate: {"status":"installing-updates","current":3,"total":6,"progress":3}
[2025-05-23 16:43:23.917] [info]  Splash.onStateUpdate: {"status":"installing-updates","current":3,"total":6,"progress":3}
[2025-05-23 16:43:23.918] [info]  DiscordSplash.onStateUpdate: {"status":"installing-updates","current":3,"total":6,"progress":4}
[2025-05-23 16:43:23.918] [info]  Splash.onStateUpdate: {"status":"installing-updates","current":3,"total":6,"progress":4}
[2025-05-23 16:43:23.918] [info]  DiscordSplash.onStateUpdate: {"status":"installing-updates","current":3,"total":6,"progress":4}
[2025-05-23 16:43:23.918] [info]  Splash.onStateUpdate: {"status":"installing-updates","current":3,"total":6,"progress":4}
[2025-05-23 16:43:23.919] [info]  DiscordSplash.onStateUpdate: {"status":"installing-updates","current":3,"total":6,"progress":4}
[2025-05-23 16:43:23.919] [info]  Splash.onStateUpdate: {"status":"installing-updates","current":3,"total":6,"progress":4}
[2025-05-23 16:43:23.920] [info]  DiscordSplash.onStateUpdate: {"status":"installing-updates","current":3,"total":6,"progress":4}
[2025-05-23 16:43:23.920] [info]  Splash.onStateUpdate: {"status":"installing-updates","current":3,"total":6,"progress":4}
[2025-05-23 16:43:23.920] [info]  DiscordSplash.onStateUpdate: {"status":"installing-updates","current":3,"total":6,"progress":4}
[2025-05-23 16:43:23.920] [info]  Splash.onStateUpdate: {"status":"installing-updates","current":3,"total":6,"progress":4}
[2025-05-23 16:43:23.921] [info]  DiscordSplash.onStateUpdate: {"status":"installing-updates","current":3,"total":6,"progress":4}
[2025-05-23 16:43:23.921] [info]  Splash.onStateUpdate: {"status":"installing-updates","current":3,"total":6,"progress":4}
[2025-05-23 16:43:23.921] [info]  DiscordSplash.onStateUpdate: {"status":"installing-updates","current":3,"total":6,"progress":5}
[2025-05-23 16:43:23.921] [info]  Splash.onStateUpdate: {"status":"installing-updates","current":3,"total":6,"progress":5}
[2025-05-23 16:43:23.922] [info]  DiscordSplash.onStateUpdate: {"status":"installing-updates","current":3,"total":6,"progress":5}
[2025-05-23 16:43:23.922] [info]  Splash.onStateUpdate: {"status":"installing-updates","current":3,"total":6,"progress":5}
[2025-05-23 16:43:23.923] [info]  DiscordSplash.onStateUpdate: {"status":"installing-updates","current":3,"total":6,"progress":5}
[2025-05-23 16:43:23.923] [info]  Splash.onStateUpdate: {"status":"installing-updates","current":3,"total":6,"progress":5}
[2025-05-23 16:43:23.924] [info]  DiscordSplash.onStateUpdate: {"status":"installing-updates","current":3,"total":6,"progress":5}
[2025-05-23 16:43:23.924] [info]  Splash.onStateUpdate: {"status":"installing-updates","current":3,"total":6,"progress":5}
[2025-05-23 16:43:23.924] [info]  DiscordSplash.onStateUpdate: {"status":"installing-updates","current":3,"total":6,"progress":5}
[2025-05-23 16:43:23.924] [info]  Splash.onStateUpdate: {"status":"installing-updates","current":3,"total":6,"progress":5}
[2025-05-23 16:43:23.925] [info]  DiscordSplash.onStateUpdate: {"status":"installing-updates","current":3,"total":6,"progress":5}
[2025-05-23 16:43:23.925] [info]  Splash.onStateUpdate: {"status":"installing-updates","current":3,"total":6,"progress":5}
[2025-05-23 16:43:23.925] [info]  DiscordSplash.onStateUpdate: {"status":"installing-updates","current":3,"total":6,"progress":5}
[2025-05-23 16:43:23.926] [info]  Splash.onStateUpdate: {"status":"installing-updates","current":3,"total":6,"progress":5}
[2025-05-23 16:43:23.926] [info]  DiscordSplash.onStateUpdate: {"status":"installing-updates","current":3,"total":6,"progress":6}
[2025-05-23 16:43:23.926] [info]  Splash.onStateUpdate: {"status":"installing-updates","current":3,"total":6,"progress":6}
[2025-05-23 16:43:23.927] [info]  DiscordSplash.onStateUpdate: {"status":"installing-updates","current":3,"total":6,"progress":6}
[2025-05-23 16:43:23.927] [info]  Splash.onStateUpdate: {"status":"installing-updates","current":3,"total":6,"progress":6}
[2025-05-23 16:43:23.927] [info]  DiscordSplash.onStateUpdate: {"status":"installing-updates","current":3,"total":6,"progress":6}
[2025-05-23 16:43:23.927] [info]  Splash.onStateUpdate: {"status":"installing-updates","current":3,"total":6,"progress":6}
[2025-05-23 16:43:23.928] [info]  DiscordSplash.onStateUpdate: {"status":"installing-updates","current":3,"total":6,"progress":6}
[2025-05-23 16:43:23.928] [info]  Splash.onStateUpdate: {"status":"installing-updates","current":3,"total":6,"progress":6}
[2025-05-23 16:43:23.928] [info]  DiscordSplash.onStateUpdate: {"status":"installing-updates","current":3,"total":6,"progress":6}
[2025-05-23 16:43:23.928] [info]  Splash.onStateUpdate: {"status":"installing-updates","current":3,"total":6,"progress":6}
[2025-05-23 16:43:23.929] [info]  DiscordSplash.onStateUpdate: {"status":"installing-updates","current":3,"total":6,"progress":6}
[2025-05-23 16:43:23.929] [info]  Splash.onStateUpdate: {"status":"installing-updates","current":3,"total":6,"progress":6}
[2025-05-23 16:43:23.929] [info]  DiscordSplash.onStateUpdate: {"status":"installing-updates","current":3,"total":6,"progress":7}
[2025-05-23 16:43:23.929] [info]  Splash.onStateUpdate: {"status":"installing-updates","current":3,"total":6,"progress":7}
[2025-05-23 16:43:23.930] [info]  DiscordSplash.onStateUpdate: {"status":"installing-updates","current":3,"total":6,"progress":7}
[2025-05-23 16:43:23.930] [info]  Splash.onStateUpdate: {"status":"installing-updates","current":3,"total":6,"progress":7}
[2025-05-23 16:43:23.930] [info]  DiscordSplash.onStateUpdate: {"status":"installing-updates","current":3,"total":6,"progress":7}
[2025-05-23 16:43:23.930] [info]  Splash.onStateUpdate: {"status":"installing-updates","current":3,"total":6,"progress":7}
[2025-05-23 16:43:23.931] [info]  DiscordSplash.onStateUpdate: {"status":"installing-updates","current":3,"total":6,"progress":7}
[2025-05-23 16:43:23.931] [info]  Splash.onStateUpdate: {"status":"installing-updates","current":3,"total":6,"progress":7}
[2025-05-23 16:43:23.931] [info]  DiscordSplash.onStateUpdate: {"status":"installing-updates","current":3,"total":6,"progress":7}
[2025-05-23 16:43:23.932] [info]  Splash.onStateUpdate: {"status":"installing-updates","current":3,"total":6,"progress":7}
[2025-05-23 16:43:23.932] [info]  DiscordSplash.onStateUpdate: {"status":"installing-updates","current":3,"total":6,"progress":7}
[2025-05-23 16:43:23.932] [info]  Splash.onStateUpdate: {"status":"installing-updates","current":3,"total":6,"progress":7}
[2025-05-23 16:43:23.932] [info]  DiscordSplash.onStateUpdate: {"status":"installing-updates","current":3,"total":6,"progress":8}
[2025-05-23 16:43:23.933] [info]  Splash.onStateUpdate: {"status":"installing-updates","current":3,"total":6,"progress":8}
[2025-05-23 16:43:23.933] [info]  DiscordSplash.onStateUpdate: {"status":"installing-updates","current":3,"total":6,"progress":8}
[2025-05-23 16:43:23.933] [info]  Splash.onStateUpdate: {"status":"installing-updates","current":3,"total":6,"progress":8}
[2025-05-23 16:43:23.934] [info]  DiscordSplash.onStateUpdate: {"status":"installing-updates","current":3,"total":6,"progress":8}
[2025-05-23 16:43:23.934] [info]  Splash.onStateUpdate: {"status":"installing-updates","current":3,"total":6,"progress":8}
[2025-05-23 16:43:23.935] [info]  DiscordSplash.onStateUpdate: {"status":"installing-updates","current":3,"total":6,"progress":8}
[2025-05-23 16:43:23.935] [info]  Splash.onStateUpdate: {"status":"installing-updates","current":3,"total":6,"progress":8}
[2025-05-23 16:43:23.935] [info]  DiscordSplash.onStateUpdate: {"status":"installing-updates","current":3,"total":6,"progress":8}
[2025-05-23 16:43:23.935] [info]  Splash.onStateUpdate: {"status":"installing-updates","current":3,"total":6,"progress":8}
[2025-05-23 16:43:23.936] [info]  DiscordSplash.onStateUpdate: {"status":"installing-updates","current":3,"total":6,"progress":8}
[2025-05-23 16:43:23.936] [info]  Splash.onStateUpdate: {"status":"installing-updates","current":3,"total":6,"progress":8}
[2025-05-23 16:43:23.936] [info]  DiscordSplash.onStateUpdate: {"status":"installing-updates","current":3,"total":6,"progress":9}
[2025-05-23 16:43:23.936] [info]  Splash.onStateUpdate: {"status":"installing-updates","current":3,"total":6,"progress":9}
[2025-05-23 16:43:23.937] [info]  DiscordSplash.onStateUpdate: {"status":"installing-updates","current":3,"total":6,"progress":9}
[2025-05-23 16:43:23.937] [info]  Splash.onStateUpdate: {"status":"installing-updates","current":3,"total":6,"progress":9}
[2025-05-23 16:43:23.937] [info]  DiscordSplash.onStateUpdate: {"status":"installing-updates","current":3,"total":6,"progress":9}
[2025-05-23 16:43:23.938] [info]  Splash.onStateUpdate: {"status":"installing-updates","current":3,"total":6,"progress":9}
[2025-05-23 16:43:23.938] [info]  DiscordSplash.onStateUpdate: {"status":"installing-updates","current":3,"total":6,"progress":9}
[2025-05-23 16:43:23.938] [info]  Splash.onStateUpdate: {"status":"installing-updates","current":3,"total":6,"progress":9}
[2025-05-23 16:43:23.939] [info]  DiscordSplash.onStateUpdate: {"status":"installing-updates","current":3,"total":6,"progress":9}
[2025-05-23 16:43:23.939] [info]  Splash.onStateUpdate: {"status":"installing-updates","current":3,"total":6,"progress":9}
[2025-05-23 16:43:23.939] [info]  DiscordSplash.onStateUpdate: {"status":"installing-updates","current":3,"total":6,"progress":9}
[2025-05-23 16:43:23.939] [info]  Splash.onStateUpdate: {"status":"installing-updates","current":3,"total":6,"progress":9}
[2025-05-23 16:43:23.940] [info]  DiscordSplash.onStateUpdate: {"status":"installing-updates","current":3,"total":6,"progress":10}
[2025-05-23 16:43:23.940] [info]  Splash.onStateUpdate: {"status":"installing-updates","current":3,"total":6,"progress":10}
[2025-05-23 16:43:23.940] [info]  DiscordSplash.onStateUpdate: {"status":"installing-updates","current":3,"total":6,"progress":10}
[2025-05-23 16:43:23.940] [info]  Splash.onStateUpdate: {"status":"installing-updates","current":3,"total":6,"progress":10}
[2025-05-23 16:43:23.941] [info]  DiscordSplash.onStateUpdate: {"status":"installing-updates","current":3,"total":6,"progress":10}
[2025-05-23 16:43:23.941] [info]  Splash.onStateUpdate: {"status":"installing-updates","current":3,"total":6,"progress":10}
[2025-05-23 16:43:23.941] [info]  DiscordSplash.onStateUpdate: {"status":"installing-updates","current":3,"total":6,"progress":10}
[2025-05-23 16:43:23.941] [info]  Splash.onStateUpdate: {"status":"installing-updates","current":3,"total":6,"progress":10}
[2025-05-23 16:43:23.942] [info]  DiscordSplash.onStateUpdate: {"status":"installing-updates","current":3,"total":6,"progress":10}
[2025-05-23 16:43:23.942] [info]  Splash.onStateUpdate: {"status":"installing-updates","current":3,"total":6,"progress":10}
[2025-05-23 16:43:23.942] [info]  DiscordSplash.onStateUpdate: {"status":"installing-updates","current":3,"total":6,"progress":10}
[2025-05-23 16:43:23.942] [info]  Splash.onStateUpdate: {"status":"installing-updates","current":3,"total":6,"progress":10}
[2025-05-23 16:43:23.943] [info]  DiscordSplash.onStateUpdate: {"status":"installing-updates","current":3,"total":6,"progress":11}
[2025-05-23 16:43:23.943] [info]  Splash.onStateUpdate: {"status":"installing-updates","current":3,"total":6,"progress":11}
[2025-05-23 16:43:23.943] [info]  DiscordSplash.onStateUpdate: {"status":"installing-updates","current":3,"total":6,"progress":11}
[2025-05-23 16:43:23.944] [info]  Splash.onStateUpdate: {"status":"installing-updates","current":3,"total":6,"progress":11}
[2025-05-23 16:43:23.944] [info]  DiscordSplash.onStateUpdate: {"status":"installing-updates","current":3,"total":6,"progress":11}
[2025-05-23 16:43:23.944] [info]  Splash.onStateUpdate: {"status":"installing-updates","current":3,"total":6,"progress":11}
[2025-05-23 16:43:23.944] [info]  DiscordSplash.onStateUpdate: {"status":"installing-updates","current":3,"total":6,"progress":11}
[2025-05-23 16:43:23.945] [info]  Splash.onStateUpdate: {"status":"installing-updates","current":3,"total":6,"progress":11}
[2025-05-23 16:43:23.945] [info]  DiscordSplash.onStateUpdate: {"status":"installing-updates","current":3,"total":6,"progress":11}
[2025-05-23 16:43:23.945] [info]  Splash.onStateUpdate: {"status":"installing-updates","current":3,"total":6,"progress":11}
[2025-05-23 16:43:23.946] [info]  DiscordSplash.onStateUpdate: {"status":"installing-updates","current":3,"total":6,"progress":11}
[2025-05-23 16:43:23.946] [info]  Splash.onStateUpdate: {"status":"installing-updates","current":3,"total":6,"progress":11}
[2025-05-23 16:43:23.946] [info]  DiscordSplash.onStateUpdate: {"status":"installing-updates","current":3,"total":6,"progress":11}
[2025-05-23 16:43:23.947] [info]  Splash.onStateUpdate: {"status":"installing-updates","current":3,"total":6,"progress":11}
[2025-05-23 16:43:23.947] [info]  DiscordSplash.onStateUpdate: {"status":"installing-updates","current":3,"total":6,"progress":12}
[2025-05-23 16:43:23.947] [info]  Splash.onStateUpdate: {"status":"installing-updates","current":3,"total":6,"progress":12}
[2025-05-23 16:43:23.948] [info]  DiscordSplash.onStateUpdate: {"status":"installing-updates","current":3,"total":6,"progress":12}
[2025-05-23 16:43:23.948] [info]  Splash.onStateUpdate: {"status":"installing-updates","current":3,"total":6,"progress":12}
[2025-05-23 16:43:23.948] [info]  DiscordSplash.onStateUpdate: {"status":"installing-updates","current":3,"total":6,"progress":12}
[2025-05-23 16:43:23.948] [info]  Splash.onStateUpdate: {"status":"installing-updates","current":3,"total":6,"progress":12}
[2025-05-23 16:43:23.949] [info]  DiscordSplash.onStateUpdate: {"status":"installing-updates","current":3,"total":6,"progress":12}
[2025-05-23 16:43:23.949] [info]  Splash.onStateUpdate: {"status":"installing-updates","current":3,"total":6,"progress":12}
[2025-05-23 16:43:23.949] [info]  DiscordSplash.onStateUpdate: {"status":"installing-updates","current":3,"total":6,"progress":12}
[2025-05-23 16:43:23.949] [info]  Splash.onStateUpdate: {"status":"installing-updates","current":3,"total":6,"progress":12}
[2025-05-23 16:43:23.950] [info]  DiscordSplash.onStateUpdate: {"status":"installing-updates","current":3,"total":6,"progress":12}
[2025-05-23 16:43:23.950] [info]  Splash.onStateUpdate: {"status":"installing-updates","current":3,"total":6,"progress":12}
[2025-05-23 16:43:23.950] [info]  DiscordSplash.onStateUpdate: {"status":"installing-updates","current":3,"total":6,"progress":13}
[2025-05-23 16:43:23.950] [info]  Splash.onStateUpdate: {"status":"installing-updates","current":3,"total":6,"progress":13}
[2025-05-23 16:43:23.951] [info]  DiscordSplash.onStateUpdate: {"status":"installing-updates","current":3,"total":6,"progress":13}
[2025-05-23 16:43:23.951] [info]  Splash.onStateUpdate: {"status":"installing-updates","current":3,"total":6,"progress":13}
[2025-05-23 16:43:23.951] [info]  DiscordSplash.onStateUpdate: {"status":"installing-updates","current":3,"total":6,"progress":13}
[2025-05-23 16:43:23.951] [info]  Splash.onStateUpdate: {"status":"installing-updates","current":3,"total":6,"progress":13}
[2025-05-23 16:43:23.952] [info]  DiscordSplash.onStateUpdate: {"status":"installing-updates","current":3,"total":6,"progress":13}
[2025-05-23 16:43:23.952] [info]  Splash.onStateUpdate: {"status":"installing-updates","current":3,"total":6,"progress":13}
[2025-05-23 16:43:23.953] [info]  DiscordSplash.onStateUpdate: {"status":"installing-updates","current":3,"total":6,"progress":13}
[2025-05-23 16:43:23.953] [info]  Splash.onStateUpdate: {"status":"installing-updates","current":3,"total":6,"progress":13}
[2025-05-23 16:43:23.953] [info]  DiscordSplash.onStateUpdate: {"status":"installing-updates","current":3,"total":6,"progress":13}
[2025-05-23 16:43:23.953] [info]  Splash.onStateUpdate: {"status":"installing-updates","current":3,"total":6,"progress":13}
[2025-05-23 16:43:23.954] [info]  DiscordSplash.onStateUpdate: {"status":"installing-updates","current":3,"total":6,"progress":14}
[2025-05-23 16:43:23.954] [info]  Splash.onStateUpdate: {"status":"installing-updates","current":3,"total":6,"progress":14}
[2025-05-23 16:43:23.954] [info]  DiscordSplash.onStateUpdate: {"status":"installing-updates","current":3,"total":6,"progress":14}
[2025-05-23 16:43:23.954] [info]  Splash.onStateUpdate: {"status":"installing-updates","current":3,"total":6,"progress":14}
[2025-05-23 16:43:23.955] [info]  DiscordSplash.onStateUpdate: {"status":"installing-updates","current":3,"total":6,"progress":14}
[2025-05-23 16:43:23.955] [info]  Splash.onStateUpdate: {"status":"installing-updates","current":3,"total":6,"progress":14}
[2025-05-23 16:43:23.955] [info]  DiscordSplash.onStateUpdate: {"status":"installing-updates","current":3,"total":6,"progress":14}
[2025-05-23 16:43:23.955] [info]  Splash.onStateUpdate: {"status":"installing-updates","current":3,"total":6,"progress":14}
[2025-05-23 16:43:23.956] [info]  DiscordSplash.onStateUpdate: {"status":"installing-updates","current":3,"total":6,"progress":14}
[2025-05-23 16:43:23.956] [info]  Splash.onStateUpdate: {"status":"installing-updates","current":3,"total":6,"progress":14}
[2025-05-23 16:43:23.956] [info]  DiscordSplash.onStateUpdate: {"status":"installing-updates","current":3,"total":6,"progress":14}
[2025-05-23 16:43:23.957] [info]  Splash.onStateUpdate: {"status":"installing-updates","current":3,"total":6,"progress":14}
[2025-05-23 16:43:23.957] [info]  DiscordSplash.onStateUpdate: {"status":"installing-updates","current":3,"total":6,"progress":15}
[2025-05-23 16:43:23.957] [info]  Splash.onStateUpdate: {"status":"installing-updates","current":3,"total":6,"progress":15}
[2025-05-23 16:43:23.958] [info]  DiscordSplash.onStateUpdate: {"status":"installing-updates","current":3,"total":6,"progress":15}
[2025-05-23 16:43:23.958] [info]  Splash.onStateUpdate: {"status":"installing-updates","current":3,"total":6,"progress":15}
[2025-05-23 16:43:23.959] [info]  DiscordSplash.onStateUpdate: {"status":"installing-updates","current":3,"total":6,"progress":15}
[2025-05-23 16:43:23.959] [info]  Splash.onStateUpdate: {"status":"installing-updates","current":3,"total":6,"progress":15}
[2025-05-23 16:43:23.959] [info]  DiscordSplash.onStateUpdate: {"status":"installing-updates","current":3,"total":6,"progress":15}
[2025-05-23 16:43:23.959] [info]  Splash.onStateUpdate: {"status":"installing-updates","current":3,"total":6,"progress":15}
[2025-05-23 16:43:23.960] [info]  DiscordSplash.onStateUpdate: {"status":"installing-updates","current":3,"total":6,"progress":15}
[2025-05-23 16:43:23.960] [info]  Splash.onStateUpdate: {"status":"installing-updates","current":3,"total":6,"progress":15}
[2025-05-23 16:43:23.960] [info]  DiscordSplash.onStateUpdate: {"status":"installing-updates","current":3,"total":6,"progress":15}
[2025-05-23 16:43:23.960] [info]  Splash.onStateUpdate: {"status":"installing-updates","current":3,"total":6,"progress":15}
[2025-05-23 16:43:23.961] [info]  DiscordSplash.onStateUpdate: {"status":"installing-updates","current":3,"total":6,"progress":16}
[2025-05-23 16:43:23.961] [info]  Splash.onStateUpdate: {"status":"installing-updates","current":3,"total":6,"progress":16}
[2025-05-23 16:43:23.961] [info]  DiscordSplash.onStateUpdate: {"status":"installing-updates","current":3,"total":6,"progress":16}
[2025-05-23 16:43:23.961] [info]  Splash.onStateUpdate: {"status":"installing-updates","current":3,"total":6,"progress":16}
[2025-05-23 16:43:23.962] [info]  DiscordSplash.onStateUpdate: {"status":"installing-updates","current":3,"total":6,"progress":16}
[2025-05-23 16:43:23.962] [info]  Splash.onStateUpdate: {"status":"installing-updates","current":3,"total":6,"progress":16}
[2025-05-23 16:43:23.962] [info]  DiscordSplash.onStateUpdate: {"status":"installing-updates","current":3,"total":6,"progress":16}
[2025-05-23 16:43:23.962] [info]  Splash.onStateUpdate: {"status":"installing-updates","current":3,"total":6,"progress":16}
[2025-05-23 16:43:23.963] [info]  DiscordSplash.onStateUpdate: {"status":"installing-updates","current":3,"total":6,"progress":16}
[2025-05-23 16:43:23.963] [info]  Splash.onStateUpdate: {"status":"installing-updates","current":3,"total":6,"progress":16}
[2025-05-23 16:43:23.963] [info]  DiscordSplash.onStateUpdate: {"status":"installing-updates","current":3,"total":6,"progress":16}
[2025-05-23 16:43:23.963] [info]  Splash.onStateUpdate: {"status":"installing-updates","current":3,"total":6,"progress":16}
[2025-05-23 16:43:23.964] [info]  DiscordSplash.onStateUpdate: {"status":"installing-updates","current":3,"total":6,"progress":17}
[2025-05-23 16:43:23.964] [info]  Splash.onStateUpdate: {"status":"installing-updates","current":3,"total":6,"progress":17}
[2025-05-23 16:43:23.964] [info]  DiscordSplash.onStateUpdate: {"status":"installing-updates","current":3,"total":6,"progress":17}
[2025-05-23 16:43:23.965] [info]  Splash.onStateUpdate: {"status":"installing-updates","current":3,"total":6,"progress":17}
[2025-05-23 16:43:23.965] [info]  DiscordSplash.onStateUpdate: {"status":"installing-updates","current":3,"total":6,"progress":17}
[2025-05-23 16:43:23.965] [info]  Splash.onStateUpdate: {"status":"installing-updates","current":3,"total":6,"progress":17}
[2025-05-23 16:43:23.966] [info]  DiscordSplash.onStateUpdate: {"status":"installing-updates","current":3,"total":6,"progress":17}
[2025-05-23 16:43:23.966] [info]  Splash.onStateUpdate: {"status":"installing-updates","current":3,"total":6,"progress":17}
[2025-05-23 16:43:23.966] [info]  DiscordSplash.onStateUpdate: {"status":"installing-updates","current":3,"total":6,"progress":17}
[2025-05-23 16:43:23.966] [info]  Splash.onStateUpdate: {"status":"installing-updates","current":3,"total":6,"progress":17}
[2025-05-23 16:43:23.967] [info]  DiscordSplash.onStateUpdate: {"status":"installing-updates","current":3,"total":6,"progress":17}
[2025-05-23 16:43:23.967] [info]  Splash.onStateUpdate: {"status":"installing-updates","current":3,"total":6,"progress":17}
[2025-05-23 16:43:23.967] [info]  DiscordSplash.onStateUpdate: {"status":"installing-updates","current":3,"total":6,"progress":17}
[2025-05-23 16:43:23.967] [info]  Splash.onStateUpdate: {"status":"installing-updates","current":3,"total":6,"progress":17}
[2025-05-23 16:43:23.968] [info]  DiscordSplash.onStateUpdate: {"status":"installing-updates","current":3,"total":6,"progress":18}
[2025-05-23 16:43:23.968] [info]  Splash.onStateUpdate: {"status":"installing-updates","current":3,"total":6,"progress":18}
[2025-05-23 16:43:23.969] [info]  DiscordSplash.onStateUpdate: {"status":"installing-updates","current":3,"total":6,"progress":18}
[2025-05-23 16:43:23.969] [info]  Splash.onStateUpdate: {"status":"installing-updates","current":3,"total":6,"progress":18}
[2025-05-23 16:43:23.969] [info]  DiscordSplash.onStateUpdate: {"status":"installing-updates","current":3,"total":6,"progress":18}
[2025-05-23 16:43:23.970] [info]  Splash.onStateUpdate: {"status":"installing-updates","current":3,"total":6,"progress":18}
[2025-05-23 16:43:23.970] [info]  DiscordSplash.onStateUpdate: {"status":"installing-updates","current":3,"total":6,"progress":18}
[2025-05-23 16:43:23.971] [info]  Splash.onStateUpdate: {"status":"installing-updates","current":3,"total":6,"progress":18}
[2025-05-23 16:43:23.971] [info]  DiscordSplash.onStateUpdate: {"status":"installing-updates","current":3,"total":6,"progress":18}
[2025-05-23 16:43:23.972] [info]  Splash.onStateUpdate: {"status":"installing-updates","current":3,"total":6,"progress":18}
[2025-05-23 16:43:23.972] [info]  DiscordSplash.onStateUpdate: {"status":"installing-updates","current":3,"total":6,"progress":18}
[2025-05-23 16:43:23.972] [info]  Splash.onStateUpdate: {"status":"installing-updates","current":3,"total":6,"progress":18}
[2025-05-23 16:43:23.973] [info]  DiscordSplash.onStateUpdate: {"status":"installing-updates","current":3,"total":6,"progress":19}
[2025-05-23 16:43:23.974] [info]  Splash.onStateUpdate: {"status":"installing-updates","current":3,"total":6,"progress":19}
[2025-05-23 16:43:23.974] [info]  DiscordSplash.onStateUpdate: {"status":"installing-updates","current":3,"total":6,"progress":19}
[2025-05-23 16:43:23.975] [info]  Splash.onStateUpdate: {"status":"installing-updates","current":3,"total":6,"progress":19}
[2025-05-23 16:43:23.975] [info]  DiscordSplash.onStateUpdate: {"status":"installing-updates","current":3,"total":6,"progress":19}
[2025-05-23 16:43:23.975] [info]  Splash.onStateUpdate: {"status":"installing-updates","current":3,"total":6,"progress":19}
[2025-05-23 16:43:23.976] [info]  DiscordSplash.onStateUpdate: {"status":"installing-updates","current":3,"total":6,"progress":19}
[2025-05-23 16:43:23.976] [info]  Splash.onStateUpdate: {"status":"installing-updates","current":3,"total":6,"progress":19}
[2025-05-23 16:43:23.977] [info]  DiscordSplash.onStateUpdate: {"status":"installing-updates","current":3,"total":6,"progress":19}
[2025-05-23 16:43:23.978] [info]  Splash.onStateUpdate: {"status":"installing-updates","current":3,"total":6,"progress":19}
[2025-05-23 16:43:23.978] [info]  DiscordSplash.onStateUpdate: {"status":"installing-updates","current":3,"total":6,"progress":19}
[2025-05-23 16:43:23.979] [info]  Splash.onStateUpdate: {"status":"installing-updates","current":3,"total":6,"progress":19}
[2025-05-23 16:43:23.979] [info]  DiscordSplash.onStateUpdate: {"status":"installing-updates","current":3,"total":6,"progress":20}
[2025-05-23 16:43:23.980] [info]  Splash.onStateUpdate: {"status":"installing-updates","current":3,"total":6,"progress":20}
[2025-05-23 16:43:23.980] [info]  DiscordSplash.onStateUpdate: {"status":"installing-updates","current":3,"total":6,"progress":20}
[2025-05-23 16:43:23.980] [info]  Splash.onStateUpdate: {"status":"installing-updates","current":3,"total":6,"progress":20}
[2025-05-23 16:43:23.981] [info]  DiscordSplash.onStateUpdate: {"status":"installing-updates","current":3,"total":6,"progress":20}
[2025-05-23 16:43:23.981] [info]  Splash.onStateUpdate: {"status":"installing-updates","current":3,"total":6,"progress":20}
[2025-05-23 16:43:23.982] [info]  DiscordSplash.onStateUpdate: {"status":"installing-updates","current":3,"total":6,"progress":20}
[2025-05-23 16:43:23.982] [info]  Splash.onStateUpdate: {"status":"installing-updates","current":3,"total":6,"progress":20}
[2025-05-23 16:43:23.983] [info]  DiscordSplash.onStateUpdate: {"status":"installing-updates","current":3,"total":6,"progress":20}
[2025-05-23 16:43:23.983] [info]  Splash.onStateUpdate: {"status":"installing-updates","current":3,"total":6,"progress":20}
[2025-05-23 16:43:23.984] [info]  DiscordSplash.onStateUpdate: {"status":"installing-updates","current":3,"total":6,"progress":20}
[2025-05-23 16:43:23.985] [info]  Splash.onStateUpdate: {"status":"installing-updates","current":3,"total":6,"progress":20}
[2025-05-23 16:43:23.985] [info]  DiscordSplash.onStateUpdate: {"status":"installing-updates","current":3,"total":6,"progress":21}
[2025-05-23 16:43:23.986] [info]  Splash.onStateUpdate: {"status":"installing-updates","current":3,"total":6,"progress":21}
[2025-05-23 16:43:23.986] [info]  DiscordSplash.onStateUpdate: {"status":"installing-updates","current":3,"total":6,"progress":21}
[2025-05-23 16:43:23.987] [info]  Splash.onStateUpdate: {"status":"installing-updates","current":3,"total":6,"progress":21}
[2025-05-23 16:43:23.987] [info]  DiscordSplash.onStateUpdate: {"status":"installing-updates","current":3,"total":6,"progress":21}
[2025-05-23 16:43:23.988] [info]  Splash.onStateUpdate: {"status":"installing-updates","current":3,"total":6,"progress":21}
[2025-05-23 16:43:23.989] [info]  DiscordSplash.onStateUpdate: {"status":"installing-updates","current":3,"total":6,"progress":21}
[2025-05-23 16:43:23.989] [info]  Splash.onStateUpdate: {"status":"installing-updates","current":3,"total":6,"progress":21}
[2025-05-23 16:43:23.990] [info]  DiscordSplash.onStateUpdate: {"status":"installing-updates","current":3,"total":6,"progress":21}
[2025-05-23 16:43:23.990] [info]  Splash.onStateUpdate: {"status":"installing-updates","current":3,"total":6,"progress":21}
[2025-05-23 16:43:23.991] [info]  DiscordSplash.onStateUpdate: {"status":"installing-updates","current":3,"total":6,"progress":21}
[2025-05-23 16:43:23.991] [info]  Splash.onStateUpdate: {"status":"installing-updates","current":3,"total":6,"progress":21}
[2025-05-23 16:43:23.992] [info]  DiscordSplash.onStateUpdate: {"status":"installing-updates","current":3,"total":6,"progress":22}
[2025-05-23 16:43:23.992] [info]  Splash.onStateUpdate: {"status":"installing-updates","current":3,"total":6,"progress":22}
[2025-05-23 16:43:23.993] [info]  DiscordSplash.onStateUpdate: {"status":"installing-updates","current":3,"total":6,"progress":22}
[2025-05-23 16:43:23.993] [info]  Splash.onStateUpdate: {"status":"installing-updates","current":3,"total":6,"progress":22}
[2025-05-23 16:43:23.993] [info]  DiscordSplash.onStateUpdate: {"status":"installing-updates","current":3,"total":6,"progress":22}
[2025-05-23 16:43:23.993] [info]  Splash.onStateUpdate: {"status":"installing-updates","current":3,"total":6,"progress":22}
[2025-05-23 16:43:23.994] [info]  DiscordSplash.onStateUpdate: {"status":"installing-updates","current":3,"total":6,"progress":22}
[2025-05-23 16:43:23.994] [info]  Splash.onStateUpdate: {"status":"installing-updates","current":3,"total":6,"progress":22}
[2025-05-23 16:43:23.994] [info]  DiscordSplash.onStateUpdate: {"status":"installing-updates","current":3,"total":6,"progress":22}
[2025-05-23 16:43:23.994] [info]  Splash.onStateUpdate: {"status":"installing-updates","current":3,"total":6,"progress":22}
[2025-05-23 16:43:23.995] [info]  DiscordSplash.onStateUpdate: {"status":"installing-updates","current":3,"total":6,"progress":22}
[2025-05-23 16:43:23.995] [info]  Splash.onStateUpdate: {"status":"installing-updates","current":3,"total":6,"progress":22}
[2025-05-23 16:43:23.995] [info]  DiscordSplash.onStateUpdate: {"status":"installing-updates","current":3,"total":6,"progress":23}
[2025-05-23 16:43:23.995] [info]  Splash.onStateUpdate: {"status":"installing-updates","current":3,"total":6,"progress":23}
[2025-05-23 16:43:23.996] [info]  DiscordSplash.onStateUpdate: {"status":"installing-updates","current":3,"total":6,"progress":23}
[2025-05-23 16:43:23.996] [info]  Splash.onStateUpdate: {"status":"installing-updates","current":3,"total":6,"progress":23}
[2025-05-23 16:43:23.996] [info]  DiscordSplash.onStateUpdate: {"status":"installing-updates","current":3,"total":6,"progress":23}
[2025-05-23 16:43:23.996] [info]  Splash.onStateUpdate: {"status":"installing-updates","current":3,"total":6,"progress":23}
[2025-05-23 16:43:23.997] [info]  DiscordSplash.onStateUpdate: {"status":"installing-updates","current":3,"total":6,"progress":23}
[2025-05-23 16:43:23.997] [info]  Splash.onStateUpdate: {"status":"installing-updates","current":3,"total":6,"progress":23}
[2025-05-23 16:43:23.997] [info]  DiscordSplash.onStateUpdate: {"status":"installing-updates","current":3,"total":6,"progress":23}
[2025-05-23 16:43:23.997] [info]  Splash.onStateUpdate: {"status":"installing-updates","current":3,"total":6,"progress":23}
[2025-05-23 16:43:23.998] [info]  DiscordSplash.onStateUpdate: {"status":"installing-updates","current":3,"total":6,"progress":23}
[2025-05-23 16:43:23.998] [info]  Splash.onStateUpdate: {"status":"installing-updates","current":3,"total":6,"progress":23}
[2025-05-23 16:43:23.998] [info]  DiscordSplash.onStateUpdate: {"status":"installing-updates","current":3,"total":6,"progress":23}
[2025-05-23 16:43:23.998] [info]  Splash.onStateUpdate: {"status":"installing-updates","current":3,"total":6,"progress":23}
[2025-05-23 16:43:23.999] [info]  DiscordSplash.onStateUpdate: {"status":"installing-updates","current":3,"total":6,"progress":24}
[2025-05-23 16:43:23.999] [info]  Splash.onStateUpdate: {"status":"installing-updates","current":3,"total":6,"progress":24}
[2025-05-23 16:43:23.999] [info]  DiscordSplash.onStateUpdate: {"status":"installing-updates","current":3,"total":6,"progress":24}
[2025-05-23 16:43:24.000] [info]  Splash.onStateUpdate: {"status":"installing-updates","current":3,"total":6,"progress":24}
[2025-05-23 16:43:24.000] [info]  DiscordSplash.onStateUpdate: {"status":"installing-updates","current":3,"total":6,"progress":24}
[2025-05-23 16:43:24.000] [info]  Splash.onStateUpdate: {"status":"installing-updates","current":3,"total":6,"progress":24}
[2025-05-23 16:43:24.001] [info]  DiscordSplash.onStateUpdate: {"status":"installing-updates","current":3,"total":6,"progress":24}
[2025-05-23 16:43:24.001] [info]  Splash.onStateUpdate: {"status":"installing-updates","current":3,"total":6,"progress":24}
[2025-05-23 16:43:24.001] [info]  DiscordSplash.onStateUpdate: {"status":"installing-updates","current":3,"total":6,"progress":24}
[2025-05-23 16:43:24.001] [info]  Splash.onStateUpdate: {"status":"installing-updates","current":3,"total":6,"progress":24}
[2025-05-23 16:43:24.002] [info]  DiscordSplash.onStateUpdate: {"status":"installing-updates","current":3,"total":6,"progress":24}
[2025-05-23 16:43:24.002] [info]  Splash.onStateUpdate: {"status":"installing-updates","current":3,"total":6,"progress":24}
[2025-05-23 16:43:24.002] [info]  DiscordSplash.onStateUpdate: {"status":"installing-updates","current":3,"total":6,"progress":25}
[2025-05-23 16:43:24.002] [info]  Splash.onStateUpdate: {"status":"installing-updates","current":3,"total":6,"progress":25}
[2025-05-23 16:43:24.003] [info]  DiscordSplash.onStateUpdate: {"status":"installing-updates","current":3,"total":6,"progress":25}
[2025-05-23 16:43:24.003] [info]  Splash.onStateUpdate: {"status":"installing-updates","current":3,"total":6,"progress":25}
[2025-05-23 16:43:24.003] [info]  DiscordSplash.onStateUpdate: {"status":"installing-updates","current":3,"total":6,"progress":25}
[2025-05-23 16:43:24.003] [info]  Splash.onStateUpdate: {"status":"installing-updates","current":3,"total":6,"progress":25}
[2025-05-23 16:43:24.004] [info]  DiscordSplash.onStateUpdate: {"status":"installing-updates","current":3,"total":6,"progress":25}
[2025-05-23 16:43:24.004] [info]  Splash.onStateUpdate: {"status":"installing-updates","current":3,"total":6,"progress":25}
[2025-05-23 16:43:24.004] [info]  DiscordSplash.onStateUpdate: {"status":"installing-updates","current":3,"total":6,"progress":25}
[2025-05-23 16:43:24.004] [info]  Splash.onStateUpdate: {"status":"installing-updates","current":3,"total":6,"progress":25}
[2025-05-23 16:43:24.005] [info]  DiscordSplash.onStateUpdate: {"status":"installing-updates","current":3,"total":6,"progress":25}
[2025-05-23 16:43:24.006] [info]  Splash.onStateUpdate: {"status":"installing-updates","current":3,"total":6,"progress":25}
[2025-05-23 16:43:24.007] [info]  DiscordSplash.onStateUpdate: {"status":"installing-updates","current":3,"total":6,"progress":26}
[2025-05-23 16:43:24.007] [info]  Splash.onStateUpdate: {"status":"installing-updates","current":3,"total":6,"progress":26}
[2025-05-23 16:43:24.008] [info]  DiscordSplash.onStateUpdate: {"status":"installing-updates","current":3,"total":6,"progress":26}
[2025-05-23 16:43:24.008] [info]  Splash.onStateUpdate: {"status":"installing-updates","current":3,"total":6,"progress":26}
[2025-05-23 16:43:24.009] [info]  DiscordSplash.onStateUpdate: {"status":"installing-updates","current":3,"total":6,"progress":26}
[2025-05-23 16:43:24.009] [info]  Splash.onStateUpdate: {"status":"installing-updates","current":3,"total":6,"progress":26}
[2025-05-23 16:43:24.010] [info]  DiscordSplash.onStateUpdate: {"status":"installing-updates","current":3,"total":6,"progress":26}
[2025-05-23 16:43:24.010] [info]  Splash.onStateUpdate: {"status":"installing-updates","current":3,"total":6,"progress":26}
[2025-05-23 16:43:24.011] [info]  DiscordSplash.onStateUpdate: {"status":"installing-updates","current":3,"total":6,"progress":26}
[2025-05-23 16:43:24.012] [info]  Splash.onStateUpdate: {"status":"installing-updates","current":3,"total":6,"progress":26}
[2025-05-23 16:43:24.012] [info]  DiscordSplash.onStateUpdate: {"status":"installing-updates","current":3,"total":6,"progress":26}
[2025-05-23 16:43:24.013] [info]  Splash.onStateUpdate: {"status":"installing-updates","current":3,"total":6,"progress":26}
[2025-05-23 16:43:24.013] [info]  DiscordSplash.onStateUpdate: {"status":"installing-updates","current":3,"total":6,"progress":27}
[2025-05-23 16:43:24.013] [info]  Splash.onStateUpdate: {"status":"installing-updates","current":3,"total":6,"progress":27}
[2025-05-23 16:43:24.013] [info]  DiscordSplash.onStateUpdate: {"status":"installing-updates","current":3,"total":6,"progress":27}
[2025-05-23 16:43:24.014] [info]  Splash.onStateUpdate: {"status":"installing-updates","current":3,"total":6,"progress":27}
[2025-05-23 16:43:24.014] [info]  DiscordSplash.onStateUpdate: {"status":"installing-updates","current":3,"total":6,"progress":27}
[2025-05-23 16:43:24.014] [info]  Splash.onStateUpdate: {"status":"installing-updates","current":3,"total":6,"progress":27}
[2025-05-23 16:43:24.015] [info]  DiscordSplash.onStateUpdate: {"status":"installing-updates","current":3,"total":6,"progress":27}
[2025-05-23 16:43:24.015] [info]  Splash.onStateUpdate: {"status":"installing-updates","current":3,"total":6,"progress":27}
[2025-05-23 16:43:24.015] [info]  DiscordSplash.onStateUpdate: {"status":"installing-updates","current":3,"total":6,"progress":27}
[2025-05-23 16:43:24.015] [info]  Splash.onStateUpdate: {"status":"installing-updates","current":3,"total":6,"progress":27}
[2025-05-23 16:43:24.016] [info]  DiscordSplash.onStateUpdate: {"status":"installing-updates","current":3,"total":6,"progress":27}
[2025-05-23 16:43:24.016] [info]  Splash.onStateUpdate: {"status":"installing-updates","current":3,"total":6,"progress":27}
[2025-05-23 16:43:24.016] [info]  DiscordSplash.onStateUpdate: {"status":"installing-updates","current":3,"total":6,"progress":28}
[2025-05-23 16:43:24.016] [info]  Splash.onStateUpdate: {"status":"installing-updates","current":3,"total":6,"progress":28}
[2025-05-23 16:43:24.017] [info]  DiscordSplash.onStateUpdate: {"status":"installing-updates","current":3,"total":6,"progress":28}
[2025-05-23 16:43:24.017] [info]  Splash.onStateUpdate: {"status":"installing-updates","current":3,"total":6,"progress":28}
[2025-05-23 16:43:24.018] [info]  DiscordSplash.onStateUpdate: {"status":"installing-updates","current":3,"total":6,"progress":28}
[2025-05-23 16:43:24.018] [info]  Splash.onStateUpdate: {"status":"installing-updates","current":3,"total":6,"progress":28}
[2025-05-23 16:43:24.018] [info]  DiscordSplash.onStateUpdate: {"status":"installing-updates","current":3,"total":6,"progress":28}
[2025-05-23 16:43:24.018] [info]  Splash.onStateUpdate: {"status":"installing-updates","current":3,"total":6,"progress":28}
[2025-05-23 16:43:24.018] [info]  DiscordSplash.onStateUpdate: {"status":"installing-updates","current":3,"total":6,"progress":28}
[2025-05-23 16:43:24.018] [info]  Splash.onStateUpdate: {"status":"installing-updates","current":3,"total":6,"progress":28}
[2025-05-23 16:43:24.019] [info]  DiscordSplash.onStateUpdate: {"status":"installing-updates","current":3,"total":6,"progress":28}
[2025-05-23 16:43:24.019] [info]  Splash.onStateUpdate: {"status":"installing-updates","current":3,"total":6,"progress":28}
[2025-05-23 16:43:24.019] [info]  DiscordSplash.onStateUpdate: {"status":"installing-updates","current":3,"total":6,"progress":29}
[2025-05-23 16:43:24.019] [info]  Splash.onStateUpdate: {"status":"installing-updates","current":3,"total":6,"progress":29}
[2025-05-23 16:43:24.020] [info]  DiscordSplash.onStateUpdate: {"status":"installing-updates","current":3,"total":6,"progress":29}
[2025-05-23 16:43:24.020] [info]  Splash.onStateUpdate: {"status":"installing-updates","current":3,"total":6,"progress":29}
[2025-05-23 16:43:24.020] [info]  DiscordSplash.onStateUpdate: {"status":"installing-updates","current":3,"total":6,"progress":29}
[2025-05-23 16:43:24.020] [info]  Splash.onStateUpdate: {"status":"installing-updates","current":3,"total":6,"progress":29}
[2025-05-23 16:43:24.021] [info]  DiscordSplash.onStateUpdate: {"status":"installing-updates","current":3,"total":6,"progress":29}
[2025-05-23 16:43:24.021] [info]  Splash.onStateUpdate: {"status":"installing-updates","current":3,"total":6,"progress":29}
[2025-05-23 16:43:24.021] [info]  DiscordSplash.onStateUpdate: {"status":"installing-updates","current":3,"total":6,"progress":29}
[2025-05-23 16:43:24.021] [info]  Splash.onStateUpdate: {"status":"installing-updates","current":3,"total":6,"progress":29}
[2025-05-23 16:43:24.022] [info]  DiscordSplash.onStateUpdate: {"status":"installing-updates","current":3,"total":6,"progress":29}
[2025-05-23 16:43:24.022] [info]  Splash.onStateUpdate: {"status":"installing-updates","current":3,"total":6,"progress":29}
[2025-05-23 16:43:24.022] [info]  DiscordSplash.onStateUpdate: {"status":"installing-updates","current":3,"total":6,"progress":29}
[2025-05-23 16:43:24.022] [info]  Splash.onStateUpdate: {"status":"installing-updates","current":3,"total":6,"progress":29}
[2025-05-23 16:43:24.023] [info]  DiscordSplash.onStateUpdate: {"status":"installing-updates","current":3,"total":6,"progress":30}
[2025-05-23 16:43:24.023] [info]  Splash.onStateUpdate: {"status":"installing-updates","current":3,"total":6,"progress":30}
[2025-05-23 16:43:24.023] [info]  DiscordSplash.onStateUpdate: {"status":"installing-updates","current":3,"total":6,"progress":30}
[2025-05-23 16:43:24.023] [info]  Splash.onStateUpdate: {"status":"installing-updates","current":3,"total":6,"progress":30}
[2025-05-23 16:43:24.024] [info]  DiscordSplash.onStateUpdate: {"status":"installing-updates","current":3,"total":6,"progress":30}
[2025-05-23 16:43:24.024] [info]  Splash.onStateUpdate: {"status":"installing-updates","current":3,"total":6,"progress":30}
[2025-05-23 16:43:24.024] [info]  DiscordSplash.onStateUpdate: {"status":"installing-updates","current":3,"total":6,"progress":30}
[2025-05-23 16:43:24.024] [info]  Splash.onStateUpdate: {"status":"installing-updates","current":3,"total":6,"progress":30}
[2025-05-23 16:43:24.025] [info]  DiscordSplash.onStateUpdate: {"status":"installing-updates","current":3,"total":6,"progress":30}
[2025-05-23 16:43:24.025] [info]  Splash.onStateUpdate: {"status":"installing-updates","current":3,"total":6,"progress":30}
[2025-05-23 16:43:24.025] [info]  DiscordSplash.onStateUpdate: {"status":"installing-updates","current":3,"total":6,"progress":30}
[2025-05-23 16:43:24.025] [info]  Splash.onStateUpdate: {"status":"installing-updates","current":3,"total":6,"progress":30}
[2025-05-23 16:43:24.026] [info]  DiscordSplash.onStateUpdate: {"status":"installing-updates","current":3,"total":6,"progress":31}
[2025-05-23 16:43:24.026] [info]  Splash.onStateUpdate: {"status":"installing-updates","current":3,"total":6,"progress":31}
[2025-05-23 16:43:24.026] [info]  DiscordSplash.onStateUpdate: {"status":"installing-updates","current":3,"total":6,"progress":31}
[2025-05-23 16:43:24.026] [info]  Splash.onStateUpdate: {"status":"installing-updates","current":3,"total":6,"progress":31}
[2025-05-23 16:43:24.027] [info]  DiscordSplash.onStateUpdate: {"status":"installing-updates","current":3,"total":6,"progress":31}
[2025-05-23 16:43:24.027] [info]  Splash.onStateUpdate: {"status":"installing-updates","current":3,"total":6,"progress":31}
[2025-05-23 16:43:24.027] [info]  DiscordSplash.onStateUpdate: {"status":"installing-updates","current":3,"total":6,"progress":31}
[2025-05-23 16:43:24.027] [info]  Splash.onStateUpdate: {"status":"installing-updates","current":3,"total":6,"progress":31}
[2025-05-23 16:43:24.028] [info]  DiscordSplash.onStateUpdate: {"status":"installing-updates","current":3,"total":6,"progress":31}
[2025-05-23 16:43:24.028] [info]  Splash.onStateUpdate: {"status":"installing-updates","current":3,"total":6,"progress":31}
[2025-05-23 16:43:24.028] [info]  DiscordSplash.onStateUpdate: {"status":"installing-updates","current":3,"total":6,"progress":31}
[2025-05-23 16:43:24.028] [info]  Splash.onStateUpdate: {"status":"installing-updates","current":3,"total":6,"progress":31}
[2025-05-23 16:43:24.029] [info]  DiscordSplash.onStateUpdate: {"status":"installing-updates","current":3,"total":6,"progress":32}
[2025-05-23 16:43:24.029] [info]  Splash.onStateUpdate: {"status":"installing-updates","current":3,"total":6,"progress":32}
[2025-05-23 16:43:24.029] [info]  DiscordSplash.onStateUpdate: {"status":"installing-updates","current":3,"total":6,"progress":32}
[2025-05-23 16:43:24.029] [info]  Splash.onStateUpdate: {"status":"installing-updates","current":3,"total":6,"progress":32}
[2025-05-23 16:43:24.030] [info]  DiscordSplash.onStateUpdate: {"status":"installing-updates","current":3,"total":6,"progress":32}
[2025-05-23 16:43:24.030] [info]  Splash.onStateUpdate: {"status":"installing-updates","current":3,"total":6,"progress":32}
[2025-05-23 16:43:24.030] [info]  DiscordSplash.onStateUpdate: {"status":"installing-updates","current":3,"total":6,"progress":32}
[2025-05-23 16:43:24.030] [info]  Splash.onStateUpdate: {"status":"installing-updates","current":3,"total":6,"progress":32}
[2025-05-23 16:43:24.031] [info]  DiscordSplash.onStateUpdate: {"status":"installing-updates","current":3,"total":6,"progress":32}
[2025-05-23 16:43:24.031] [info]  Splash.onStateUpdate: {"status":"installing-updates","current":3,"total":6,"progress":32}
[2025-05-23 16:43:24.031] [info]  DiscordSplash.onStateUpdate: {"status":"installing-updates","current":3,"total":6,"progress":32}
[2025-05-23 16:43:24.031] [info]  Splash.onStateUpdate: {"status":"installing-updates","current":3,"total":6,"progress":32}
[2025-05-23 16:43:24.032] [info]  DiscordSplash.onStateUpdate: {"status":"installing-updates","current":3,"total":6,"progress":33}
[2025-05-23 16:43:24.032] [info]  Splash.onStateUpdate: {"status":"installing-updates","current":3,"total":6,"progress":33}
[2025-05-23 16:43:24.032] [info]  DiscordSplash.onStateUpdate: {"status":"installing-updates","current":3,"total":6,"progress":33}
[2025-05-23 16:43:24.032] [info]  Splash.onStateUpdate: {"status":"installing-updates","current":3,"total":6,"progress":33}
[2025-05-23 16:43:24.033] [info]  DiscordSplash.onStateUpdate: {"status":"installing-updates","current":3,"total":6,"progress":33}
[2025-05-23 16:43:24.033] [info]  Splash.onStateUpdate: {"status":"installing-updates","current":3,"total":6,"progress":33}
[2025-05-23 16:43:24.033] [info]  DiscordSplash.onStateUpdate: {"status":"installing-updates","current":3,"total":6,"progress":33}
[2025-05-23 16:43:24.033] [info]  Splash.onStateUpdate: {"status":"installing-updates","current":3,"total":6,"progress":33}
[2025-05-23 16:43:24.034] [info]  DiscordSplash.onStateUpdate: {"status":"installing-updates","current":3,"total":6,"progress":33}
[2025-05-23 16:43:24.034] [info]  Splash.onStateUpdate: {"status":"installing-updates","current":3,"total":6,"progress":33}
[2025-05-23 16:43:24.034] [info]  DiscordSplash.onStateUpdate: {"status":"installing-updates","current":3,"total":6,"progress":33}
[2025-05-23 16:43:24.034] [info]  Splash.onStateUpdate: {"status":"installing-updates","current":3,"total":6,"progress":33}
[2025-05-23 16:43:24.035] [info]  DiscordSplash.onStateUpdate: {"status":"installing-updates","current":3,"total":6,"progress":34}
[2025-05-23 16:43:24.035] [info]  Splash.onStateUpdate: {"status":"installing-updates","current":3,"total":6,"progress":34}
[2025-05-23 16:43:24.035] [info]  DiscordSplash.onStateUpdate: {"status":"installing-updates","current":3,"total":6,"progress":34}
[2025-05-23 16:43:24.035] [info]  Splash.onStateUpdate: {"status":"installing-updates","current":3,"total":6,"progress":34}
[2025-05-23 16:43:24.036] [info]  DiscordSplash.onStateUpdate: {"status":"installing-updates","current":3,"total":6,"progress":34}
[2025-05-23 16:43:24.036] [info]  Splash.onStateUpdate: {"status":"installing-updates","current":3,"total":6,"progress":34}
[2025-05-23 16:43:24.036] [info]  DiscordSplash.onStateUpdate: {"status":"installing-updates","current":3,"total":6,"progress":34}
[2025-05-23 16:43:24.036] [info]  Splash.onStateUpdate: {"status":"installing-updates","current":3,"total":6,"progress":34}
[2025-05-23 16:43:24.037] [info]  DiscordSplash.onStateUpdate: {"status":"installing-updates","current":3,"total":6,"progress":34}
[2025-05-23 16:43:24.037] [info]  Splash.onStateUpdate: {"status":"installing-updates","current":3,"total":6,"progress":34}
[2025-05-23 16:43:24.038] [info]  DiscordSplash.onStateUpdate: {"status":"installing-updates","current":3,"total":6,"progress":34}
[2025-05-23 16:43:24.038] [info]  Splash.onStateUpdate: {"status":"installing-updates","current":3,"total":6,"progress":34}
[2025-05-23 16:43:24.038] [info]  DiscordSplash.onStateUpdate: {"status":"installing-updates","current":3,"total":6,"progress":35}
[2025-05-23 16:43:24.038] [info]  Splash.onStateUpdate: {"status":"installing-updates","current":3,"total":6,"progress":35}
[2025-05-23 16:43:24.039] [info]  DiscordSplash.onStateUpdate: {"status":"installing-updates","current":3,"total":6,"progress":35}
[2025-05-23 16:43:24.039] [info]  Splash.onStateUpdate: {"status":"installing-updates","current":3,"total":6,"progress":35}
[2025-05-23 16:43:24.039] [info]  DiscordSplash.onStateUpdate: {"status":"installing-updates","current":3,"total":6,"progress":35}
[2025-05-23 16:43:24.039] [info]  Splash.onStateUpdate: {"status":"installing-updates","current":3,"total":6,"progress":35}
[2025-05-23 16:43:24.040] [info]  DiscordSplash.onStateUpdate: {"status":"installing-updates","current":3,"total":6,"progress":35}
[2025-05-23 16:43:24.040] [info]  Splash.onStateUpdate: {"status":"installing-updates","current":3,"total":6,"progress":35}
[2025-05-23 16:43:24.040] [info]  DiscordSplash.onStateUpdate: {"status":"installing-updates","current":3,"total":6,"progress":35}
[2025-05-23 16:43:24.040] [info]  Splash.onStateUpdate: {"status":"installing-updates","current":3,"total":6,"progress":35}
[2025-05-23 16:43:24.041] [info]  DiscordSplash.onStateUpdate: {"status":"installing-updates","current":3,"total":6,"progress":35}
[2025-05-23 16:43:24.041] [info]  Splash.onStateUpdate: {"status":"installing-updates","current":3,"total":6,"progress":35}
[2025-05-23 16:43:24.041] [info]  DiscordSplash.onStateUpdate: {"status":"installing-updates","current":3,"total":6,"progress":35}
[2025-05-23 16:43:24.041] [info]  Splash.onStateUpdate: {"status":"installing-updates","current":3,"total":6,"progress":35}
[2025-05-23 16:43:24.042] [info]  DiscordSplash.onStateUpdate: {"status":"installing-updates","current":3,"total":6,"progress":36}
[2025-05-23 16:43:24.042] [info]  Splash.onStateUpdate: {"status":"installing-updates","current":3,"total":6,"progress":36}
[2025-05-23 16:43:24.042] [info]  DiscordSplash.onStateUpdate: {"status":"installing-updates","current":3,"total":6,"progress":36}
[2025-05-23 16:43:24.042] [info]  Splash.onStateUpdate: {"status":"installing-updates","current":3,"total":6,"progress":36}
[2025-05-23 16:43:24.043] [info]  DiscordSplash.onStateUpdate: {"status":"installing-updates","current":3,"total":6,"progress":36}
[2025-05-23 16:43:24.043] [info]  Splash.onStateUpdate: {"status":"installing-updates","current":3,"total":6,"progress":36}
[2025-05-23 16:43:24.043] [info]  DiscordSplash.onStateUpdate: {"status":"installing-updates","current":3,"total":6,"progress":36}
[2025-05-23 16:43:24.043] [info]  Splash.onStateUpdate: {"status":"installing-updates","current":3,"total":6,"progress":36}
[2025-05-23 16:43:24.044] [info]  DiscordSplash.onStateUpdate: {"status":"installing-updates","current":3,"total":6,"progress":36}
[2025-05-23 16:43:24.044] [info]  Splash.onStateUpdate: {"status":"installing-updates","current":3,"total":6,"progress":36}
[2025-05-23 16:43:24.044] [info]  DiscordSplash.onStateUpdate: {"status":"installing-updates","current":3,"total":6,"progress":36}
[2025-05-23 16:43:24.044] [info]  Splash.onStateUpdate: {"status":"installing-updates","current":3,"total":6,"progress":36}
[2025-05-23 16:43:24.045] [info]  DiscordSplash.onStateUpdate: {"status":"installing-updates","current":3,"total":6,"progress":37}
[2025-05-23 16:43:24.045] [info]  Splash.onStateUpdate: {"status":"installing-updates","current":3,"total":6,"progress":37}
[2025-05-23 16:43:24.045] [info]  DiscordSplash.onStateUpdate: {"status":"installing-updates","current":3,"total":6,"progress":37}
[2025-05-23 16:43:24.046] [info]  Splash.onStateUpdate: {"status":"installing-updates","current":3,"total":6,"progress":37}
[2025-05-23 16:43:24.046] [info]  DiscordSplash.onStateUpdate: {"status":"installing-updates","current":3,"total":6,"progress":37}
[2025-05-23 16:43:24.046] [info]  Splash.onStateUpdate: {"status":"installing-updates","current":3,"total":6,"progress":37}
[2025-05-23 16:43:24.047] [info]  DiscordSplash.onStateUpdate: {"status":"installing-updates","current":3,"total":6,"progress":37}
[2025-05-23 16:43:24.047] [info]  Splash.onStateUpdate: {"status":"installing-updates","current":3,"total":6,"progress":37}
[2025-05-23 16:43:24.047] [info]  DiscordSplash.onStateUpdate: {"status":"installing-updates","current":3,"total":6,"progress":37}
[2025-05-23 16:43:24.047] [info]  Splash.onStateUpdate: {"status":"installing-updates","current":3,"total":6,"progress":37}
[2025-05-23 16:43:24.048] [info]  DiscordSplash.onStateUpdate: {"status":"installing-updates","current":3,"total":6,"progress":37}
[2025-05-23 16:43:24.048] [info]  Splash.onStateUpdate: {"status":"installing-updates","current":3,"total":6,"progress":37}
[2025-05-23 16:43:24.048] [info]  DiscordSplash.onStateUpdate: {"status":"installing-updates","current":3,"total":6,"progress":38}
[2025-05-23 16:43:24.048] [info]  Splash.onStateUpdate: {"status":"installing-updates","current":3,"total":6,"progress":38}
[2025-05-23 16:43:24.049] [info]  DiscordSplash.onStateUpdate: {"status":"installing-updates","current":3,"total":6,"progress":38}
[2025-05-23 16:43:24.049] [info]  Splash.onStateUpdate: {"status":"installing-updates","current":3,"total":6,"progress":38}
[2025-05-23 16:43:24.050] [info]  DiscordSplash.onStateUpdate: {"status":"installing-updates","current":3,"total":6,"progress":38}
[2025-05-23 16:43:24.050] [info]  Splash.onStateUpdate: {"status":"installing-updates","current":3,"total":6,"progress":38}
[2025-05-23 16:43:24.051] [info]  DiscordSplash.onStateUpdate: {"status":"installing-updates","current":3,"total":6,"progress":38}
[2025-05-23 16:43:24.051] [info]  Splash.onStateUpdate: {"status":"installing-updates","current":3,"total":6,"progress":38}
[2025-05-23 16:43:24.052] [info]  DiscordSplash.onStateUpdate: {"status":"installing-updates","current":3,"total":6,"progress":38}
[2025-05-23 16:43:24.052] [info]  Splash.onStateUpdate: {"status":"installing-updates","current":3,"total":6,"progress":38}
[2025-05-23 16:43:24.054] [info]  DiscordSplash.onStateUpdate: {"status":"installing-updates","current":3,"total":6,"progress":38}
[2025-05-23 16:43:24.055] [info]  Splash.onStateUpdate: {"status":"installing-updates","current":3,"total":6,"progress":38}
[2025-05-23 16:43:24.056] [info]  DiscordSplash.onStateUpdate: {"status":"installing-updates","current":3,"total":6,"progress":39}
[2025-05-23 16:43:24.056] [info]  Splash.onStateUpdate: {"status":"installing-updates","current":3,"total":6,"progress":39}
[2025-05-23 16:43:24.057] [info]  DiscordSplash.onStateUpdate: {"status":"installing-updates","current":3,"total":6,"progress":39}
[2025-05-23 16:43:24.057] [info]  Splash.onStateUpdate: {"status":"installing-updates","current":3,"total":6,"progress":39}
[2025-05-23 16:43:24.058] [info]  DiscordSplash.onStateUpdate: {"status":"installing-updates","current":3,"total":6,"progress":39}
[2025-05-23 16:43:24.058] [info]  Splash.onStateUpdate: {"status":"installing-updates","current":3,"total":6,"progress":39}
[2025-05-23 16:43:24.058] [info]  DiscordSplash.onStateUpdate: {"status":"installing-updates","current":3,"total":6,"progress":39}
[2025-05-23 16:43:24.058] [info]  Splash.onStateUpdate: {"status":"installing-updates","current":3,"total":6,"progress":39}
[2025-05-23 16:43:24.059] [info]  DiscordSplash.onStateUpdate: {"status":"installing-updates","current":3,"total":6,"progress":39}
[2025-05-23 16:43:24.059] [info]  Splash.onStateUpdate: {"status":"installing-updates","current":3,"total":6,"progress":39}
[2025-05-23 16:43:24.059] [info]  DiscordSplash.onStateUpdate: {"status":"installing-updates","current":3,"total":6,"progress":39}
[2025-05-23 16:43:24.059] [info]  Splash.onStateUpdate: {"status":"installing-updates","current":3,"total":6,"progress":39}
[2025-05-23 16:43:24.060] [info]  DiscordSplash.onStateUpdate: {"status":"installing-updates","current":3,"total":6,"progress":40}
[2025-05-23 16:43:24.060] [info]  Splash.onStateUpdate: {"status":"installing-updates","current":3,"total":6,"progress":40}
[2025-05-23 16:43:24.060] [info]  DiscordSplash.onStateUpdate: {"status":"installing-updates","current":3,"total":6,"progress":40}
[2025-05-23 16:43:24.061] [info]  Splash.onStateUpdate: {"status":"installing-updates","current":3,"total":6,"progress":40}
[2025-05-23 16:43:24.061] [info]  DiscordSplash.onStateUpdate: {"status":"installing-updates","current":3,"total":6,"progress":40}
[2025-05-23 16:43:24.061] [info]  Splash.onStateUpdate: {"status":"installing-updates","current":3,"total":6,"progress":40}
[2025-05-23 16:43:24.062] [info]  DiscordSplash.onStateUpdate: {"status":"installing-updates","current":3,"total":6,"progress":40}
[2025-05-23 16:43:24.062] [info]  Splash.onStateUpdate: {"status":"installing-updates","current":3,"total":6,"progress":40}
[2025-05-23 16:43:24.062] [info]  DiscordSplash.onStateUpdate: {"status":"installing-updates","current":3,"total":6,"progress":40}
[2025-05-23 16:43:24.062] [info]  Splash.onStateUpdate: {"status":"installing-updates","current":3,"total":6,"progress":40}
[2025-05-23 16:43:24.063] [info]  DiscordSplash.onStateUpdate: {"status":"installing-updates","current":3,"total":6,"progress":40}
[2025-05-23 16:43:24.063] [info]  Splash.onStateUpdate: {"status":"installing-updates","current":3,"total":6,"progress":40}
[2025-05-23 16:43:24.063] [info]  DiscordSplash.onStateUpdate: {"status":"installing-updates","current":3,"total":6,"progress":41}
[2025-05-23 16:43:24.063] [info]  Splash.onStateUpdate: {"status":"installing-updates","current":3,"total":6,"progress":41}
[2025-05-23 16:43:24.064] [info]  DiscordSplash.onStateUpdate: {"status":"installing-updates","current":3,"total":6,"progress":41}
[2025-05-23 16:43:24.064] [info]  Splash.onStateUpdate: {"status":"installing-updates","current":3,"total":6,"progress":41}
[2025-05-23 16:43:24.064] [info]  DiscordSplash.onStateUpdate: {"status":"installing-updates","current":3,"total":6,"progress":41}
[2025-05-23 16:43:24.064] [info]  Splash.onStateUpdate: {"status":"installing-updates","current":3,"total":6,"progress":41}
[2025-05-23 16:43:24.065] [info]  DiscordSplash.onStateUpdate: {"status":"installing-updates","current":3,"total":6,"progress":41}
[2025-05-23 16:43:24.065] [info]  Splash.onStateUpdate: {"status":"installing-updates","current":3,"total":6,"progress":41}
[2025-05-23 16:43:24.065] [info]  DiscordSplash.onStateUpdate: {"status":"installing-updates","current":3,"total":6,"progress":41}
[2025-05-23 16:43:24.065] [info]  Splash.onStateUpdate: {"status":"installing-updates","current":3,"total":6,"progress":41}
[2025-05-23 16:43:24.065] [info]  DiscordSplash.onStateUpdate: {"status":"installing-updates","current":3,"total":6,"progress":41}
[2025-05-23 16:43:24.066] [info]  Splash.onStateUpdate: {"status":"installing-updates","current":3,"total":6,"progress":41}
[2025-05-23 16:43:24.066] [info]  DiscordSplash.onStateUpdate: {"status":"installing-updates","current":3,"total":6,"progress":41}
[2025-05-23 16:43:24.066] [info]  Splash.onStateUpdate: {"status":"installing-updates","current":3,"total":6,"progress":41}
[2025-05-23 16:43:24.066] [info]  DiscordSplash.onStateUpdate: {"status":"installing-updates","current":3,"total":6,"progress":42}
[2025-05-23 16:43:24.067] [info]  Splash.onStateUpdate: {"status":"installing-updates","current":3,"total":6,"progress":42}
[2025-05-23 16:43:24.067] [info]  DiscordSplash.onStateUpdate: {"status":"installing-updates","current":3,"total":6,"progress":42}
[2025-05-23 16:43:24.067] [info]  Splash.onStateUpdate: {"status":"installing-updates","current":3,"total":6,"progress":42}
[2025-05-23 16:43:24.068] [info]  DiscordSplash.onStateUpdate: {"status":"installing-updates","current":3,"total":6,"progress":42}
[2025-05-23 16:43:24.068] [info]  Splash.onStateUpdate: {"status":"installing-updates","current":3,"total":6,"progress":42}
[2025-05-23 16:43:24.068] [info]  DiscordSplash.onStateUpdate: {"status":"installing-updates","current":3,"total":6,"progress":42}
[2025-05-23 16:43:24.069] [info]  Splash.onStateUpdate: {"status":"installing-updates","current":3,"total":6,"progress":42}
[2025-05-23 16:43:24.069] [info]  DiscordSplash.onStateUpdate: {"status":"installing-updates","current":3,"total":6,"progress":42}
[2025-05-23 16:43:24.069] [info]  Splash.onStateUpdate: {"status":"installing-updates","current":3,"total":6,"progress":42}
[2025-05-23 16:43:24.070] [info]  DiscordSplash.onStateUpdate: {"status":"installing-updates","current":3,"total":6,"progress":42}
[2025-05-23 16:43:24.070] [info]  Splash.onStateUpdate: {"status":"installing-updates","current":3,"total":6,"progress":42}
[2025-05-23 16:43:24.070] [info]  DiscordSplash.onStateUpdate: {"status":"installing-updates","current":3,"total":6,"progress":43}
[2025-05-23 16:43:24.070] [info]  Splash.onStateUpdate: {"status":"installing-updates","current":3,"total":6,"progress":43}
[2025-05-23 16:43:24.071] [info]  DiscordSplash.onStateUpdate: {"status":"installing-updates","current":3,"total":6,"progress":43}
[2025-05-23 16:43:24.071] [info]  Splash.onStateUpdate: {"status":"installing-updates","current":3,"total":6,"progress":43}
[2025-05-23 16:43:24.071] [info]  DiscordSplash.onStateUpdate: {"status":"installing-updates","current":3,"total":6,"progress":43}
[2025-05-23 16:43:24.071] [info]  Splash.onStateUpdate: {"status":"installing-updates","current":3,"total":6,"progress":43}
[2025-05-23 16:43:24.072] [info]  DiscordSplash.onStateUpdate: {"status":"installing-updates","current":3,"total":6,"progress":43}
[2025-05-23 16:43:24.072] [info]  Splash.onStateUpdate: {"status":"installing-updates","current":3,"total":6,"progress":43}
[2025-05-23 16:43:24.072] [info]  DiscordSplash.onStateUpdate: {"status":"installing-updates","current":3,"total":6,"progress":43}
[2025-05-23 16:43:24.073] [info]  Splash.onStateUpdate: {"status":"installing-updates","current":3,"total":6,"progress":43}
[2025-05-23 16:43:24.073] [info]  DiscordSplash.onStateUpdate: {"status":"installing-updates","current":3,"total":6,"progress":43}
[2025-05-23 16:43:24.073] [info]  Splash.onStateUpdate: {"status":"installing-updates","current":3,"total":6,"progress":43}
[2025-05-23 16:43:24.074] [info]  DiscordSplash.onStateUpdate: {"status":"installing-updates","current":3,"total":6,"progress":44}
[2025-05-23 16:43:24.074] [info]  Splash.onStateUpdate: {"status":"installing-updates","current":3,"total":6,"progress":44}
[2025-05-23 16:43:24.074] [info]  DiscordSplash.onStateUpdate: {"status":"installing-updates","current":3,"total":6,"progress":44}
[2025-05-23 16:43:24.074] [info]  Splash.onStateUpdate: {"status":"installing-updates","current":3,"total":6,"progress":44}
[2025-05-23 16:43:24.075] [info]  DiscordSplash.onStateUpdate: {"status":"installing-updates","current":3,"total":6,"progress":44}
[2025-05-23 16:43:24.075] [info]  Splash.onStateUpdate: {"status":"installing-updates","current":3,"total":6,"progress":44}
[2025-05-23 16:43:24.075] [info]  DiscordSplash.onStateUpdate: {"status":"installing-updates","current":3,"total":6,"progress":44}
[2025-05-23 16:43:24.075] [info]  Splash.onStateUpdate: {"status":"installing-updates","current":3,"total":6,"progress":44}
[2025-05-23 16:43:24.076] [info]  DiscordSplash.onStateUpdate: {"status":"installing-updates","current":3,"total":6,"progress":44}
[2025-05-23 16:43:24.076] [info]  Splash.onStateUpdate: {"status":"installing-updates","current":3,"total":6,"progress":44}
[2025-05-23 16:43:24.076] [info]  DiscordSplash.onStateUpdate: {"status":"installing-updates","current":3,"total":6,"progress":44}
[2025-05-23 16:43:24.076] [info]  Splash.onStateUpdate: {"status":"installing-updates","current":3,"total":6,"progress":44}
[2025-05-23 16:43:24.077] [info]  DiscordSplash.onStateUpdate: {"status":"installing-updates","current":3,"total":6,"progress":45}
[2025-05-23 16:43:24.077] [info]  Splash.onStateUpdate: {"status":"installing-updates","current":3,"total":6,"progress":45}
[2025-05-23 16:43:24.077] [info]  DiscordSplash.onStateUpdate: {"status":"installing-updates","current":3,"total":6,"progress":45}
[2025-05-23 16:43:24.077] [info]  Splash.onStateUpdate: {"status":"installing-updates","current":3,"total":6,"progress":45}
[2025-05-23 16:43:24.078] [info]  DiscordSplash.onStateUpdate: {"status":"installing-updates","current":3,"total":6,"progress":45}
[2025-05-23 16:43:24.078] [info]  Splash.onStateUpdate: {"status":"installing-updates","current":3,"total":6,"progress":45}
[2025-05-23 16:43:24.078] [info]  DiscordSplash.onStateUpdate: {"status":"installing-updates","current":3,"total":6,"progress":45}
[2025-05-23 16:43:24.078] [info]  Splash.onStateUpdate: {"status":"installing-updates","current":3,"total":6,"progress":45}
[2025-05-23 16:43:24.079] [info]  DiscordSplash.onStateUpdate: {"status":"installing-updates","current":3,"total":6,"progress":45}
[2025-05-23 16:43:24.079] [info]  Splash.onStateUpdate: {"status":"installing-updates","current":3,"total":6,"progress":45}
[2025-05-23 16:43:24.079] [info]  DiscordSplash.onStateUpdate: {"status":"installing-updates","current":3,"total":6,"progress":45}
[2025-05-23 16:43:24.079] [info]  Splash.onStateUpdate: {"status":"installing-updates","current":3,"total":6,"progress":45}
[2025-05-23 16:43:24.080] [info]  DiscordSplash.onStateUpdate: {"status":"installing-updates","current":3,"total":6,"progress":46}
[2025-05-23 16:43:24.080] [info]  Splash.onStateUpdate: {"status":"installing-updates","current":3,"total":6,"progress":46}
[2025-05-23 16:43:24.081] [info]  DiscordSplash.onStateUpdate: {"status":"installing-updates","current":3,"total":6,"progress":46}
[2025-05-23 16:43:24.081] [info]  Splash.onStateUpdate: {"status":"installing-updates","current":3,"total":6,"progress":46}
[2025-05-23 16:43:24.081] [info]  DiscordSplash.onStateUpdate: {"status":"installing-updates","current":3,"total":6,"progress":46}
[2025-05-23 16:43:24.081] [info]  Splash.onStateUpdate: {"status":"installing-updates","current":3,"total":6,"progress":46}
[2025-05-23 16:43:24.082] [info]  DiscordSplash.onStateUpdate: {"status":"installing-updates","current":3,"total":6,"progress":46}
[2025-05-23 16:43:24.082] [info]  Splash.onStateUpdate: {"status":"installing-updates","current":3,"total":6,"progress":46}
[2025-05-23 16:43:24.082] [info]  DiscordSplash.onStateUpdate: {"status":"installing-updates","current":3,"total":6,"progress":46}
[2025-05-23 16:43:24.082] [info]  Splash.onStateUpdate: {"status":"installing-updates","current":3,"total":6,"progress":46}
[2025-05-23 16:43:24.083] [info]  DiscordSplash.onStateUpdate: {"status":"installing-updates","current":3,"total":6,"progress":46}
[2025-05-23 16:43:24.083] [info]  Splash.onStateUpdate: {"status":"installing-updates","current":3,"total":6,"progress":46}
[2025-05-23 16:43:24.083] [info]  DiscordSplash.onStateUpdate: {"status":"installing-updates","current":3,"total":6,"progress":47}
[2025-05-23 16:43:24.083] [info]  Splash.onStateUpdate: {"status":"installing-updates","current":3,"total":6,"progress":47}
[2025-05-23 16:43:24.084] [info]  DiscordSplash.onStateUpdate: {"status":"installing-updates","current":3,"total":6,"progress":47}
[2025-05-23 16:43:24.084] [info]  Splash.onStateUpdate: {"status":"installing-updates","current":3,"total":6,"progress":47}
[2025-05-23 16:43:24.084] [info]  DiscordSplash.onStateUpdate: {"status":"installing-updates","current":3,"total":6,"progress":47}
[2025-05-23 16:43:24.084] [info]  Splash.onStateUpdate: {"status":"installing-updates","current":3,"total":6,"progress":47}
[2025-05-23 16:43:24.085] [info]  DiscordSplash.onStateUpdate: {"status":"installing-updates","current":3,"total":6,"progress":47}
[2025-05-23 16:43:24.085] [info]  Splash.onStateUpdate: {"status":"installing-updates","current":3,"total":6,"progress":47}
[2025-05-23 16:43:24.085] [info]  DiscordSplash.onStateUpdate: {"status":"installing-updates","current":3,"total":6,"progress":47}
[2025-05-23 16:43:24.085] [info]  Splash.onStateUpdate: {"status":"installing-updates","current":3,"total":6,"progress":47}
[2025-05-23 16:43:24.086] [info]  DiscordSplash.onStateUpdate: {"status":"installing-updates","current":3,"total":6,"progress":47}
[2025-05-23 16:43:24.086] [info]  Splash.onStateUpdate: {"status":"installing-updates","current":3,"total":6,"progress":47}
[2025-05-23 16:43:24.086] [info]  DiscordSplash.onStateUpdate: {"status":"installing-updates","current":3,"total":6,"progress":47}
[2025-05-23 16:43:24.086] [info]  Splash.onStateUpdate: {"status":"installing-updates","current":3,"total":6,"progress":47}
[2025-05-23 16:43:24.087] [info]  DiscordSplash.onStateUpdate: {"status":"installing-updates","current":3,"total":6,"progress":48}
[2025-05-23 16:43:24.087] [info]  Splash.onStateUpdate: {"status":"installing-updates","current":3,"total":6,"progress":48}
[2025-05-23 16:43:24.087] [info]  DiscordSplash.onStateUpdate: {"status":"installing-updates","current":3,"total":6,"progress":48}
[2025-05-23 16:43:24.087] [info]  Splash.onStateUpdate: {"status":"installing-updates","current":3,"total":6,"progress":48}
[2025-05-23 16:43:24.088] [info]  DiscordSplash.onStateUpdate: {"status":"installing-updates","current":3,"total":6,"progress":48}
[2025-05-23 16:43:24.088] [info]  Splash.onStateUpdate: {"status":"installing-updates","current":3,"total":6,"progress":48}
[2025-05-23 16:43:24.088] [info]  DiscordSplash.onStateUpdate: {"status":"installing-updates","current":3,"total":6,"progress":48}
[2025-05-23 16:43:24.088] [info]  Splash.onStateUpdate: {"status":"installing-updates","current":3,"total":6,"progress":48}
[2025-05-23 16:43:24.089] [info]  DiscordSplash.onStateUpdate: {"status":"installing-updates","current":3,"total":6,"progress":48}
[2025-05-23 16:43:24.089] [info]  Splash.onStateUpdate: {"status":"installing-updates","current":3,"total":6,"progress":48}
[2025-05-23 16:43:24.089] [info]  DiscordSplash.onStateUpdate: {"status":"installing-updates","current":3,"total":6,"progress":48}
[2025-05-23 16:43:24.089] [info]  Splash.onStateUpdate: {"status":"installing-updates","current":3,"total":6,"progress":48}
[2025-05-23 16:43:24.090] [info]  DiscordSplash.onStateUpdate: {"status":"installing-updates","current":3,"total":6,"progress":49}
[2025-05-23 16:43:24.090] [info]  Splash.onStateUpdate: {"status":"installing-updates","current":3,"total":6,"progress":49}
[2025-05-23 16:43:24.090] [info]  DiscordSplash.onStateUpdate: {"status":"installing-updates","current":3,"total":6,"progress":49}
[2025-05-23 16:43:24.090] [info]  Splash.onStateUpdate: {"status":"installing-updates","current":3,"total":6,"progress":49}
[2025-05-23 16:43:24.091] [info]  DiscordSplash.onStateUpdate: {"status":"installing-updates","current":3,"total":6,"progress":49}
[2025-05-23 16:43:24.091] [info]  Splash.onStateUpdate: {"status":"installing-updates","current":3,"total":6,"progress":49}
[2025-05-23 16:43:24.091] [info]  DiscordSplash.onStateUpdate: {"status":"installing-updates","current":3,"total":6,"progress":49}
[2025-05-23 16:43:24.091] [info]  Splash.onStateUpdate: {"status":"installing-updates","current":3,"total":6,"progress":49}
[2025-05-23 16:43:24.092] [info]  DiscordSplash.onStateUpdate: {"status":"installing-updates","current":3,"total":6,"progress":49}
[2025-05-23 16:43:24.092] [info]  Splash.onStateUpdate: {"status":"installing-updates","current":3,"total":6,"progress":49}
[2025-05-23 16:43:24.092] [info]  DiscordSplash.onStateUpdate: {"status":"installing-updates","current":3,"total":6,"progress":49}
[2025-05-23 16:43:24.093] [info]  Splash.onStateUpdate: {"status":"installing-updates","current":3,"total":6,"progress":49}
[2025-05-23 16:43:24.093] [info]  DiscordSplash.onStateUpdate: {"status":"installing-updates","current":3,"total":6,"progress":50}
[2025-05-23 16:43:24.093] [info]  Splash.onStateUpdate: {"status":"installing-updates","current":3,"total":6,"progress":50}
[2025-05-23 16:43:24.093] [info]  DiscordSplash.onStateUpdate: {"status":"installing-updates","current":3,"total":6,"progress":50}
[2025-05-23 16:43:24.094] [info]  Splash.onStateUpdate: {"status":"installing-updates","current":3,"total":6,"progress":50}
[2025-05-23 16:43:24.094] [info]  DiscordSplash.onStateUpdate: {"status":"installing-updates","current":3,"total":6,"progress":50}
[2025-05-23 16:43:24.094] [info]  Splash.onStateUpdate: {"status":"installing-updates","current":3,"total":6,"progress":50}
[2025-05-23 16:43:24.094] [info]  Splash.updateCountdownSeconds: undefined
[2025-05-23 16:43:24.094] [info]  DiscordSplash.onStateUpdate: {"status":"installing-updates","current":3,"total":6,"progress":50}
[2025-05-23 16:43:24.095] [info]  Splash.onStateUpdate: {"status":"installing-updates","current":3,"total":6,"progress":50}
[2025-05-23 16:43:24.095] [info]  DiscordSplash.onStateUpdate: {"status":"installing-updates","current":3,"total":6,"progress":50}
[2025-05-23 16:43:24.095] [info]  Splash.onStateUpdate: {"status":"installing-updates","current":3,"total":6,"progress":50}
[2025-05-23 16:43:24.096] [info]  DiscordSplash.onStateUpdate: {"status":"installing-updates","current":3,"total":6,"progress":50}
[2025-05-23 16:43:24.096] [info]  Splash.onStateUpdate: {"status":"installing-updates","current":3,"total":6,"progress":50}
[2025-05-23 16:43:24.096] [info]  DiscordSplash.onStateUpdate: {"status":"installing-updates","current":3,"total":6,"progress":51}
[2025-05-23 16:43:24.096] [info]  Splash.onStateUpdate: {"status":"installing-updates","current":3,"total":6,"progress":51}
[2025-05-23 16:43:24.097] [info]  DiscordSplash.onStateUpdate: {"status":"installing-updates","current":3,"total":6,"progress":51}
[2025-05-23 16:43:24.097] [info]  Splash.onStateUpdate: {"status":"installing-updates","current":3,"total":6,"progress":51}
[2025-05-23 16:43:24.097] [info]  DiscordSplash.onStateUpdate: {"status":"installing-updates","current":3,"total":6,"progress":51}
[2025-05-23 16:43:24.097] [info]  Splash.onStateUpdate: {"status":"installing-updates","current":3,"total":6,"progress":51}
[2025-05-23 16:43:24.098] [info]  DiscordSplash.onStateUpdate: {"status":"installing-updates","current":3,"total":6,"progress":51}
[2025-05-23 16:43:24.098] [info]  Splash.onStateUpdate: {"status":"installing-updates","current":3,"total":6,"progress":51}
[2025-05-23 16:43:24.098] [info]  DiscordSplash.onStateUpdate: {"status":"installing-updates","current":3,"total":6,"progress":51}
[2025-05-23 16:43:24.098] [info]  Splash.onStateUpdate: {"status":"installing-updates","current":3,"total":6,"progress":51}
[2025-05-23 16:43:24.099] [info]  DiscordSplash.onStateUpdate: {"status":"installing-updates","current":3,"total":6,"progress":51}
[2025-05-23 16:43:24.099] [info]  Splash.onStateUpdate: {"status":"installing-updates","current":3,"total":6,"progress":51}
[2025-05-23 16:43:24.099] [info]  DiscordSplash.onStateUpdate: {"status":"installing-updates","current":3,"total":6,"progress":52}
[2025-05-23 16:43:24.099] [info]  Splash.onStateUpdate: {"status":"installing-updates","current":3,"total":6,"progress":52}
[2025-05-23 16:43:24.100] [info]  DiscordSplash.onStateUpdate: {"status":"installing-updates","current":3,"total":6,"progress":52}
[2025-05-23 16:43:24.100] [info]  Splash.onStateUpdate: {"status":"installing-updates","current":3,"total":6,"progress":52}
[2025-05-23 16:43:24.100] [info]  DiscordSplash.onStateUpdate: {"status":"installing-updates","current":3,"total":6,"progress":52}
[2025-05-23 16:43:24.100] [info]  Splash.onStateUpdate: {"status":"installing-updates","current":3,"total":6,"progress":52}
[2025-05-23 16:43:24.101] [info]  DiscordSplash.onStateUpdate: {"status":"installing-updates","current":3,"total":6,"progress":52}
[2025-05-23 16:43:24.101] [info]  Splash.onStateUpdate: {"status":"installing-updates","current":3,"total":6,"progress":52}
[2025-05-23 16:43:24.101] [info]  DiscordSplash.onStateUpdate: {"status":"installing-updates","current":3,"total":6,"progress":52}
[2025-05-23 16:43:24.101] [info]  Splash.onStateUpdate: {"status":"installing-updates","current":3,"total":6,"progress":52}
[2025-05-23 16:43:24.102] [info]  DiscordSplash.onStateUpdate: {"status":"installing-updates","current":3,"total":6,"progress":52}
[2025-05-23 16:43:24.102] [info]  Splash.onStateUpdate: {"status":"installing-updates","current":3,"total":6,"progress":52}
[2025-05-23 16:43:24.103] [info]  DiscordSplash.onStateUpdate: {"status":"installing-updates","current":3,"total":6,"progress":52}
[2025-05-23 16:43:24.103] [info]  Splash.onStateUpdate: {"status":"installing-updates","current":3,"total":6,"progress":52}
[2025-05-23 16:43:24.103] [info]  DiscordSplash.onStateUpdate: {"status":"installing-updates","current":3,"total":6,"progress":53}
[2025-05-23 16:43:24.103] [info]  Splash.onStateUpdate: {"status":"installing-updates","current":3,"total":6,"progress":53}
[2025-05-23 16:43:24.104] [info]  DiscordSplash.onStateUpdate: {"status":"installing-updates","current":3,"total":6,"progress":53}
[2025-05-23 16:43:24.104] [info]  Splash.onStateUpdate: {"status":"installing-updates","current":3,"total":6,"progress":53}
[2025-05-23 16:43:24.104] [info]  DiscordSplash.onStateUpdate: {"status":"installing-updates","current":3,"total":6,"progress":53}
[2025-05-23 16:43:24.104] [info]  Splash.onStateUpdate: {"status":"installing-updates","current":3,"total":6,"progress":53}
[2025-05-23 16:43:24.105] [info]  DiscordSplash.onStateUpdate: {"status":"installing-updates","current":3,"total":6,"progress":53}
[2025-05-23 16:43:24.105] [info]  Splash.onStateUpdate: {"status":"installing-updates","current":3,"total":6,"progress":53}
[2025-05-23 16:43:24.105] [info]  DiscordSplash.onStateUpdate: {"status":"installing-updates","current":3,"total":6,"progress":53}
[2025-05-23 16:43:24.105] [info]  Splash.onStateUpdate: {"status":"installing-updates","current":3,"total":6,"progress":53}
[2025-05-23 16:43:24.106] [info]  DiscordSplash.onStateUpdate: {"status":"installing-updates","current":3,"total":6,"progress":53}
[2025-05-23 16:43:24.106] [info]  Splash.onStateUpdate: {"status":"installing-updates","current":3,"total":6,"progress":53}
[2025-05-23 16:43:24.106] [info]  DiscordSplash.onStateUpdate: {"status":"installing-updates","current":3,"total":6,"progress":54}
[2025-05-23 16:43:24.106] [info]  Splash.onStateUpdate: {"status":"installing-updates","current":3,"total":6,"progress":54}
[2025-05-23 16:43:24.106] [info]  DiscordSplash.onStateUpdate: {"status":"installing-updates","current":3,"total":6,"progress":54}
[2025-05-23 16:43:24.107] [info]  Splash.onStateUpdate: {"status":"installing-updates","current":3,"total":6,"progress":54}
[2025-05-23 16:43:24.107] [info]  DiscordSplash.onStateUpdate: {"status":"installing-updates","current":3,"total":6,"progress":54}
[2025-05-23 16:43:24.107] [info]  Splash.onStateUpdate: {"status":"installing-updates","current":3,"total":6,"progress":54}
[2025-05-23 16:43:24.107] [info]  DiscordSplash.onStateUpdate: {"status":"installing-updates","current":3,"total":6,"progress":54}
[2025-05-23 16:43:24.108] [info]  Splash.onStateUpdate: {"status":"installing-updates","current":3,"total":6,"progress":54}
[2025-05-23 16:43:24.108] [info]  DiscordSplash.onStateUpdate: {"status":"installing-updates","current":3,"total":6,"progress":54}
[2025-05-23 16:43:24.108] [info]  Splash.onStateUpdate: {"status":"installing-updates","current":3,"total":6,"progress":54}
[2025-05-23 16:43:24.108] [info]  DiscordSplash.onStateUpdate: {"status":"installing-updates","current":3,"total":6,"progress":54}
[2025-05-23 16:43:24.109] [info]  Splash.onStateUpdate: {"status":"installing-updates","current":3,"total":6,"progress":54}
[2025-05-23 16:43:24.109] [info]  DiscordSplash.onStateUpdate: {"status":"installing-updates","current":3,"total":6,"progress":55}
[2025-05-23 16:43:24.109] [info]  Splash.onStateUpdate: {"status":"installing-updates","current":3,"total":6,"progress":55}
[2025-05-23 16:43:24.109] [info]  DiscordSplash.onStateUpdate: {"status":"installing-updates","current":3,"total":6,"progress":55}
[2025-05-23 16:43:24.110] [info]  Splash.onStateUpdate: {"status":"installing-updates","current":3,"total":6,"progress":55}
[2025-05-23 16:43:24.110] [info]  DiscordSplash.onStateUpdate: {"status":"installing-updates","current":3,"total":6,"progress":55}
[2025-05-23 16:43:24.110] [info]  Splash.onStateUpdate: {"status":"installing-updates","current":3,"total":6,"progress":55}
[2025-05-23 16:43:24.110] [info]  DiscordSplash.onStateUpdate: {"status":"installing-updates","current":3,"total":6,"progress":55}
[2025-05-23 16:43:24.111] [info]  Splash.onStateUpdate: {"status":"installing-updates","current":3,"total":6,"progress":55}
[2025-05-23 16:43:24.111] [info]  DiscordSplash.onStateUpdate: {"status":"installing-updates","current":3,"total":6,"progress":55}
[2025-05-23 16:43:24.111] [info]  Splash.onStateUpdate: {"status":"installing-updates","current":3,"total":6,"progress":55}
[2025-05-23 16:43:24.111] [info]  DiscordSplash.onStateUpdate: {"status":"installing-updates","current":3,"total":6,"progress":55}
[2025-05-23 16:43:24.111] [info]  Splash.onStateUpdate: {"status":"installing-updates","current":3,"total":6,"progress":55}
[2025-05-23 16:43:24.112] [info]  DiscordSplash.onStateUpdate: {"status":"installing-updates","current":3,"total":6,"progress":56}
[2025-05-23 16:43:24.112] [info]  Splash.onStateUpdate: {"status":"installing-updates","current":3,"total":6,"progress":56}
[2025-05-23 16:43:24.112] [info]  DiscordSplash.onStateUpdate: {"status":"installing-updates","current":3,"total":6,"progress":56}
[2025-05-23 16:43:24.112] [info]  Splash.onStateUpdate: {"status":"installing-updates","current":3,"total":6,"progress":56}
[2025-05-23 16:43:24.113] [info]  DiscordSplash.onStateUpdate: {"status":"installing-updates","current":3,"total":6,"progress":56}
[2025-05-23 16:43:24.113] [info]  Splash.onStateUpdate: {"status":"installing-updates","current":3,"total":6,"progress":56}
[2025-05-23 16:43:24.113] [info]  DiscordSplash.onStateUpdate: {"status":"installing-updates","current":3,"total":6,"progress":56}
[2025-05-23 16:43:24.113] [info]  Splash.onStateUpdate: {"status":"installing-updates","current":3,"total":6,"progress":56}
[2025-05-23 16:43:24.114] [info]  DiscordSplash.onStateUpdate: {"status":"installing-updates","current":3,"total":6,"progress":56}
[2025-05-23 16:43:24.114] [info]  Splash.onStateUpdate: {"status":"installing-updates","current":3,"total":6,"progress":56}
[2025-05-23 16:43:24.114] [info]  DiscordSplash.onStateUpdate: {"status":"installing-updates","current":3,"total":6,"progress":56}
[2025-05-23 16:43:24.114] [info]  Splash.onStateUpdate: {"status":"installing-updates","current":3,"total":6,"progress":56}
[2025-05-23 16:43:24.115] [info]  DiscordSplash.onStateUpdate: {"status":"installing-updates","current":3,"total":6,"progress":57}
[2025-05-23 16:43:24.115] [info]  Splash.onStateUpdate: {"status":"installing-updates","current":3,"total":6,"progress":57}
[2025-05-23 16:43:24.115] [info]  DiscordSplash.onStateUpdate: {"status":"installing-updates","current":3,"total":6,"progress":57}
[2025-05-23 16:43:24.115] [info]  Splash.onStateUpdate: {"status":"installing-updates","current":3,"total":6,"progress":57}
[2025-05-23 16:43:24.116] [info]  DiscordSplash.onStateUpdate: {"status":"installing-updates","current":3,"total":6,"progress":57}
[2025-05-23 16:43:24.116] [info]  Splash.onStateUpdate: {"status":"installing-updates","current":3,"total":6,"progress":57}
[2025-05-23 16:43:24.116] [info]  DiscordSplash.onStateUpdate: {"status":"installing-updates","current":3,"total":6,"progress":57}
[2025-05-23 16:43:24.116] [info]  Splash.onStateUpdate: {"status":"installing-updates","current":3,"total":6,"progress":57}
[2025-05-23 16:43:24.117] [info]  DiscordSplash.onStateUpdate: {"status":"installing-updates","current":3,"total":6,"progress":57}
[2025-05-23 16:43:24.117] [info]  Splash.onStateUpdate: {"status":"installing-updates","current":3,"total":6,"progress":57}
[2025-05-23 16:43:24.117] [info]  DiscordSplash.onStateUpdate: {"status":"installing-updates","current":3,"total":6,"progress":57}
[2025-05-23 16:43:24.117] [info]  Splash.onStateUpdate: {"status":"installing-updates","current":3,"total":6,"progress":57}
[2025-05-23 16:43:24.118] [info]  DiscordSplash.onStateUpdate: {"status":"installing-updates","current":3,"total":6,"progress":58}
[2025-05-23 16:43:24.118] [info]  Splash.onStateUpdate: {"status":"installing-updates","current":3,"total":6,"progress":58}
[2025-05-23 16:43:24.118] [info]  DiscordSplash.onStateUpdate: {"status":"installing-updates","current":3,"total":6,"progress":58}
[2025-05-23 16:43:24.118] [info]  Splash.onStateUpdate: {"status":"installing-updates","current":3,"total":6,"progress":58}
[2025-05-23 16:43:24.119] [info]  DiscordSplash.onStateUpdate: {"status":"installing-updates","current":3,"total":6,"progress":58}
[2025-05-23 16:43:24.119] [info]  Splash.onStateUpdate: {"status":"installing-updates","current":3,"total":6,"progress":58}
[2025-05-23 16:43:24.119] [info]  DiscordSplash.onStateUpdate: {"status":"installing-updates","current":3,"total":6,"progress":58}
[2025-05-23 16:43:24.119] [info]  Splash.onStateUpdate: {"status":"installing-updates","current":3,"total":6,"progress":58}
[2025-05-23 16:43:24.119] [info]  DiscordSplash.onStateUpdate: {"status":"installing-updates","current":3,"total":6,"progress":58}
[2025-05-23 16:43:24.120] [info]  Splash.onStateUpdate: {"status":"installing-updates","current":3,"total":6,"progress":58}
[2025-05-23 16:43:24.120] [info]  DiscordSplash.onStateUpdate: {"status":"installing-updates","current":3,"total":6,"progress":58}
[2025-05-23 16:43:24.120] [info]  Splash.onStateUpdate: {"status":"installing-updates","current":3,"total":6,"progress":58}
[2025-05-23 16:43:24.120] [info]  DiscordSplash.onStateUpdate: {"status":"installing-updates","current":3,"total":6,"progress":58}
[2025-05-23 16:43:24.121] [info]  Splash.onStateUpdate: {"status":"installing-updates","current":3,"total":6,"progress":58}
[2025-05-23 16:43:24.121] [info]  DiscordSplash.onStateUpdate: {"status":"installing-updates","current":3,"total":6,"progress":59}
[2025-05-23 16:43:24.121] [info]  Splash.onStateUpdate: {"status":"installing-updates","current":3,"total":6,"progress":59}
[2025-05-23 16:43:24.121] [info]  DiscordSplash.onStateUpdate: {"status":"installing-updates","current":3,"total":6,"progress":59}
[2025-05-23 16:43:24.121] [info]  Splash.onStateUpdate: {"status":"installing-updates","current":3,"total":6,"progress":59}
[2025-05-23 16:43:24.122] [info]  DiscordSplash.onStateUpdate: {"status":"installing-updates","current":3,"total":6,"progress":59}
[2025-05-23 16:43:24.122] [info]  Splash.onStateUpdate: {"status":"installing-updates","current":3,"total":6,"progress":59}
[2025-05-23 16:43:24.122] [info]  DiscordSplash.onStateUpdate: {"status":"installing-updates","current":3,"total":6,"progress":59}
[2025-05-23 16:43:24.122] [info]  Splash.onStateUpdate: {"status":"installing-updates","current":3,"total":6,"progress":59}
[2025-05-23 16:43:24.123] [info]  DiscordSplash.onStateUpdate: {"status":"installing-updates","current":3,"total":6,"progress":59}
[2025-05-23 16:43:24.123] [info]  Splash.onStateUpdate: {"status":"installing-updates","current":3,"total":6,"progress":59}
[2025-05-23 16:43:24.124] [info]  DiscordSplash.onStateUpdate: {"status":"installing-updates","current":3,"total":6,"progress":59}
[2025-05-23 16:43:24.124] [info]  Splash.onStateUpdate: {"status":"installing-updates","current":3,"total":6,"progress":59}
[2025-05-23 16:43:24.124] [info]  DiscordSplash.onStateUpdate: {"status":"installing-updates","current":3,"total":6,"progress":60}
[2025-05-23 16:43:24.124] [info]  Splash.onStateUpdate: {"status":"installing-updates","current":3,"total":6,"progress":60}
[2025-05-23 16:43:24.125] [info]  DiscordSplash.onStateUpdate: {"status":"installing-updates","current":3,"total":6,"progress":60}
[2025-05-23 16:43:24.125] [info]  Splash.onStateUpdate: {"status":"installing-updates","current":3,"total":6,"progress":60}
[2025-05-23 16:43:24.126] [info]  DiscordSplash.onStateUpdate: {"status":"installing-updates","current":3,"total":6,"progress":60}
[2025-05-23 16:43:24.126] [info]  Splash.onStateUpdate: {"status":"installing-updates","current":3,"total":6,"progress":60}
[2025-05-23 16:43:24.127] [info]  DiscordSplash.onStateUpdate: {"status":"installing-updates","current":3,"total":6,"progress":60}
[2025-05-23 16:43:24.127] [info]  Splash.onStateUpdate: {"status":"installing-updates","current":3,"total":6,"progress":60}
[2025-05-23 16:43:24.128] [info]  DiscordSplash.onStateUpdate: {"status":"installing-updates","current":3,"total":6,"progress":60}
[2025-05-23 16:43:24.128] [info]  Splash.onStateUpdate: {"status":"installing-updates","current":3,"total":6,"progress":60}
[2025-05-23 16:43:24.129] [info]  DiscordSplash.onStateUpdate: {"status":"installing-updates","current":3,"total":6,"progress":60}
[2025-05-23 16:43:24.129] [info]  Splash.onStateUpdate: {"status":"installing-updates","current":3,"total":6,"progress":60}
[2025-05-23 16:43:24.130] [info]  DiscordSplash.onStateUpdate: {"status":"installing-updates","current":3,"total":6,"progress":61}
[2025-05-23 16:43:24.130] [info]  Splash.onStateUpdate: {"status":"installing-updates","current":3,"total":6,"progress":61}
[2025-05-23 16:43:24.131] [info]  DiscordSplash.onStateUpdate: {"status":"installing-updates","current":3,"total":6,"progress":61}
[2025-05-23 16:43:24.131] [info]  Splash.onStateUpdate: {"status":"installing-updates","current":3,"total":6,"progress":61}
[2025-05-23 16:43:24.132] [info]  DiscordSplash.onStateUpdate: {"status":"installing-updates","current":3,"total":6,"progress":61}
[2025-05-23 16:43:24.132] [info]  Splash.onStateUpdate: {"status":"installing-updates","current":3,"total":6,"progress":61}
[2025-05-23 16:43:24.132] [info]  DiscordSplash.onStateUpdate: {"status":"installing-updates","current":3,"total":6,"progress":61}
[2025-05-23 16:43:24.132] [info]  Splash.onStateUpdate: {"status":"installing-updates","current":3,"total":6,"progress":61}
[2025-05-23 16:43:24.133] [info]  DiscordSplash.onStateUpdate: {"status":"installing-updates","current":3,"total":6,"progress":61}
[2025-05-23 16:43:24.133] [info]  Splash.onStateUpdate: {"status":"installing-updates","current":3,"total":6,"progress":61}
[2025-05-23 16:43:24.133] [info]  DiscordSplash.onStateUpdate: {"status":"installing-updates","current":3,"total":6,"progress":61}
[2025-05-23 16:43:24.133] [info]  Splash.onStateUpdate: {"status":"installing-updates","current":3,"total":6,"progress":61}
[2025-05-23 16:43:24.134] [info]  DiscordSplash.onStateUpdate: {"status":"installing-updates","current":3,"total":6,"progress":62}
[2025-05-23 16:43:24.134] [info]  Splash.onStateUpdate: {"status":"installing-updates","current":3,"total":6,"progress":62}
[2025-05-23 16:43:24.134] [info]  DiscordSplash.onStateUpdate: {"status":"installing-updates","current":3,"total":6,"progress":62}
[2025-05-23 16:43:24.134] [info]  Splash.onStateUpdate: {"status":"installing-updates","current":3,"total":6,"progress":62}
[2025-05-23 16:43:24.135] [info]  DiscordSplash.onStateUpdate: {"status":"installing-updates","current":3,"total":6,"progress":62}
[2025-05-23 16:43:24.135] [info]  Splash.onStateUpdate: {"status":"installing-updates","current":3,"total":6,"progress":62}
[2025-05-23 16:43:24.135] [info]  DiscordSplash.onStateUpdate: {"status":"installing-updates","current":3,"total":6,"progress":62}
[2025-05-23 16:43:24.135] [info]  Splash.onStateUpdate: {"status":"installing-updates","current":3,"total":6,"progress":62}
[2025-05-23 16:43:24.136] [info]  DiscordSplash.onStateUpdate: {"status":"installing-updates","current":3,"total":6,"progress":62}
[2025-05-23 16:43:24.136] [info]  Splash.onStateUpdate: {"status":"installing-updates","current":3,"total":6,"progress":62}
[2025-05-23 16:43:24.136] [info]  DiscordSplash.onStateUpdate: {"status":"installing-updates","current":3,"total":6,"progress":62}
[2025-05-23 16:43:24.136] [info]  Splash.onStateUpdate: {"status":"installing-updates","current":3,"total":6,"progress":62}
[2025-05-23 16:43:24.137] [info]  DiscordSplash.onStateUpdate: {"status":"installing-updates","current":3,"total":6,"progress":63}
[2025-05-23 16:43:24.137] [info]  Splash.onStateUpdate: {"status":"installing-updates","current":3,"total":6,"progress":63}
[2025-05-23 16:43:24.137] [info]  DiscordSplash.onStateUpdate: {"status":"installing-updates","current":3,"total":6,"progress":63}
[2025-05-23 16:43:24.137] [info]  Splash.onStateUpdate: {"status":"installing-updates","current":3,"total":6,"progress":63}
[2025-05-23 16:43:24.138] [info]  DiscordSplash.onStateUpdate: {"status":"installing-updates","current":3,"total":6,"progress":63}
[2025-05-23 16:43:24.138] [info]  Splash.onStateUpdate: {"status":"installing-updates","current":3,"total":6,"progress":63}
[2025-05-23 16:43:24.138] [info]  DiscordSplash.onStateUpdate: {"status":"installing-updates","current":3,"total":6,"progress":63}
[2025-05-23 16:43:24.138] [info]  Splash.onStateUpdate: {"status":"installing-updates","current":3,"total":6,"progress":63}
[2025-05-23 16:43:24.139] [info]  DiscordSplash.onStateUpdate: {"status":"installing-updates","current":3,"total":6,"progress":63}
[2025-05-23 16:43:24.139] [info]  Splash.onStateUpdate: {"status":"installing-updates","current":3,"total":6,"progress":63}
[2025-05-23 16:43:24.139] [info]  DiscordSplash.onStateUpdate: {"status":"installing-updates","current":3,"total":6,"progress":63}
[2025-05-23 16:43:24.139] [info]  Splash.onStateUpdate: {"status":"installing-updates","current":3,"total":6,"progress":63}
[2025-05-23 16:43:24.140] [info]  DiscordSplash.onStateUpdate: {"status":"installing-updates","current":3,"total":6,"progress":64}
[2025-05-23 16:43:24.140] [info]  Splash.onStateUpdate: {"status":"installing-updates","current":3,"total":6,"progress":64}
[2025-05-23 16:43:24.140] [info]  DiscordSplash.onStateUpdate: {"status":"installing-updates","current":3,"total":6,"progress":64}
[2025-05-23 16:43:24.140] [info]  Splash.onStateUpdate: {"status":"installing-updates","current":3,"total":6,"progress":64}
[2025-05-23 16:43:24.141] [info]  DiscordSplash.onStateUpdate: {"status":"installing-updates","current":3,"total":6,"progress":64}
[2025-05-23 16:43:24.141] [info]  Splash.onStateUpdate: {"status":"installing-updates","current":3,"total":6,"progress":64}
[2025-05-23 16:43:24.141] [info]  DiscordSplash.onStateUpdate: {"status":"installing-updates","current":3,"total":6,"progress":64}
[2025-05-23 16:43:24.141] [info]  Splash.onStateUpdate: {"status":"installing-updates","current":3,"total":6,"progress":64}
[2025-05-23 16:43:24.142] [info]  DiscordSplash.onStateUpdate: {"status":"installing-updates","current":3,"total":6,"progress":64}
[2025-05-23 16:43:24.142] [info]  Splash.onStateUpdate: {"status":"installing-updates","current":3,"total":6,"progress":64}
[2025-05-23 16:43:24.142] [info]  DiscordSplash.onStateUpdate: {"status":"installing-updates","current":3,"total":6,"progress":64}
[2025-05-23 16:43:24.142] [info]  Splash.onStateUpdate: {"status":"installing-updates","current":3,"total":6,"progress":64}
[2025-05-23 16:43:24.143] [info]  DiscordSplash.onStateUpdate: {"status":"installing-updates","current":3,"total":6,"progress":64}
[2025-05-23 16:43:24.143] [info]  Splash.onStateUpdate: {"status":"installing-updates","current":3,"total":6,"progress":64}
[2025-05-23 16:43:24.143] [info]  DiscordSplash.onStateUpdate: {"status":"installing-updates","current":3,"total":6,"progress":65}
[2025-05-23 16:43:24.143] [info]  Splash.onStateUpdate: {"status":"installing-updates","current":3,"total":6,"progress":65}
[2025-05-23 16:43:24.144] [info]  DiscordSplash.onStateUpdate: {"status":"installing-updates","current":3,"total":6,"progress":65}
[2025-05-23 16:43:24.144] [info]  Splash.onStateUpdate: {"status":"installing-updates","current":3,"total":6,"progress":65}
[2025-05-23 16:43:24.144] [info]  DiscordSplash.onStateUpdate: {"status":"installing-updates","current":3,"total":6,"progress":65}
[2025-05-23 16:43:24.144] [info]  Splash.onStateUpdate: {"status":"installing-updates","current":3,"total":6,"progress":65}
[2025-05-23 16:43:24.145] [info]  DiscordSplash.onStateUpdate: {"status":"installing-updates","current":3,"total":6,"progress":65}
[2025-05-23 16:43:24.145] [info]  Splash.onStateUpdate: {"status":"installing-updates","current":3,"total":6,"progress":65}
[2025-05-23 16:43:24.145] [info]  DiscordSplash.onStateUpdate: {"status":"installing-updates","current":3,"total":6,"progress":65}
[2025-05-23 16:43:24.146] [info]  Splash.onStateUpdate: {"status":"installing-updates","current":3,"total":6,"progress":65}
[2025-05-23 16:43:24.146] [info]  DiscordSplash.onStateUpdate: {"status":"installing-updates","current":3,"total":6,"progress":65}
[2025-05-23 16:43:24.146] [info]  Splash.onStateUpdate: {"status":"installing-updates","current":3,"total":6,"progress":65}
[2025-05-23 16:43:24.147] [info]  DiscordSplash.onStateUpdate: {"status":"installing-updates","current":3,"total":6,"progress":66}
[2025-05-23 16:43:24.147] [info]  Splash.onStateUpdate: {"status":"installing-updates","current":3,"total":6,"progress":66}
[2025-05-23 16:43:24.147] [info]  DiscordSplash.onStateUpdate: {"status":"installing-updates","current":3,"total":6,"progress":66}
[2025-05-23 16:43:24.147] [info]  Splash.onStateUpdate: {"status":"installing-updates","current":3,"total":6,"progress":66}
[2025-05-23 16:43:24.148] [info]  DiscordSplash.onStateUpdate: {"status":"installing-updates","current":3,"total":6,"progress":66}
[2025-05-23 16:43:24.148] [info]  Splash.onStateUpdate: {"status":"installing-updates","current":3,"total":6,"progress":66}
[2025-05-23 16:43:24.148] [info]  DiscordSplash.onStateUpdate: {"status":"installing-updates","current":3,"total":6,"progress":66}
[2025-05-23 16:43:24.149] [info]  Splash.onStateUpdate: {"status":"installing-updates","current":3,"total":6,"progress":66}
[2025-05-23 16:43:24.149] [info]  DiscordSplash.onStateUpdate: {"status":"installing-updates","current":3,"total":6,"progress":66}
[2025-05-23 16:43:24.149] [info]  Splash.onStateUpdate: {"status":"installing-updates","current":3,"total":6,"progress":66}
[2025-05-23 16:43:24.149] [info]  DiscordSplash.onStateUpdate: {"status":"installing-updates","current":3,"total":6,"progress":66}
[2025-05-23 16:43:24.150] [info]  Splash.onStateUpdate: {"status":"installing-updates","current":3,"total":6,"progress":66}
[2025-05-23 16:43:24.150] [info]  DiscordSplash.onStateUpdate: {"status":"installing-updates","current":3,"total":6,"progress":67}
[2025-05-23 16:43:24.150] [info]  Splash.onStateUpdate: {"status":"installing-updates","current":3,"total":6,"progress":67}
[2025-05-23 16:43:24.151] [info]  DiscordSplash.onStateUpdate: {"status":"installing-updates","current":3,"total":6,"progress":67}
[2025-05-23 16:43:24.151] [info]  Splash.onStateUpdate: {"status":"installing-updates","current":3,"total":6,"progress":67}
[2025-05-23 16:43:24.151] [info]  DiscordSplash.onStateUpdate: {"status":"installing-updates","current":3,"total":6,"progress":67}
[2025-05-23 16:43:24.151] [info]  Splash.onStateUpdate: {"status":"installing-updates","current":3,"total":6,"progress":67}
[2025-05-23 16:43:24.152] [info]  DiscordSplash.onStateUpdate: {"status":"installing-updates","current":3,"total":6,"progress":67}
[2025-05-23 16:43:24.152] [info]  Splash.onStateUpdate: {"status":"installing-updates","current":3,"total":6,"progress":67}
[2025-05-23 16:43:24.152] [info]  DiscordSplash.onStateUpdate: {"status":"installing-updates","current":3,"total":6,"progress":67}
[2025-05-23 16:43:24.153] [info]  Splash.onStateUpdate: {"status":"installing-updates","current":3,"total":6,"progress":67}
[2025-05-23 16:43:24.153] [info]  DiscordSplash.onStateUpdate: {"status":"installing-updates","current":3,"total":6,"progress":67}
[2025-05-23 16:43:24.154] [info]  Splash.onStateUpdate: {"status":"installing-updates","current":3,"total":6,"progress":67}
[2025-05-23 16:43:24.154] [info]  DiscordSplash.onStateUpdate: {"status":"installing-updates","current":3,"total":6,"progress":68}
[2025-05-23 16:43:24.155] [info]  Splash.onStateUpdate: {"status":"installing-updates","current":3,"total":6,"progress":68}
[2025-05-23 16:43:24.155] [info]  DiscordSplash.onStateUpdate: {"status":"installing-updates","current":3,"total":6,"progress":68}
[2025-05-23 16:43:24.156] [info]  Splash.onStateUpdate: {"status":"installing-updates","current":3,"total":6,"progress":68}
[2025-05-23 16:43:24.156] [info]  DiscordSplash.onStateUpdate: {"status":"installing-updates","current":3,"total":6,"progress":68}
[2025-05-23 16:43:24.157] [info]  Splash.onStateUpdate: {"status":"installing-updates","current":3,"total":6,"progress":68}
[2025-05-23 16:43:24.157] [info]  DiscordSplash.onStateUpdate: {"status":"installing-updates","current":3,"total":6,"progress":68}
[2025-05-23 16:43:24.158] [info]  Splash.onStateUpdate: {"status":"installing-updates","current":3,"total":6,"progress":68}
[2025-05-23 16:43:24.158] [info]  DiscordSplash.onStateUpdate: {"status":"installing-updates","current":3,"total":6,"progress":68}
[2025-05-23 16:43:24.158] [info]  Splash.onStateUpdate: {"status":"installing-updates","current":3,"total":6,"progress":68}
[2025-05-23 16:43:24.159] [info]  DiscordSplash.onStateUpdate: {"status":"installing-updates","current":3,"total":6,"progress":68}
[2025-05-23 16:43:24.159] [info]  Splash.onStateUpdate: {"status":"installing-updates","current":3,"total":6,"progress":68}
[2025-05-23 16:43:24.160] [info]  DiscordSplash.onStateUpdate: {"status":"installing-updates","current":3,"total":6,"progress":69}
[2025-05-23 16:43:24.160] [info]  Splash.onStateUpdate: {"status":"installing-updates","current":3,"total":6,"progress":69}
[2025-05-23 16:43:24.161] [info]  DiscordSplash.onStateUpdate: {"status":"installing-updates","current":3,"total":6,"progress":69}
[2025-05-23 16:43:24.161] [info]  Splash.onStateUpdate: {"status":"installing-updates","current":3,"total":6,"progress":69}
[2025-05-23 16:43:24.162] [info]  DiscordSplash.onStateUpdate: {"status":"installing-updates","current":3,"total":6,"progress":69}
[2025-05-23 16:43:24.162] [info]  Splash.onStateUpdate: {"status":"installing-updates","current":3,"total":6,"progress":69}
[2025-05-23 16:43:24.163] [info]  DiscordSplash.onStateUpdate: {"status":"installing-updates","current":3,"total":6,"progress":69}
[2025-05-23 16:43:24.163] [info]  Splash.onStateUpdate: {"status":"installing-updates","current":3,"total":6,"progress":69}
[2025-05-23 16:43:24.163] [info]  DiscordSplash.onStateUpdate: {"status":"installing-updates","current":3,"total":6,"progress":69}
[2025-05-23 16:43:24.163] [info]  Splash.onStateUpdate: {"status":"installing-updates","current":3,"total":6,"progress":69}
[2025-05-23 16:43:24.164] [info]  DiscordSplash.onStateUpdate: {"status":"installing-updates","current":3,"total":6,"progress":69}
[2025-05-23 16:43:24.164] [info]  Splash.onStateUpdate: {"status":"installing-updates","current":3,"total":6,"progress":69}
[2025-05-23 16:43:24.164] [info]  DiscordSplash.onStateUpdate: {"status":"installing-updates","current":3,"total":6,"progress":70}
[2025-05-23 16:43:24.164] [info]  Splash.onStateUpdate: {"status":"installing-updates","current":3,"total":6,"progress":70}
[2025-05-23 16:43:24.165] [info]  DiscordSplash.onStateUpdate: {"status":"installing-updates","current":3,"total":6,"progress":70}
[2025-05-23 16:43:24.165] [info]  Splash.onStateUpdate: {"status":"installing-updates","current":3,"total":6,"progress":70}
[2025-05-23 16:43:24.166] [info]  DiscordSplash.onStateUpdate: {"status":"installing-updates","current":3,"total":6,"progress":70}
[2025-05-23 16:43:24.166] [info]  Splash.onStateUpdate: {"status":"installing-updates","current":3,"total":6,"progress":70}
[2025-05-23 16:43:24.166] [info]  DiscordSplash.onStateUpdate: {"status":"installing-updates","current":3,"total":6,"progress":70}
[2025-05-23 16:43:24.166] [info]  Splash.onStateUpdate: {"status":"installing-updates","current":3,"total":6,"progress":70}
[2025-05-23 16:43:24.167] [info]  DiscordSplash.onStateUpdate: {"status":"installing-updates","current":3,"total":6,"progress":70}
[2025-05-23 16:43:24.167] [info]  Splash.onStateUpdate: {"status":"installing-updates","current":3,"total":6,"progress":70}
[2025-05-23 16:43:24.168] [info]  DiscordSplash.onStateUpdate: {"status":"installing-updates","current":3,"total":6,"progress":70}
[2025-05-23 16:43:24.168] [info]  Splash.onStateUpdate: {"status":"installing-updates","current":3,"total":6,"progress":70}
[2025-05-23 16:43:24.169] [info]  DiscordSplash.onStateUpdate: {"status":"installing-updates","current":3,"total":6,"progress":70}
[2025-05-23 16:43:24.169] [info]  Splash.onStateUpdate: {"status":"installing-updates","current":3,"total":6,"progress":70}
[2025-05-23 16:43:24.170] [info]  DiscordSplash.onStateUpdate: {"status":"installing-updates","current":3,"total":6,"progress":71}
[2025-05-23 16:43:24.170] [info]  Splash.onStateUpdate: {"status":"installing-updates","current":3,"total":6,"progress":71}
[2025-05-23 16:43:24.171] [info]  DiscordSplash.onStateUpdate: {"status":"installing-updates","current":3,"total":6,"progress":71}
[2025-05-23 16:43:24.171] [info]  Splash.onStateUpdate: {"status":"installing-updates","current":3,"total":6,"progress":71}
[2025-05-23 16:43:24.172] [info]  DiscordSplash.onStateUpdate: {"status":"installing-updates","current":3,"total":6,"progress":71}
[2025-05-23 16:43:24.172] [info]  Splash.onStateUpdate: {"status":"installing-updates","current":3,"total":6,"progress":71}
[2025-05-23 16:43:24.173] [info]  DiscordSplash.onStateUpdate: {"status":"installing-updates","current":3,"total":6,"progress":71}
[2025-05-23 16:43:24.173] [info]  Splash.onStateUpdate: {"status":"installing-updates","current":3,"total":6,"progress":71}
[2025-05-23 16:43:24.173] [info]  DiscordSplash.onStateUpdate: {"status":"installing-updates","current":3,"total":6,"progress":71}
[2025-05-23 16:43:24.174] [info]  Splash.onStateUpdate: {"status":"installing-updates","current":3,"total":6,"progress":71}
[2025-05-23 16:43:24.174] [info]  DiscordSplash.onStateUpdate: {"status":"installing-updates","current":3,"total":6,"progress":71}
[2025-05-23 16:43:24.174] [info]  Splash.onStateUpdate: {"status":"installing-updates","current":3,"total":6,"progress":71}
[2025-05-23 16:43:24.175] [info]  DiscordSplash.onStateUpdate: {"status":"installing-updates","current":3,"total":6,"progress":72}
[2025-05-23 16:43:24.175] [info]  Splash.onStateUpdate: {"status":"installing-updates","current":3,"total":6,"progress":72}
[2025-05-23 16:43:24.175] [info]  DiscordSplash.onStateUpdate: {"status":"installing-updates","current":3,"total":6,"progress":72}
[2025-05-23 16:43:24.175] [info]  Splash.onStateUpdate: {"status":"installing-updates","current":3,"total":6,"progress":72}
[2025-05-23 16:43:24.176] [info]  DiscordSplash.onStateUpdate: {"status":"installing-updates","current":3,"total":6,"progress":72}
[2025-05-23 16:43:24.176] [info]  Splash.onStateUpdate: {"status":"installing-updates","current":3,"total":6,"progress":72}
[2025-05-23 16:43:24.176] [info]  DiscordSplash.onStateUpdate: {"status":"installing-updates","current":3,"total":6,"progress":72}
[2025-05-23 16:43:24.176] [info]  Splash.onStateUpdate: {"status":"installing-updates","current":3,"total":6,"progress":72}
[2025-05-23 16:43:24.177] [info]  DiscordSplash.onStateUpdate: {"status":"installing-updates","current":3,"total":6,"progress":72}
[2025-05-23 16:43:24.177] [info]  Splash.onStateUpdate: {"status":"installing-updates","current":3,"total":6,"progress":72}
[2025-05-23 16:43:24.177] [info]  DiscordSplash.onStateUpdate: {"status":"installing-updates","current":3,"total":6,"progress":72}
[2025-05-23 16:43:24.178] [info]  Splash.onStateUpdate: {"status":"installing-updates","current":3,"total":6,"progress":72}
[2025-05-23 16:43:24.178] [info]  DiscordSplash.onStateUpdate: {"status":"installing-updates","current":3,"total":6,"progress":73}
[2025-05-23 16:43:24.178] [info]  Splash.onStateUpdate: {"status":"installing-updates","current":3,"total":6,"progress":73}
[2025-05-23 16:43:24.178] [info]  DiscordSplash.onStateUpdate: {"status":"installing-updates","current":3,"total":6,"progress":73}
[2025-05-23 16:43:24.179] [info]  Splash.onStateUpdate: {"status":"installing-updates","current":3,"total":6,"progress":73}
[2025-05-23 16:43:24.179] [info]  DiscordSplash.onStateUpdate: {"status":"installing-updates","current":3,"total":6,"progress":73}
[2025-05-23 16:43:24.179] [info]  Splash.onStateUpdate: {"status":"installing-updates","current":3,"total":6,"progress":73}
[2025-05-23 16:43:24.180] [info]  DiscordSplash.onStateUpdate: {"status":"installing-updates","current":3,"total":6,"progress":73}
[2025-05-23 16:43:24.180] [info]  Splash.onStateUpdate: {"status":"installing-updates","current":3,"total":6,"progress":73}
[2025-05-23 16:43:24.180] [info]  DiscordSplash.onStateUpdate: {"status":"installing-updates","current":3,"total":6,"progress":73}
[2025-05-23 16:43:24.180] [info]  Splash.onStateUpdate: {"status":"installing-updates","current":3,"total":6,"progress":73}
[2025-05-23 16:43:24.181] [info]  DiscordSplash.onStateUpdate: {"status":"installing-updates","current":3,"total":6,"progress":73}
[2025-05-23 16:43:24.181] [info]  Splash.onStateUpdate: {"status":"installing-updates","current":3,"total":6,"progress":73}
[2025-05-23 16:43:24.181] [info]  DiscordSplash.onStateUpdate: {"status":"installing-updates","current":3,"total":6,"progress":74}
[2025-05-23 16:43:24.181] [info]  Splash.onStateUpdate: {"status":"installing-updates","current":3,"total":6,"progress":74}
[2025-05-23 16:43:24.182] [info]  DiscordSplash.onStateUpdate: {"status":"installing-updates","current":3,"total":6,"progress":74}
[2025-05-23 16:43:24.182] [info]  Splash.onStateUpdate: {"status":"installing-updates","current":3,"total":6,"progress":74}
[2025-05-23 16:43:24.182] [info]  DiscordSplash.onStateUpdate: {"status":"installing-updates","current":3,"total":6,"progress":74}
[2025-05-23 16:43:24.182] [info]  Splash.onStateUpdate: {"status":"installing-updates","current":3,"total":6,"progress":74}
[2025-05-23 16:43:24.183] [info]  DiscordSplash.onStateUpdate: {"status":"installing-updates","current":3,"total":6,"progress":74}
[2025-05-23 16:43:24.183] [info]  Splash.onStateUpdate: {"status":"installing-updates","current":3,"total":6,"progress":74}
[2025-05-23 16:43:24.183] [info]  DiscordSplash.onStateUpdate: {"status":"installing-updates","current":3,"total":6,"progress":74}
[2025-05-23 16:43:24.183] [info]  Splash.onStateUpdate: {"status":"installing-updates","current":3,"total":6,"progress":74}
[2025-05-23 16:43:24.184] [info]  DiscordSplash.onStateUpdate: {"status":"installing-updates","current":3,"total":6,"progress":74}
[2025-05-23 16:43:24.184] [info]  Splash.onStateUpdate: {"status":"installing-updates","current":3,"total":6,"progress":74}
[2025-05-23 16:43:24.184] [info]  DiscordSplash.onStateUpdate: {"status":"installing-updates","current":3,"total":6,"progress":75}
[2025-05-23 16:43:24.184] [info]  Splash.onStateUpdate: {"status":"installing-updates","current":3,"total":6,"progress":75}
[2025-05-23 16:43:24.185] [info]  DiscordSplash.onStateUpdate: {"status":"installing-updates","current":3,"total":6,"progress":75}
[2025-05-23 16:43:24.185] [info]  Splash.onStateUpdate: {"status":"installing-updates","current":3,"total":6,"progress":75}
[2025-05-23 16:43:24.185] [info]  DiscordSplash.onStateUpdate: {"status":"installing-updates","current":3,"total":6,"progress":75}
[2025-05-23 16:43:24.185] [info]  Splash.onStateUpdate: {"status":"installing-updates","current":3,"total":6,"progress":75}
[2025-05-23 16:43:24.186] [info]  DiscordSplash.onStateUpdate: {"status":"installing-updates","current":3,"total":6,"progress":75}
[2025-05-23 16:43:24.186] [info]  Splash.onStateUpdate: {"status":"installing-updates","current":3,"total":6,"progress":75}
[2025-05-23 16:43:24.186] [info]  DiscordSplash.onStateUpdate: {"status":"installing-updates","current":3,"total":6,"progress":75}
[2025-05-23 16:43:24.186] [info]  Splash.onStateUpdate: {"status":"installing-updates","current":3,"total":6,"progress":75}
[2025-05-23 16:43:24.187] [info]  DiscordSplash.onStateUpdate: {"status":"installing-updates","current":3,"total":6,"progress":75}
[2025-05-23 16:43:24.187] [info]  Splash.onStateUpdate: {"status":"installing-updates","current":3,"total":6,"progress":75}
[2025-05-23 16:43:24.187] [info]  DiscordSplash.onStateUpdate: {"status":"installing-updates","current":3,"total":6,"progress":76}
[2025-05-23 16:43:24.187] [info]  Splash.onStateUpdate: {"status":"installing-updates","current":3,"total":6,"progress":76}
[2025-05-23 16:43:24.188] [info]  DiscordSplash.onStateUpdate: {"status":"installing-updates","current":3,"total":6,"progress":76}
[2025-05-23 16:43:24.188] [info]  Splash.onStateUpdate: {"status":"installing-updates","current":3,"total":6,"progress":76}
[2025-05-23 16:43:24.188] [info]  DiscordSplash.onStateUpdate: {"status":"installing-updates","current":3,"total":6,"progress":76}
[2025-05-23 16:43:24.188] [info]  Splash.onStateUpdate: {"status":"installing-updates","current":3,"total":6,"progress":76}
[2025-05-23 16:43:24.189] [info]  DiscordSplash.onStateUpdate: {"status":"installing-updates","current":3,"total":6,"progress":76}
[2025-05-23 16:43:24.189] [info]  Splash.onStateUpdate: {"status":"installing-updates","current":3,"total":6,"progress":76}
[2025-05-23 16:43:24.189] [info]  DiscordSplash.onStateUpdate: {"status":"installing-updates","current":3,"total":6,"progress":76}
[2025-05-23 16:43:24.189] [info]  Splash.onStateUpdate: {"status":"installing-updates","current":3,"total":6,"progress":76}
[2025-05-23 16:43:24.190] [info]  DiscordSplash.onStateUpdate: {"status":"installing-updates","current":3,"total":6,"progress":76}
[2025-05-23 16:43:24.190] [info]  Splash.onStateUpdate: {"status":"installing-updates","current":3,"total":6,"progress":76}
[2025-05-23 16:43:24.190] [info]  DiscordSplash.onStateUpdate: {"status":"installing-updates","current":3,"total":6,"progress":76}
[2025-05-23 16:43:24.190] [info]  Splash.onStateUpdate: {"status":"installing-updates","current":3,"total":6,"progress":76}
[2025-05-23 16:43:24.190] [info]  DiscordSplash.onStateUpdate: {"status":"installing-updates","current":3,"total":6,"progress":77}
[2025-05-23 16:43:24.191] [info]  Splash.onStateUpdate: {"status":"installing-updates","current":3,"total":6,"progress":77}
[2025-05-23 16:43:24.191] [info]  DiscordSplash.onStateUpdate: {"status":"installing-updates","current":3,"total":6,"progress":77}
[2025-05-23 16:43:24.191] [info]  Splash.onStateUpdate: {"status":"installing-updates","current":3,"total":6,"progress":77}
[2025-05-23 16:43:24.191] [info]  DiscordSplash.onStateUpdate: {"status":"installing-updates","current":3,"total":6,"progress":77}
[2025-05-23 16:43:24.191] [info]  Splash.onStateUpdate: {"status":"installing-updates","current":3,"total":6,"progress":77}
[2025-05-23 16:43:24.192] [info]  DiscordSplash.onStateUpdate: {"status":"installing-updates","current":3,"total":6,"progress":77}
[2025-05-23 16:43:24.192] [info]  Splash.onStateUpdate: {"status":"installing-updates","current":3,"total":6,"progress":77}
[2025-05-23 16:43:24.192] [info]  DiscordSplash.onStateUpdate: {"status":"installing-updates","current":3,"total":6,"progress":77}
[2025-05-23 16:43:24.192] [info]  Splash.onStateUpdate: {"status":"installing-updates","current":3,"total":6,"progress":77}
[2025-05-23 16:43:24.193] [info]  DiscordSplash.onStateUpdate: {"status":"installing-updates","current":3,"total":6,"progress":77}
[2025-05-23 16:43:24.193] [info]  Splash.onStateUpdate: {"status":"installing-updates","current":3,"total":6,"progress":77}
[2025-05-23 16:43:24.193] [info]  DiscordSplash.onStateUpdate: {"status":"installing-updates","current":3,"total":6,"progress":78}
[2025-05-23 16:43:24.193] [info]  Splash.onStateUpdate: {"status":"installing-updates","current":3,"total":6,"progress":78}
[2025-05-23 16:43:24.194] [info]  DiscordSplash.onStateUpdate: {"status":"installing-updates","current":3,"total":6,"progress":78}
[2025-05-23 16:43:24.194] [info]  Splash.onStateUpdate: {"status":"installing-updates","current":3,"total":6,"progress":78}
[2025-05-23 16:43:24.194] [info]  DiscordSplash.onStateUpdate: {"status":"installing-updates","current":3,"total":6,"progress":78}
[2025-05-23 16:43:24.194] [info]  Splash.onStateUpdate: {"status":"installing-updates","current":3,"total":6,"progress":78}
[2025-05-23 16:43:24.195] [info]  DiscordSplash.onStateUpdate: {"status":"installing-updates","current":3,"total":6,"progress":78}
[2025-05-23 16:43:24.195] [info]  Splash.onStateUpdate: {"status":"installing-updates","current":3,"total":6,"progress":78}
[2025-05-23 16:43:24.195] [info]  DiscordSplash.onStateUpdate: {"status":"installing-updates","current":3,"total":6,"progress":78}
[2025-05-23 16:43:24.195] [info]  Splash.onStateUpdate: {"status":"installing-updates","current":3,"total":6,"progress":78}
[2025-05-23 16:43:24.196] [info]  DiscordSplash.onStateUpdate: {"status":"installing-updates","current":3,"total":6,"progress":78}
[2025-05-23 16:43:24.196] [info]  Splash.onStateUpdate: {"status":"installing-updates","current":3,"total":6,"progress":78}
[2025-05-23 16:43:24.196] [info]  DiscordSplash.onStateUpdate: {"status":"installing-updates","current":3,"total":6,"progress":79}
[2025-05-23 16:43:24.196] [info]  Splash.onStateUpdate: {"status":"installing-updates","current":3,"total":6,"progress":79}
[2025-05-23 16:43:24.197] [info]  DiscordSplash.onStateUpdate: {"status":"installing-updates","current":3,"total":6,"progress":79}
[2025-05-23 16:43:24.197] [info]  Splash.onStateUpdate: {"status":"installing-updates","current":3,"total":6,"progress":79}
[2025-05-23 16:43:24.197] [info]  DiscordSplash.onStateUpdate: {"status":"installing-updates","current":3,"total":6,"progress":79}
[2025-05-23 16:43:24.197] [info]  Splash.onStateUpdate: {"status":"installing-updates","current":3,"total":6,"progress":79}
[2025-05-23 16:43:24.197] [info]  DiscordSplash.onStateUpdate: {"status":"installing-updates","current":3,"total":6,"progress":79}
[2025-05-23 16:43:24.198] [info]  Splash.onStateUpdate: {"status":"installing-updates","current":3,"total":6,"progress":79}
[2025-05-23 16:43:24.198] [info]  DiscordSplash.onStateUpdate: {"status":"installing-updates","current":3,"total":6,"progress":79}
[2025-05-23 16:43:24.198] [info]  Splash.onStateUpdate: {"status":"installing-updates","current":3,"total":6,"progress":79}
[2025-05-23 16:43:24.198] [info]  DiscordSplash.onStateUpdate: {"status":"installing-updates","current":3,"total":6,"progress":79}
[2025-05-23 16:43:24.198] [info]  Splash.onStateUpdate: {"status":"installing-updates","current":3,"total":6,"progress":79}
[2025-05-23 16:43:24.199] [info]  DiscordSplash.onStateUpdate: {"status":"installing-updates","current":3,"total":6,"progress":80}
[2025-05-23 16:43:24.199] [info]  Splash.onStateUpdate: {"status":"installing-updates","current":3,"total":6,"progress":80}
[2025-05-23 16:43:24.199] [info]  DiscordSplash.onStateUpdate: {"status":"installing-updates","current":3,"total":6,"progress":80}
[2025-05-23 16:43:24.199] [info]  Splash.onStateUpdate: {"status":"installing-updates","current":3,"total":6,"progress":80}
[2025-05-23 16:43:24.200] [info]  DiscordSplash.onStateUpdate: {"status":"installing-updates","current":3,"total":6,"progress":80}
[2025-05-23 16:43:24.200] [info]  Splash.onStateUpdate: {"status":"installing-updates","current":3,"total":6,"progress":80}
[2025-05-23 16:43:24.201] [info]  DiscordSplash.onStateUpdate: {"status":"installing-updates","current":3,"total":6,"progress":80}
[2025-05-23 16:43:24.201] [info]  Splash.onStateUpdate: {"status":"installing-updates","current":3,"total":6,"progress":80}
[2025-05-23 16:43:24.202] [info]  DiscordSplash.onStateUpdate: {"status":"installing-updates","current":3,"total":6,"progress":80}
[2025-05-23 16:43:24.202] [info]  Splash.onStateUpdate: {"status":"installing-updates","current":3,"total":6,"progress":80}
[2025-05-23 16:43:24.203] [info]  DiscordSplash.onStateUpdate: {"status":"installing-updates","current":3,"total":6,"progress":80}
[2025-05-23 16:43:24.203] [info]  Splash.onStateUpdate: {"status":"installing-updates","current":3,"total":6,"progress":80}
[2025-05-23 16:43:24.203] [info]  DiscordSplash.onStateUpdate: {"status":"installing-updates","current":3,"total":6,"progress":81}
[2025-05-23 16:43:24.203] [info]  Splash.onStateUpdate: {"status":"installing-updates","current":3,"total":6,"progress":81}
[2025-05-23 16:43:24.204] [info]  DiscordSplash.onStateUpdate: {"status":"installing-updates","current":3,"total":6,"progress":81}
[2025-05-23 16:43:24.204] [info]  Splash.onStateUpdate: {"status":"installing-updates","current":3,"total":6,"progress":81}
[2025-05-23 16:43:24.204] [info]  DiscordSplash.onStateUpdate: {"status":"installing-updates","current":3,"total":6,"progress":81}
[2025-05-23 16:43:24.204] [info]  Splash.onStateUpdate: {"status":"installing-updates","current":3,"total":6,"progress":81}
[2025-05-23 16:43:24.205] [info]  DiscordSplash.onStateUpdate: {"status":"installing-updates","current":3,"total":6,"progress":81}
[2025-05-23 16:43:24.205] [info]  Splash.onStateUpdate: {"status":"installing-updates","current":3,"total":6,"progress":81}
[2025-05-23 16:43:24.205] [info]  DiscordSplash.onStateUpdate: {"status":"installing-updates","current":3,"total":6,"progress":81}
[2025-05-23 16:43:24.206] [info]  Splash.onStateUpdate: {"status":"installing-updates","current":3,"total":6,"progress":81}
[2025-05-23 16:43:24.207] [info]  DiscordSplash.onStateUpdate: {"status":"installing-updates","current":3,"total":6,"progress":81}
[2025-05-23 16:43:24.207] [info]  Splash.onStateUpdate: {"status":"installing-updates","current":3,"total":6,"progress":81}
[2025-05-23 16:43:24.207] [info]  DiscordSplash.onStateUpdate: {"status":"installing-updates","current":3,"total":6,"progress":82}
[2025-05-23 16:43:24.207] [info]  Splash.onStateUpdate: {"status":"installing-updates","current":3,"total":6,"progress":82}
[2025-05-23 16:43:24.208] [info]  DiscordSplash.onStateUpdate: {"status":"installing-updates","current":3,"total":6,"progress":82}
[2025-05-23 16:43:24.208] [info]  Splash.onStateUpdate: {"status":"installing-updates","current":3,"total":6,"progress":82}
[2025-05-23 16:43:24.209] [info]  DiscordSplash.onStateUpdate: {"status":"installing-updates","current":3,"total":6,"progress":82}
[2025-05-23 16:43:24.209] [info]  Splash.onStateUpdate: {"status":"installing-updates","current":3,"total":6,"progress":82}
[2025-05-23 16:43:24.210] [info]  DiscordSplash.onStateUpdate: {"status":"installing-updates","current":3,"total":6,"progress":82}
[2025-05-23 16:43:24.210] [info]  Splash.onStateUpdate: {"status":"installing-updates","current":3,"total":6,"progress":82}
[2025-05-23 16:43:24.210] [info]  DiscordSplash.onStateUpdate: {"status":"installing-updates","current":3,"total":6,"progress":82}
[2025-05-23 16:43:24.210] [info]  Splash.onStateUpdate: {"status":"installing-updates","current":3,"total":6,"progress":82}
[2025-05-23 16:43:24.210] [info]  DiscordSplash.onStateUpdate: {"status":"installing-updates","current":3,"total":6,"progress":82}
[2025-05-23 16:43:24.211] [info]  Splash.onStateUpdate: {"status":"installing-updates","current":3,"total":6,"progress":82}
[2025-05-23 16:43:24.211] [info]  DiscordSplash.onStateUpdate: {"status":"installing-updates","current":3,"total":6,"progress":82}
[2025-05-23 16:43:24.211] [info]  Splash.onStateUpdate: {"status":"installing-updates","current":3,"total":6,"progress":82}
[2025-05-23 16:43:24.211] [info]  DiscordSplash.onStateUpdate: {"status":"installing-updates","current":3,"total":6,"progress":83}
[2025-05-23 16:43:24.211] [info]  Splash.onStateUpdate: {"status":"installing-updates","current":3,"total":6,"progress":83}
[2025-05-23 16:43:24.212] [info]  DiscordSplash.onStateUpdate: {"status":"installing-updates","current":3,"total":6,"progress":83}
[2025-05-23 16:43:24.212] [info]  Splash.onStateUpdate: {"status":"installing-updates","current":3,"total":6,"progress":83}
[2025-05-23 16:43:24.212] [info]  DiscordSplash.onStateUpdate: {"status":"installing-updates","current":3,"total":6,"progress":83}
[2025-05-23 16:43:24.212] [info]  Splash.onStateUpdate: {"status":"installing-updates","current":3,"total":6,"progress":83}
[2025-05-23 16:43:24.213] [info]  DiscordSplash.onStateUpdate: {"status":"installing-updates","current":3,"total":6,"progress":83}
[2025-05-23 16:43:24.213] [info]  Splash.onStateUpdate: {"status":"installing-updates","current":3,"total":6,"progress":83}
[2025-05-23 16:43:24.213] [info]  DiscordSplash.onStateUpdate: {"status":"installing-updates","current":3,"total":6,"progress":83}
[2025-05-23 16:43:24.213] [info]  Splash.onStateUpdate: {"status":"installing-updates","current":3,"total":6,"progress":83}
[2025-05-23 16:43:24.214] [info]  DiscordSplash.onStateUpdate: {"status":"installing-updates","current":3,"total":6,"progress":83}
[2025-05-23 16:43:24.214] [info]  Splash.onStateUpdate: {"status":"installing-updates","current":3,"total":6,"progress":83}
[2025-05-23 16:43:24.214] [info]  DiscordSplash.onStateUpdate: {"status":"installing-updates","current":3,"total":6,"progress":84}
[2025-05-23 16:43:24.214] [info]  Splash.onStateUpdate: {"status":"installing-updates","current":3,"total":6,"progress":84}
[2025-05-23 16:43:24.215] [info]  DiscordSplash.onStateUpdate: {"status":"installing-updates","current":3,"total":6,"progress":84}
[2025-05-23 16:43:24.215] [info]  Splash.onStateUpdate: {"status":"installing-updates","current":3,"total":6,"progress":84}
[2025-05-23 16:43:24.215] [info]  DiscordSplash.onStateUpdate: {"status":"installing-updates","current":3,"total":6,"progress":84}
[2025-05-23 16:43:24.215] [info]  Splash.onStateUpdate: {"status":"installing-updates","current":3,"total":6,"progress":84}
[2025-05-23 16:43:24.216] [info]  DiscordSplash.onStateUpdate: {"status":"installing-updates","current":3,"total":6,"progress":84}
[2025-05-23 16:43:24.216] [info]  Splash.onStateUpdate: {"status":"installing-updates","current":3,"total":6,"progress":84}
[2025-05-23 16:43:24.217] [info]  DiscordSplash.onStateUpdate: {"status":"installing-updates","current":3,"total":6,"progress":84}
[2025-05-23 16:43:24.217] [info]  Splash.onStateUpdate: {"status":"installing-updates","current":3,"total":6,"progress":84}
[2025-05-23 16:43:24.218] [info]  DiscordSplash.onStateUpdate: {"status":"installing-updates","current":3,"total":6,"progress":84}
[2025-05-23 16:43:24.218] [info]  Splash.onStateUpdate: {"status":"installing-updates","current":3,"total":6,"progress":84}
[2025-05-23 16:43:24.219] [info]  DiscordSplash.onStateUpdate: {"status":"installing-updates","current":3,"total":6,"progress":85}
[2025-05-23 16:43:24.219] [info]  Splash.onStateUpdate: {"status":"installing-updates","current":3,"total":6,"progress":85}
[2025-05-23 16:43:24.220] [info]  DiscordSplash.onStateUpdate: {"status":"installing-updates","current":3,"total":6,"progress":85}
[2025-05-23 16:43:24.220] [info]  Splash.onStateUpdate: {"status":"installing-updates","current":3,"total":6,"progress":85}
[2025-05-23 16:43:24.221] [info]  DiscordSplash.onStateUpdate: {"status":"installing-updates","current":3,"total":6,"progress":85}
[2025-05-23 16:43:24.221] [info]  Splash.onStateUpdate: {"status":"installing-updates","current":3,"total":6,"progress":85}
[2025-05-23 16:43:24.222] [info]  DiscordSplash.onStateUpdate: {"status":"installing-updates","current":3,"total":6,"progress":85}
[2025-05-23 16:43:24.222] [info]  Splash.onStateUpdate: {"status":"installing-updates","current":3,"total":6,"progress":85}
[2025-05-23 16:43:24.223] [info]  DiscordSplash.onStateUpdate: {"status":"installing-updates","current":3,"total":6,"progress":85}
[2025-05-23 16:43:24.223] [info]  Splash.onStateUpdate: {"status":"installing-updates","current":3,"total":6,"progress":85}
[2025-05-23 16:43:24.224] [info]  DiscordSplash.onStateUpdate: {"status":"installing-updates","current":3,"total":6,"progress":85}
[2025-05-23 16:43:24.224] [info]  Splash.onStateUpdate: {"status":"installing-updates","current":3,"total":6,"progress":85}
[2025-05-23 16:43:24.225] [info]  DiscordSplash.onStateUpdate: {"status":"installing-updates","current":3,"total":6,"progress":86}
[2025-05-23 16:43:24.225] [info]  Splash.onStateUpdate: {"status":"installing-updates","current":3,"total":6,"progress":86}
[2025-05-23 16:43:24.226] [info]  DiscordSplash.onStateUpdate: {"status":"installing-updates","current":3,"total":6,"progress":86}
[2025-05-23 16:43:24.226] [info]  Splash.onStateUpdate: {"status":"installing-updates","current":3,"total":6,"progress":86}
[2025-05-23 16:43:24.227] [info]  DiscordSplash.onStateUpdate: {"status":"installing-updates","current":3,"total":6,"progress":86}
[2025-05-23 16:43:24.227] [info]  Splash.onStateUpdate: {"status":"installing-updates","current":3,"total":6,"progress":86}
[2025-05-23 16:43:24.228] [info]  DiscordSplash.onStateUpdate: {"status":"installing-updates","current":3,"total":6,"progress":86}
[2025-05-23 16:43:24.228] [info]  Splash.onStateUpdate: {"status":"installing-updates","current":3,"total":6,"progress":86}
[2025-05-23 16:43:24.229] [info]  DiscordSplash.onStateUpdate: {"status":"installing-updates","current":3,"total":6,"progress":86}
[2025-05-23 16:43:24.229] [info]  Splash.onStateUpdate: {"status":"installing-updates","current":3,"total":6,"progress":86}
[2025-05-23 16:43:24.229] [info]  DiscordSplash.onStateUpdate: {"status":"installing-updates","current":3,"total":6,"progress":86}
[2025-05-23 16:43:24.230] [info]  Splash.onStateUpdate: {"status":"installing-updates","current":3,"total":6,"progress":86}
[2025-05-23 16:43:24.230] [info]  DiscordSplash.onStateUpdate: {"status":"installing-updates","current":3,"total":6,"progress":87}
[2025-05-23 16:43:24.231] [info]  Splash.onStateUpdate: {"status":"installing-updates","current":3,"total":6,"progress":87}
[2025-05-23 16:43:24.232] [info]  DiscordSplash.onStateUpdate: {"status":"installing-updates","current":3,"total":6,"progress":87}
[2025-05-23 16:43:24.232] [info]  Splash.onStateUpdate: {"status":"installing-updates","current":3,"total":6,"progress":87}
[2025-05-23 16:43:24.233] [info]  DiscordSplash.onStateUpdate: {"status":"installing-updates","current":3,"total":6,"progress":87}
[2025-05-23 16:43:24.233] [info]  Splash.onStateUpdate: {"status":"installing-updates","current":3,"total":6,"progress":87}
[2025-05-23 16:43:24.234] [info]  DiscordSplash.onStateUpdate: {"status":"installing-updates","current":3,"total":6,"progress":87}
[2025-05-23 16:43:24.235] [info]  Splash.onStateUpdate: {"status":"installing-updates","current":3,"total":6,"progress":87}
[2025-05-23 16:43:24.235] [info]  DiscordSplash.onStateUpdate: {"status":"installing-updates","current":3,"total":6,"progress":87}
[2025-05-23 16:43:24.235] [info]  Splash.onStateUpdate: {"status":"installing-updates","current":3,"total":6,"progress":87}
[2025-05-23 16:43:24.236] [info]  DiscordSplash.onStateUpdate: {"status":"installing-updates","current":3,"total":6,"progress":87}
[2025-05-23 16:43:24.236] [info]  Splash.onStateUpdate: {"status":"installing-updates","current":3,"total":6,"progress":87}
[2025-05-23 16:43:24.237] [info]  DiscordSplash.onStateUpdate: {"status":"installing-updates","current":3,"total":6,"progress":88}
[2025-05-23 16:43:24.237] [info]  Splash.onStateUpdate: {"status":"installing-updates","current":3,"total":6,"progress":88}
[2025-05-23 16:43:24.238] [info]  DiscordSplash.onStateUpdate: {"status":"installing-updates","current":3,"total":6,"progress":88}
[2025-05-23 16:43:24.238] [info]  Splash.onStateUpdate: {"status":"installing-updates","current":3,"total":6,"progress":88}
[2025-05-23 16:43:24.238] [info]  DiscordSplash.onStateUpdate: {"status":"installing-updates","current":3,"total":6,"progress":88}
[2025-05-23 16:43:24.239] [info]  Splash.onStateUpdate: {"status":"installing-updates","current":3,"total":6,"progress":88}
[2025-05-23 16:43:24.239] [info]  DiscordSplash.onStateUpdate: {"status":"installing-updates","current":3,"total":6,"progress":88}
[2025-05-23 16:43:24.240] [info]  Splash.onStateUpdate: {"status":"installing-updates","current":3,"total":6,"progress":88}
[2025-05-23 16:43:24.240] [info]  DiscordSplash.onStateUpdate: {"status":"installing-updates","current":3,"total":6,"progress":88}
[2025-05-23 16:43:24.241] [info]  Splash.onStateUpdate: {"status":"installing-updates","current":3,"total":6,"progress":88}
[2025-05-23 16:43:24.241] [info]  DiscordSplash.onStateUpdate: {"status":"installing-updates","current":3,"total":6,"progress":88}
[2025-05-23 16:43:24.242] [info]  Splash.onStateUpdate: {"status":"installing-updates","current":3,"total":6,"progress":88}
[2025-05-23 16:43:24.242] [info]  DiscordSplash.onStateUpdate: {"status":"installing-updates","current":3,"total":6,"progress":88}
[2025-05-23 16:43:24.242] [info]  Splash.onStateUpdate: {"status":"installing-updates","current":3,"total":6,"progress":88}
[2025-05-23 16:43:24.243] [info]  DiscordSplash.onStateUpdate: {"status":"installing-updates","current":3,"total":6,"progress":89}
[2025-05-23 16:43:24.243] [info]  Splash.onStateUpdate: {"status":"installing-updates","current":3,"total":6,"progress":89}
[2025-05-23 16:43:24.244] [info]  DiscordSplash.onStateUpdate: {"status":"installing-updates","current":3,"total":6,"progress":89}
[2025-05-23 16:43:24.244] [info]  Splash.onStateUpdate: {"status":"installing-updates","current":3,"total":6,"progress":89}
[2025-05-23 16:43:24.244] [info]  DiscordSplash.onStateUpdate: {"status":"installing-updates","current":3,"total":6,"progress":89}
[2025-05-23 16:43:24.245] [info]  Splash.onStateUpdate: {"status":"installing-updates","current":3,"total":6,"progress":89}
[2025-05-23 16:43:24.245] [info]  DiscordSplash.onStateUpdate: {"status":"installing-updates","current":3,"total":6,"progress":89}
[2025-05-23 16:43:24.245] [info]  Splash.onStateUpdate: {"status":"installing-updates","current":3,"total":6,"progress":89}
[2025-05-23 16:43:24.246] [info]  DiscordSplash.onStateUpdate: {"status":"installing-updates","current":3,"total":6,"progress":89}
[2025-05-23 16:43:24.246] [info]  Splash.onStateUpdate: {"status":"installing-updates","current":3,"total":6,"progress":89}
[2025-05-23 16:43:24.246] [info]  DiscordSplash.onStateUpdate: {"status":"installing-updates","current":3,"total":6,"progress":89}
[2025-05-23 16:43:24.247] [info]  Splash.onStateUpdate: {"status":"installing-updates","current":3,"total":6,"progress":89}
[2025-05-23 16:43:24.247] [info]  DiscordSplash.onStateUpdate: {"status":"installing-updates","current":3,"total":6,"progress":90}
[2025-05-23 16:43:24.247] [info]  Splash.onStateUpdate: {"status":"installing-updates","current":3,"total":6,"progress":90}
[2025-05-23 16:43:24.247] [info]  DiscordSplash.onStateUpdate: {"status":"installing-updates","current":3,"total":6,"progress":90}
[2025-05-23 16:43:24.248] [info]  Splash.onStateUpdate: {"status":"installing-updates","current":3,"total":6,"progress":90}
[2025-05-23 16:43:24.248] [info]  DiscordSplash.onStateUpdate: {"status":"installing-updates","current":3,"total":6,"progress":90}
[2025-05-23 16:43:24.248] [info]  Splash.onStateUpdate: {"status":"installing-updates","current":3,"total":6,"progress":90}
[2025-05-23 16:43:24.249] [info]  DiscordSplash.onStateUpdate: {"status":"installing-updates","current":3,"total":6,"progress":90}
[2025-05-23 16:43:24.249] [info]  Splash.onStateUpdate: {"status":"installing-updates","current":3,"total":6,"progress":90}
[2025-05-23 16:43:24.250] [info]  DiscordSplash.onStateUpdate: {"status":"installing-updates","current":3,"total":6,"progress":90}
[2025-05-23 16:43:24.250] [info]  Splash.onStateUpdate: {"status":"installing-updates","current":3,"total":6,"progress":90}
[2025-05-23 16:43:24.251] [info]  DiscordSplash.onStateUpdate: {"status":"installing-updates","current":3,"total":6,"progress":90}
[2025-05-23 16:43:24.251] [info]  Splash.onStateUpdate: {"status":"installing-updates","current":3,"total":6,"progress":90}
[2025-05-23 16:43:24.252] [info]  DiscordSplash.onStateUpdate: {"status":"installing-updates","current":3,"total":6,"progress":91}
[2025-05-23 16:43:24.252] [info]  Splash.onStateUpdate: {"status":"installing-updates","current":3,"total":6,"progress":91}
[2025-05-23 16:43:24.252] [info]  DiscordSplash.onStateUpdate: {"status":"installing-updates","current":3,"total":6,"progress":91}
[2025-05-23 16:43:24.252] [info]  Splash.onStateUpdate: {"status":"installing-updates","current":3,"total":6,"progress":91}
[2025-05-23 16:43:24.253] [info]  DiscordSplash.onStateUpdate: {"status":"installing-updates","current":3,"total":6,"progress":91}
[2025-05-23 16:43:24.253] [info]  Splash.onStateUpdate: {"status":"installing-updates","current":3,"total":6,"progress":91}
[2025-05-23 16:43:24.254] [info]  DiscordSplash.onStateUpdate: {"status":"installing-updates","current":3,"total":6,"progress":91}
[2025-05-23 16:43:24.254] [info]  Splash.onStateUpdate: {"status":"installing-updates","current":3,"total":6,"progress":91}
[2025-05-23 16:43:24.255] [info]  DiscordSplash.onStateUpdate: {"status":"installing-updates","current":3,"total":6,"progress":91}
[2025-05-23 16:43:24.255] [info]  Splash.onStateUpdate: {"status":"installing-updates","current":3,"total":6,"progress":91}
[2025-05-23 16:43:24.257] [info]  DiscordSplash.onStateUpdate: {"status":"installing-updates","current":3,"total":6,"progress":91}
[2025-05-23 16:43:24.257] [info]  Splash.onStateUpdate: {"status":"installing-updates","current":3,"total":6,"progress":91}
[2025-05-23 16:43:24.258] [info]  DiscordSplash.onStateUpdate: {"status":"installing-updates","current":3,"total":6,"progress":92}
[2025-05-23 16:43:24.258] [info]  Splash.onStateUpdate: {"status":"installing-updates","current":3,"total":6,"progress":92}
[2025-05-23 16:43:24.260] [info]  DiscordSplash.onStateUpdate: {"status":"installing-updates","current":3,"total":6,"progress":92}
[2025-05-23 16:43:24.260] [info]  Splash.onStateUpdate: {"status":"installing-updates","current":3,"total":6,"progress":92}
[2025-05-23 16:43:24.261] [info]  DiscordSplash.onStateUpdate: {"status":"installing-updates","current":3,"total":6,"progress":92}
[2025-05-23 16:43:24.261] [info]  Splash.onStateUpdate: {"status":"installing-updates","current":3,"total":6,"progress":92}
[2025-05-23 16:43:24.262] [info]  DiscordSplash.onStateUpdate: {"status":"installing-updates","current":3,"total":6,"progress":92}
[2025-05-23 16:43:24.262] [info]  Splash.onStateUpdate: {"status":"installing-updates","current":3,"total":6,"progress":92}
[2025-05-23 16:43:24.263] [info]  DiscordSplash.onStateUpdate: {"status":"installing-updates","current":3,"total":6,"progress":92}
[2025-05-23 16:43:24.263] [info]  Splash.onStateUpdate: {"status":"installing-updates","current":3,"total":6,"progress":92}
[2025-05-23 16:43:24.263] [info]  DiscordSplash.onStateUpdate: {"status":"installing-updates","current":3,"total":6,"progress":92}
[2025-05-23 16:43:24.263] [info]  Splash.onStateUpdate: {"status":"installing-updates","current":3,"total":6,"progress":92}
[2025-05-23 16:43:24.264] [info]  DiscordSplash.onStateUpdate: {"status":"installing-updates","current":3,"total":6,"progress":93}
[2025-05-23 16:43:24.264] [info]  Splash.onStateUpdate: {"status":"installing-updates","current":3,"total":6,"progress":93}
[2025-05-23 16:43:24.265] [info]  DiscordSplash.onStateUpdate: {"status":"installing-updates","current":3,"total":6,"progress":93}
[2025-05-23 16:43:24.265] [info]  Splash.onStateUpdate: {"status":"installing-updates","current":3,"total":6,"progress":93}
[2025-05-23 16:43:24.265] [info]  DiscordSplash.onStateUpdate: {"status":"installing-updates","current":3,"total":6,"progress":93}
[2025-05-23 16:43:24.266] [info]  Splash.onStateUpdate: {"status":"installing-updates","current":3,"total":6,"progress":93}
[2025-05-23 16:43:24.266] [info]  DiscordSplash.onStateUpdate: {"status":"installing-updates","current":3,"total":6,"progress":93}
[2025-05-23 16:43:24.267] [info]  Splash.onStateUpdate: {"status":"installing-updates","current":3,"total":6,"progress":93}
[2025-05-23 16:43:24.267] [info]  DiscordSplash.onStateUpdate: {"status":"installing-updates","current":3,"total":6,"progress":93}
[2025-05-23 16:43:24.267] [info]  Splash.onStateUpdate: {"status":"installing-updates","current":3,"total":6,"progress":93}
[2025-05-23 16:43:24.268] [info]  DiscordSplash.onStateUpdate: {"status":"installing-updates","current":3,"total":6,"progress":93}
[2025-05-23 16:43:24.268] [info]  Splash.onStateUpdate: {"status":"installing-updates","current":3,"total":6,"progress":93}
[2025-05-23 16:43:24.270] [info]  DiscordSplash.onStateUpdate: {"status":"installing-updates","current":3,"total":6,"progress":94}
[2025-05-23 16:43:24.270] [info]  Splash.onStateUpdate: {"status":"installing-updates","current":3,"total":6,"progress":94}
[2025-05-23 16:43:24.271] [info]  DiscordSplash.onStateUpdate: {"status":"installing-updates","current":3,"total":6,"progress":94}
[2025-05-23 16:43:24.271] [info]  Splash.onStateUpdate: {"status":"installing-updates","current":3,"total":6,"progress":94}
[2025-05-23 16:43:24.273] [info]  DiscordSplash.onStateUpdate: {"status":"installing-updates","current":3,"total":6,"progress":94}
[2025-05-23 16:43:24.273] [info]  Splash.onStateUpdate: {"status":"installing-updates","current":3,"total":6,"progress":94}
[2025-05-23 16:43:24.274] [info]  DiscordSplash.onStateUpdate: {"status":"installing-updates","current":3,"total":6,"progress":94}
[2025-05-23 16:43:24.274] [info]  Splash.onStateUpdate: {"status":"installing-updates","current":3,"total":6,"progress":94}
[2025-05-23 16:43:24.275] [info]  DiscordSplash.onStateUpdate: {"status":"installing-updates","current":3,"total":6,"progress":94}
[2025-05-23 16:43:24.275] [info]  Splash.onStateUpdate: {"status":"installing-updates","current":3,"total":6,"progress":94}
[2025-05-23 16:43:24.276] [info]  DiscordSplash.onStateUpdate: {"status":"installing-updates","current":3,"total":6,"progress":94}
[2025-05-23 16:43:24.276] [info]  Splash.onStateUpdate: {"status":"installing-updates","current":3,"total":6,"progress":94}
[2025-05-23 16:43:24.278] [info]  DiscordSplash.onStateUpdate: {"status":"installing-updates","current":3,"total":6,"progress":94}
[2025-05-23 16:43:24.278] [info]  Splash.onStateUpdate: {"status":"installing-updates","current":3,"total":6,"progress":94}
[2025-05-23 16:43:24.279] [info]  DiscordSplash.onStateUpdate: {"status":"installing-updates","current":3,"total":6,"progress":95}
[2025-05-23 16:43:24.279] [info]  Splash.onStateUpdate: {"status":"installing-updates","current":3,"total":6,"progress":95}
[2025-05-23 16:43:24.279] [info]  DiscordSplash.onStateUpdate: {"status":"installing-updates","current":3,"total":6,"progress":95}
[2025-05-23 16:43:24.279] [info]  Splash.onStateUpdate: {"status":"installing-updates","current":3,"total":6,"progress":95}
[2025-05-23 16:43:24.279] [info]  DiscordSplash.onStateUpdate: {"status":"installing-updates","current":3,"total":6,"progress":95}
[2025-05-23 16:43:24.280] [info]  Splash.onStateUpdate: {"status":"installing-updates","current":3,"total":6,"progress":95}
[2025-05-23 16:43:24.280] [info]  DiscordSplash.onStateUpdate: {"status":"installing-updates","current":3,"total":6,"progress":95}
[2025-05-23 16:43:24.280] [info]  Splash.onStateUpdate: {"status":"installing-updates","current":3,"total":6,"progress":95}
[2025-05-23 16:43:24.280] [info]  DiscordSplash.onStateUpdate: {"status":"installing-updates","current":3,"total":6,"progress":95}
[2025-05-23 16:43:24.280] [info]  Splash.onStateUpdate: {"status":"installing-updates","current":3,"total":6,"progress":95}
[2025-05-23 16:43:24.281] [info]  DiscordSplash.onStateUpdate: {"status":"installing-updates","current":3,"total":6,"progress":95}
[2025-05-23 16:43:24.281] [info]  Splash.onStateUpdate: {"status":"installing-updates","current":3,"total":6,"progress":95}
[2025-05-23 16:43:24.281] [info]  DiscordSplash.onStateUpdate: {"status":"installing-updates","current":3,"total":6,"progress":96}
[2025-05-23 16:43:24.281] [info]  Splash.onStateUpdate: {"status":"installing-updates","current":3,"total":6,"progress":96}
[2025-05-23 16:43:24.282] [info]  DiscordSplash.onStateUpdate: {"status":"installing-updates","current":3,"total":6,"progress":96}
[2025-05-23 16:43:24.282] [info]  Splash.onStateUpdate: {"status":"installing-updates","current":3,"total":6,"progress":96}
[2025-05-23 16:43:24.282] [info]  DiscordSplash.onStateUpdate: {"status":"installing-updates","current":3,"total":6,"progress":96}
[2025-05-23 16:43:24.283] [info]  Splash.onStateUpdate: {"status":"installing-updates","current":3,"total":6,"progress":96}
[2025-05-23 16:43:24.283] [info]  DiscordSplash.onStateUpdate: {"status":"installing-updates","current":3,"total":6,"progress":96}
[2025-05-23 16:43:24.283] [info]  Splash.onStateUpdate: {"status":"installing-updates","current":3,"total":6,"progress":96}
[2025-05-23 16:43:24.284] [info]  DiscordSplash.onStateUpdate: {"status":"installing-updates","current":3,"total":6,"progress":96}
[2025-05-23 16:43:24.284] [info]  Splash.onStateUpdate: {"status":"installing-updates","current":3,"total":6,"progress":96}
[2025-05-23 16:43:24.284] [info]  DiscordSplash.onStateUpdate: {"status":"installing-updates","current":3,"total":6,"progress":96}
[2025-05-23 16:43:24.284] [info]  Splash.onStateUpdate: {"status":"installing-updates","current":3,"total":6,"progress":96}
[2025-05-23 16:43:24.285] [info]  DiscordSplash.onStateUpdate: {"status":"installing-updates","current":3,"total":6,"progress":97}
[2025-05-23 16:43:24.285] [info]  Splash.onStateUpdate: {"status":"installing-updates","current":3,"total":6,"progress":97}
[2025-05-23 16:43:24.286] [info]  DiscordSplash.onStateUpdate: {"status":"installing-updates","current":3,"total":6,"progress":97}
[2025-05-23 16:43:24.286] [info]  Splash.onStateUpdate: {"status":"installing-updates","current":3,"total":6,"progress":97}
[2025-05-23 16:43:24.286] [info]  DiscordSplash.onStateUpdate: {"status":"installing-updates","current":3,"total":6,"progress":97}
[2025-05-23 16:43:24.286] [info]  Splash.onStateUpdate: {"status":"installing-updates","current":3,"total":6,"progress":97}
[2025-05-23 16:43:24.287] [info]  DiscordSplash.onStateUpdate: {"status":"installing-updates","current":3,"total":6,"progress":97}
[2025-05-23 16:43:24.287] [info]  Splash.onStateUpdate: {"status":"installing-updates","current":3,"total":6,"progress":97}
[2025-05-23 16:43:24.287] [info]  DiscordSplash.onStateUpdate: {"status":"installing-updates","current":3,"total":6,"progress":97}
[2025-05-23 16:43:24.287] [info]  Splash.onStateUpdate: {"status":"installing-updates","current":3,"total":6,"progress":97}
[2025-05-23 16:43:24.288] [info]  DiscordSplash.onStateUpdate: {"status":"installing-updates","current":3,"total":6,"progress":97}
[2025-05-23 16:43:24.288] [info]  Splash.onStateUpdate: {"status":"installing-updates","current":3,"total":6,"progress":97}
[2025-05-23 16:43:24.288] [info]  DiscordSplash.onStateUpdate: {"status":"installing-updates","current":3,"total":6,"progress":98}
[2025-05-23 16:43:24.288] [info]  Splash.onStateUpdate: {"status":"installing-updates","current":3,"total":6,"progress":98}
[2025-05-23 16:43:24.289] [info]  DiscordSplash.onStateUpdate: {"status":"installing-updates","current":3,"total":6,"progress":98}
[2025-05-23 16:43:24.289] [info]  Splash.onStateUpdate: {"status":"installing-updates","current":3,"total":6,"progress":98}
[2025-05-23 16:43:24.289] [info]  DiscordSplash.onStateUpdate: {"status":"installing-updates","current":3,"total":6,"progress":98}
[2025-05-23 16:43:24.289] [info]  Splash.onStateUpdate: {"status":"installing-updates","current":3,"total":6,"progress":98}
[2025-05-23 16:43:24.289] [info]  DiscordSplash.onStateUpdate: {"status":"installing-updates","current":3,"total":6,"progress":98}
[2025-05-23 16:43:24.290] [info]  Splash.onStateUpdate: {"status":"installing-updates","current":3,"total":6,"progress":98}
[2025-05-23 16:43:24.290] [info]  DiscordSplash.onStateUpdate: {"status":"installing-updates","current":3,"total":6,"progress":98}
[2025-05-23 16:43:24.290] [info]  Splash.onStateUpdate: {"status":"installing-updates","current":3,"total":6,"progress":98}
[2025-05-23 16:43:24.290] [info]  DiscordSplash.onStateUpdate: {"status":"installing-updates","current":3,"total":6,"progress":98}
[2025-05-23 16:43:24.291] [info]  Splash.onStateUpdate: {"status":"installing-updates","current":3,"total":6,"progress":98}
[2025-05-23 16:43:24.291] [info]  DiscordSplash.onStateUpdate: {"status":"installing-updates","current":3,"total":6,"progress":99}
[2025-05-23 16:43:24.291] [info]  Splash.onStateUpdate: {"status":"installing-updates","current":3,"total":6,"progress":99}
[2025-05-23 16:43:24.292] [info]  DiscordSplash.onStateUpdate: {"status":"installing-updates","current":3,"total":6,"progress":99}
[2025-05-23 16:43:24.292] [info]  Splash.onStateUpdate: {"status":"installing-updates","current":3,"total":6,"progress":99}
[2025-05-23 16:43:24.292] [info]  DiscordSplash.onStateUpdate: {"status":"installing-updates","current":3,"total":6,"progress":99}
[2025-05-23 16:43:24.292] [info]  Splash.onStateUpdate: {"status":"installing-updates","current":3,"total":6,"progress":99}
[2025-05-23 16:43:24.293] [info]  DiscordSplash.onStateUpdate: {"status":"installing-updates","current":3,"total":6,"progress":99}
[2025-05-23 16:43:24.293] [info]  Splash.onStateUpdate: {"status":"installing-updates","current":3,"total":6,"progress":99}
[2025-05-23 16:43:24.293] [info]  DiscordSplash.onStateUpdate: {"status":"installing-updates","current":3,"total":6,"progress":99}
[2025-05-23 16:43:24.293] [info]  Splash.onStateUpdate: {"status":"installing-updates","current":3,"total":6,"progress":99}
[2025-05-23 16:43:24.294] [info]  DiscordSplash.onStateUpdate: {"status":"installing-updates","current":3,"total":6,"progress":99}
[2025-05-23 16:43:24.294] [info]  Splash.onStateUpdate: {"status":"installing-updates","current":3,"total":6,"progress":99}
[2025-05-23 16:43:24.320] [info]  DiscordSplash.onStateUpdate: {"status":"installing-updates","current":3,"total":6,"progress":100}
[2025-05-23 16:43:24.320] [info]  Splash.onStateUpdate: {"status":"installing-updates","current":3,"total":6,"progress":100}
[2025-05-23 16:43:24.422] [info]  DiscordSplash.onStateUpdate: {"status":"installing-updates","current":4,"total":6}
[2025-05-23 16:43:24.422] [info]  Splash.onStateUpdate: {"status":"installing-updates","current":4,"total":6}
[2025-05-23 16:43:24.425] [info]  DiscordSplash.onStateUpdate: {"status":"installing-updates","current":4,"total":6,"progress":3}
[2025-05-23 16:43:24.425] [info]  Splash.onStateUpdate: {"status":"installing-updates","current":4,"total":6,"progress":3}
[2025-05-23 16:43:24.427] [info]  DiscordSplash.onStateUpdate: {"status":"installing-updates","current":4,"total":6,"progress":6}
[2025-05-23 16:43:24.428] [info]  Splash.onStateUpdate: {"status":"installing-updates","current":4,"total":6,"progress":6}
[2025-05-23 16:43:24.430] [info]  DiscordSplash.onStateUpdate: {"status":"installing-updates","current":4,"total":6,"progress":9}
[2025-05-23 16:43:24.430] [info]  Splash.onStateUpdate: {"status":"installing-updates","current":4,"total":6,"progress":9}
[2025-05-23 16:43:24.434] [info]  DiscordSplash.onStateUpdate: {"status":"installing-updates","current":4,"total":6,"progress":12}
[2025-05-23 16:43:24.434] [info]  Splash.onStateUpdate: {"status":"installing-updates","current":4,"total":6,"progress":12}
[2025-05-23 16:43:24.566] [info]  DiscordSplash.onStateUpdate: {"status":"installing-updates","current":4,"total":6,"progress":15}
[2025-05-23 16:43:24.567] [info]  Splash.onStateUpdate: {"status":"installing-updates","current":4,"total":6,"progress":15}
[2025-05-23 16:43:24.568] [info]  DiscordSplash.onStateUpdate: {"status":"installing-updates","current":4,"total":6,"progress":18}
[2025-05-23 16:43:24.568] [info]  Splash.onStateUpdate: {"status":"installing-updates","current":4,"total":6,"progress":18}
[2025-05-23 16:43:24.570] [info]  DiscordSplash.onStateUpdate: {"status":"installing-updates","current":4,"total":6,"progress":21}
[2025-05-23 16:43:24.570] [info]  Splash.onStateUpdate: {"status":"installing-updates","current":4,"total":6,"progress":21}
[2025-05-23 16:43:24.572] [info]  DiscordSplash.onStateUpdate: {"status":"installing-updates","current":4,"total":6,"progress":24}
[2025-05-23 16:43:24.572] [info]  Splash.onStateUpdate: {"status":"installing-updates","current":4,"total":6,"progress":24}
[2025-05-23 16:43:24.573] [info]  DiscordSplash.onStateUpdate: {"status":"installing-updates","current":4,"total":6,"progress":27}
[2025-05-23 16:43:24.573] [info]  Splash.onStateUpdate: {"status":"installing-updates","current":4,"total":6,"progress":27}
[2025-05-23 16:43:24.574] [info]  DiscordSplash.onStateUpdate: {"status":"installing-updates","current":4,"total":6,"progress":30}
[2025-05-23 16:43:24.574] [info]  Splash.onStateUpdate: {"status":"installing-updates","current":4,"total":6,"progress":30}
[2025-05-23 16:43:24.576] [info]  DiscordSplash.onStateUpdate: {"status":"installing-updates","current":4,"total":6,"progress":33}
[2025-05-23 16:43:24.577] [info]  Splash.onStateUpdate: {"status":"installing-updates","current":4,"total":6,"progress":33}
[2025-05-23 16:43:24.579] [info]  DiscordSplash.onStateUpdate: {"status":"installing-updates","current":4,"total":6,"progress":36}
[2025-05-23 16:43:24.579] [info]  Splash.onStateUpdate: {"status":"installing-updates","current":4,"total":6,"progress":36}
[2025-05-23 16:43:24.581] [info]  DiscordSplash.onStateUpdate: {"status":"installing-updates","current":4,"total":6,"progress":39}
[2025-05-23 16:43:24.582] [info]  Splash.onStateUpdate: {"status":"installing-updates","current":4,"total":6,"progress":39}
[2025-05-23 16:43:24.585] [info]  DiscordSplash.onStateUpdate: {"status":"installing-updates","current":4,"total":6,"progress":42}
[2025-05-23 16:43:24.586] [info]  Splash.onStateUpdate: {"status":"installing-updates","current":4,"total":6,"progress":42}
[2025-05-23 16:43:24.587] [info]  DiscordSplash.onStateUpdate: {"status":"installing-updates","current":4,"total":6,"progress":45}
[2025-05-23 16:43:24.588] [info]  Splash.onStateUpdate: {"status":"installing-updates","current":4,"total":6,"progress":45}
[2025-05-23 16:43:24.589] [info]  DiscordSplash.onStateUpdate: {"status":"installing-updates","current":4,"total":6,"progress":48}
[2025-05-23 16:43:24.589] [info]  Splash.onStateUpdate: {"status":"installing-updates","current":4,"total":6,"progress":48}
[2025-05-23 16:43:24.591] [info]  DiscordSplash.onStateUpdate: {"status":"installing-updates","current":4,"total":6,"progress":51}
[2025-05-23 16:43:24.591] [info]  Splash.onStateUpdate: {"status":"installing-updates","current":4,"total":6,"progress":51}
[2025-05-23 16:43:24.593] [info]  DiscordSplash.onStateUpdate: {"status":"installing-updates","current":4,"total":6,"progress":54}
[2025-05-23 16:43:24.594] [info]  Splash.onStateUpdate: {"status":"installing-updates","current":4,"total":6,"progress":54}
[2025-05-23 16:43:24.596] [info]  DiscordSplash.onStateUpdate: {"status":"installing-updates","current":4,"total":6,"progress":57}
[2025-05-23 16:43:24.597] [info]  Splash.onStateUpdate: {"status":"installing-updates","current":4,"total":6,"progress":57}
[2025-05-23 16:43:24.599] [info]  DiscordSplash.onStateUpdate: {"status":"installing-updates","current":4,"total":6,"progress":60}
[2025-05-23 16:43:24.600] [info]  Splash.onStateUpdate: {"status":"installing-updates","current":4,"total":6,"progress":60}
[2025-05-23 16:43:24.603] [info]  DiscordSplash.onStateUpdate: {"status":"installing-updates","current":4,"total":6,"progress":63}
[2025-05-23 16:43:24.604] [info]  Splash.onStateUpdate: {"status":"installing-updates","current":4,"total":6,"progress":63}
[2025-05-23 16:43:24.606] [info]  DiscordSplash.onStateUpdate: {"status":"installing-updates","current":4,"total":6,"progress":66}
[2025-05-23 16:43:24.607] [info]  Splash.onStateUpdate: {"status":"installing-updates","current":4,"total":6,"progress":66}
[2025-05-23 16:43:24.609] [info]  DiscordSplash.onStateUpdate: {"status":"installing-updates","current":4,"total":6,"progress":69}
[2025-05-23 16:43:24.609] [info]  Splash.onStateUpdate: {"status":"installing-updates","current":4,"total":6,"progress":69}
[2025-05-23 16:43:24.611] [info]  DiscordSplash.onStateUpdate: {"status":"installing-updates","current":4,"total":6,"progress":72}
[2025-05-23 16:43:24.611] [info]  Splash.onStateUpdate: {"status":"installing-updates","current":4,"total":6,"progress":72}
[2025-05-23 16:43:24.612] [info]  DiscordSplash.onStateUpdate: {"status":"installing-updates","current":4,"total":6,"progress":75}
[2025-05-23 16:43:24.613] [info]  Splash.onStateUpdate: {"status":"installing-updates","current":4,"total":6,"progress":75}
[2025-05-23 16:43:24.614] [info]  DiscordSplash.onStateUpdate: {"status":"installing-updates","current":4,"total":6,"progress":78}
[2025-05-23 16:43:24.614] [info]  Splash.onStateUpdate: {"status":"installing-updates","current":4,"total":6,"progress":78}
[2025-05-23 16:43:24.615] [info]  DiscordSplash.onStateUpdate: {"status":"installing-updates","current":4,"total":6,"progress":81}
[2025-05-23 16:43:24.615] [info]  Splash.onStateUpdate: {"status":"installing-updates","current":4,"total":6,"progress":81}
[2025-05-23 16:43:24.616] [info]  DiscordSplash.onStateUpdate: {"status":"installing-updates","current":4,"total":6,"progress":84}
[2025-05-23 16:43:24.616] [info]  Splash.onStateUpdate: {"status":"installing-updates","current":4,"total":6,"progress":84}
[2025-05-23 16:43:24.617] [info]  DiscordSplash.onStateUpdate: {"status":"installing-updates","current":4,"total":6,"progress":87}
[2025-05-23 16:43:24.617] [info]  Splash.onStateUpdate: {"status":"installing-updates","current":4,"total":6,"progress":87}
[2025-05-23 16:43:24.618] [info]  DiscordSplash.onStateUpdate: {"status":"installing-updates","current":4,"total":6,"progress":90}
[2025-05-23 16:43:24.618] [info]  Splash.onStateUpdate: {"status":"installing-updates","current":4,"total":6,"progress":90}
[2025-05-23 16:43:24.619] [info]  DiscordSplash.onStateUpdate: {"status":"installing-updates","current":4,"total":6,"progress":93}
[2025-05-23 16:43:24.619] [info]  Splash.onStateUpdate: {"status":"installing-updates","current":4,"total":6,"progress":93}
[2025-05-23 16:43:24.619] [info]  DiscordSplash.onStateUpdate: {"status":"installing-updates","current":4,"total":6,"progress":96}
[2025-05-23 16:43:24.620] [info]  Splash.onStateUpdate: {"status":"installing-updates","current":4,"total":6,"progress":96}
[2025-05-23 16:43:24.620] [info]  DiscordSplash.onStateUpdate: {"status":"installing-updates","current":4,"total":6,"progress":100}
[2025-05-23 16:43:24.620] [info]  Splash.onStateUpdate: {"status":"installing-updates","current":4,"total":6,"progress":100}
[2025-05-23 16:43:24.621] [info]  DiscordSplash.onStateUpdate: {"status":"installing-updates","current":5,"total":6}
[2025-05-23 16:43:24.621] [info]  Splash.onStateUpdate: {"status":"installing-updates","current":5,"total":6}
[2025-05-23 16:43:24.622] [info]  DiscordSplash.onStateUpdate: {"status":"installing-updates","current":5,"total":6,"progress":20}
[2025-05-23 16:43:24.622] [info]  Splash.onStateUpdate: {"status":"installing-updates","current":5,"total":6,"progress":20}
[2025-05-23 16:43:25.094] [info]  Splash.updateCountdownSeconds: undefined
[2025-05-23 16:43:25.171] [info]  DiscordSplash.onStateUpdate: {"status":"installing-updates","current":5,"total":6,"progress":40}
[2025-05-23 16:43:25.171] [info]  Splash.onStateUpdate: {"status":"installing-updates","current":5,"total":6,"progress":40}
[2025-05-23 16:43:25.182] [info]  DiscordSplash.onStateUpdate: {"status":"installing-updates","current":5,"total":6,"progress":60}
[2025-05-23 16:43:25.183] [info]  Splash.onStateUpdate: {"status":"installing-updates","current":5,"total":6,"progress":60}
[2025-05-23 16:43:25.183] [info]  DiscordSplash.onStateUpdate: {"status":"installing-updates","current":5,"total":6,"progress":80}
[2025-05-23 16:43:25.183] [info]  Splash.onStateUpdate: {"status":"installing-updates","current":5,"total":6,"progress":80}
[2025-05-23 16:43:25.184] [info]  DiscordSplash.onStateUpdate: {"status":"installing-updates","current":5,"total":6,"progress":100}
[2025-05-23 16:43:25.184] [info]  Splash.onStateUpdate: {"status":"installing-updates","current":5,"total":6,"progress":100}
[2025-05-23 16:43:25.186] [info]  DiscordSplash.onStateUpdate: {"status":"installing-updates","current":6,"total":6}
[2025-05-23 16:43:25.186] [info]  Splash.onStateUpdate: {"status":"installing-updates","current":6,"total":6}
[2025-05-23 16:43:25.187] [info]  DiscordSplash.onStateUpdate: {"status":"installing-updates","current":6,"total":6,"progress":25}
[2025-05-23 16:43:25.188] [info]  Splash.onStateUpdate: {"status":"installing-updates","current":6,"total":6,"progress":25}
[2025-05-23 16:43:25.196] [info]  DiscordSplash.onStateUpdate: {"status":"installing-updates","current":6,"total":6,"progress":50}
[2025-05-23 16:43:25.196] [info]  Splash.onStateUpdate: {"status":"installing-updates","current":6,"total":6,"progress":50}
[2025-05-23 16:43:25.198] [info]  DiscordSplash.onStateUpdate: {"status":"installing-updates","current":6,"total":6,"progress":75}
[2025-05-23 16:43:25.199] [info]  Splash.onStateUpdate: {"status":"installing-updates","current":6,"total":6,"progress":75}
[2025-05-23 16:43:25.200] [info]  DiscordSplash.onStateUpdate: {"status":"installing-updates","current":6,"total":6,"progress":100}
[2025-05-23 16:43:25.201] [info]  Splash.onStateUpdate: {"status":"installing-updates","current":6,"total":6,"progress":100}
[2025-05-23 16:43:25.208] [info]  DiscordSplash.onStateUpdate: {"status":"checking-for-updates","current":6,"total":6}
[2025-05-23 16:43:25.209] [info]  Splash.onStateUpdate: {"status":"checking-for-updates","current":6,"total":6}
[2025-05-23 16:43:25.674] [info]  DiscordSplash.onStateUpdate: {"status":"launching","current":6,"total":6}
[2025-05-23 16:43:25.675] [info]  Splash.onStateUpdate: {"status":"launching","current":6,"total":6}
[2025-05-23 16:43:26.095] [info]  Splash.updateCountdownSeconds: undefined
[2025-05-23 16:43:27.095] [info]  Splash.updateCountdownSeconds: undefined
[2025-05-23 16:43:28.094] [info]  Splash.updateCountdownSeconds: undefined
[2025-05-23 16:43:29.095] [info]  Splash.updateCountdownSeconds: undefined
[2025-05-23 16:43:30.095] [info]  Splash.updateCountdownSeconds: undefined
[2025-05-23 16:43:31.095] [info]  Splash.updateCountdownSeconds: undefined
[2025-05-23 16:43:32.095] [info]  Splash.updateCountdownSeconds: undefined
[2025-05-23 16:43:33.095] [info]  Splash.updateCountdownSeconds: undefined
[2025-05-23 16:43:34.095] [info]  Splash.updateCountdownSeconds: undefined
[2025-05-23 16:43:35.095] [info]  Splash.updateCountdownSeconds: undefined
[2025-05-23 16:43:36.095] [info]  Splash.updateCountdownSeconds: undefined
[2025-05-23 16:43:37.095] [info]  Splash.updateCountdownSeconds: undefined
[2025-05-23 16:43:38.095] [info]  Splash.updateCountdownSeconds: undefined
[2025-05-23 16:43:39.095] [info]  Splash.updateCountdownSeconds: undefined
[2025-05-23 16:43:40.095] [info]  Splash.updateCountdownSeconds: undefined
[2025-05-23 16:43:41.095] [info]  Splash.updateCountdownSeconds: undefined
[2025-05-23 16:43:42.094] [info]  Splash.updateCountdownSeconds: undefined
[2025-05-23 16:43:43.095] [info]  Splash.updateCountdownSeconds: undefined
[2025-05-23 16:43:44.095] [info]  Splash.updateCountdownSeconds: undefined
[2025-05-23 16:43:45.095] [info]  Splash.updateCountdownSeconds: undefined
[2025-05-23 16:43:46.094] [info]  Splash.updateCountdownSeconds: undefined
[2025-05-23 16:43:46.100] [info]  [libdiscore] [experiment_manager] Loaded experiments from cache
[2025-05-23 16:43:46.241] [info]  Initializing voice engine with audio subsystem: standard
[2025-05-23 16:43:46.298] [info]  [default] [BUILD INFO] Release Channel: stable, Build Number: 402402, Version Hash: 98c518e4146d719b8e00f87d48de475f8a75557c
[2025-05-23 16:43:46.426] [info]  [NoteStore] libdiscore enabled: false
[2025-05-23 16:43:46.436] [info]  [default] [NATIVE INFO] host 0.0.95, modules: discord_desktop_core: 1, discord_erlpack: 1, discord_spellcheck: 1, discord_utils: 1, discord_voice: 1, discord_zstd: 1, build: null
[2025-05-23 16:43:46.437] [info]  [libdiscore] The answer for life the universe and everything is: 42
[2025-05-23 16:43:46.443] [error] [Spellchecker] sh is not a valid locale.
[2025-05-23 16:43:46.457] [info]  [Spellchecker] Switching to en-US (available)
[2025-05-23 16:43:46.466] [info]  Slow network is detected. See https://www.chromestatus.com/feature/5636954674692096 for more details. Fallback font will be used while loading: https://discordapp.com/assets/66d715454104d24e.woff2
[2025-05-23 16:44:01.072] [warn]  [CloudSyncUtils] CloudSync is not supported on this platform
[2025-05-23 16:44:07.011] [warn]  The resource https://discordapp.com/assets/189422196a4f8b53.woff2 was preloaded using link preload but not used within a few seconds from the window's load event. Please make sure it has an appropriate `as` value and it is preloaded intentionally.
[2025-05-23 16:44:07.011] [warn]  The resource https://discordapp.com/assets/dd24010f3cf7def7.woff2 was preloaded using link preload but not used within a few seconds from the window's load event. Please make sure it has an appropriate `as` value and it is preloaded intentionally.
[2025-05-23 16:44:07.012] [warn]  The resource https://discordapp.com/assets/7a6a566c2e88a35d.woff2 was preloaded using link preload but not used within a few seconds from the window's load event. Please make sure it has an appropriate `as` value and it is preloaded intentionally.
[2025-05-23 16:44:07.012] [warn]  The resource https://discordapp.com/assets/e52f0cba712e2fb4.woff2 was preloaded using link preload but not used within a few seconds from the window's load event. Please make sure it has an appropriate `as` value and it is preloaded intentionally.
[2025-05-23 16:44:07.012] [warn]  The resource https://discordapp.com/assets/ce3b8055f5114434.woff2 was preloaded using link preload but not used within a few seconds from the window's load event. Please make sure it has an appropriate `as` value and it is preloaded intentionally.
[2025-05-23 16:44:07.012] [warn]  The resource https://discordapp.com/assets/cb2006dbced0e246.woff2 was preloaded using link preload but not used within a few seconds from the window's load event. Please make sure it has an appropriate `as` value and it is preloaded intentionally.
[2025-05-23 16:44:12.512] [info]  Slow network is detected. See https://www.chromestatus.com/feature/5636954674692096 for more details. Fallback font will be used while loading: https://discordapp.com/assets/2df2c3ff74408972.woff2
[2025-05-23 16:44:12.512] [info]  Slow network is detected. See https://www.chromestatus.com/feature/5636954674692096 for more details. Fallback font will be used while loading: https://discordapp.com/assets/189422196a4f8b53.woff2
[2025-05-23 16:44:12.513] [info]  Slow network is detected. See https://www.chromestatus.com/feature/5636954674692096 for more details. Fallback font will be used while loading: https://discordapp.com/assets/b272b33815319bae.woff2
[2025-05-23 16:44:12.527] [info]  [LoginQRSocket] [0ms] connecting to wss://remote-auth-gateway.discord.gg/?v=2
[2025-05-23 16:44:16.196] [warn]  The resource https://discordapp.com/assets/189422196a4f8b53.woff2 was preloaded using link preload but not used within a few seconds from the window's load event. Please make sure it has an appropriate `as` value and it is preloaded intentionally.
[2025-05-23 16:44:16.196] [warn]  The resource https://discordapp.com/assets/dd24010f3cf7def7.woff2 was preloaded using link preload but not used within a few seconds from the window's load event. Please make sure it has an appropriate `as` value and it is preloaded intentionally.
[2025-05-23 16:44:16.197] [warn]  The resource https://discordapp.com/assets/7a6a566c2e88a35d.woff2 was preloaded using link preload but not used within a few seconds from the window's load event. Please make sure it has an appropriate `as` value and it is preloaded intentionally.
[2025-05-23 16:44:16.198] [warn]  The resource https://discordapp.com/assets/e52f0cba712e2fb4.woff2 was preloaded using link preload but not used within a few seconds from the window's load event. Please make sure it has an appropriate `as` value and it is preloaded intentionally.
[2025-05-23 16:44:16.198] [warn]  The resource https://discordapp.com/assets/ce3b8055f5114434.woff2 was preloaded using link preload but not used within a few seconds from the window's load event. Please make sure it has an appropriate `as` value and it is preloaded intentionally.
[2025-05-23 16:44:16.198] [warn]  The resource https://discordapp.com/assets/cb2006dbced0e246.woff2 was preloaded using link preload but not used within a few seconds from the window's load event. Please make sure it has an appropriate `as` value and it is preloaded intentionally.
[2025-05-23 16:44:16.482] [info]  [LoginQRSocket] [3954ms] got hello, auth timeout=272045ms
[2025-05-23 16:44:16.536] [info]  [LoginQRSocket] [4009ms] connected, handshaking with fingerprint: oZwCgj1zU5bMVgg-g3enKOU2YP-vh2kJ4nNHB4WDjQ4
[2025-05-23 16:44:16.747] [info]  [LoginQRSocket] [4220ms] computed nonce proof
[2025-05-23 16:44:16.996] [info]  [LoginQRSocket] [4469ms] handshake complete awaiting remote auth.
[2025-05-23 16:44:20.026] [warn]  The resource https://discordapp.com/assets/189422196a4f8b53.woff2 was preloaded using link preload but not used within a few seconds from the window's load event. Please make sure it has an appropriate `as` value and it is preloaded intentionally.
[2025-05-23 16:44:20.027] [warn]  The resource https://discordapp.com/assets/dd24010f3cf7def7.woff2 was preloaded using link preload but not used within a few seconds from the window's load event. Please make sure it has an appropriate `as` value and it is preloaded intentionally.
[2025-05-23 16:44:20.028] [warn]  The resource https://discordapp.com/assets/7a6a566c2e88a35d.woff2 was preloaded using link preload but not used within a few seconds from the window's load event. Please make sure it has an appropriate `as` value and it is preloaded intentionally.
[2025-05-23 16:44:20.028] [warn]  The resource https://discordapp.com/assets/e52f0cba712e2fb4.woff2 was preloaded using link preload but not used within a few seconds from the window's load event. Please make sure it has an appropriate `as` value and it is preloaded intentionally.
[2025-05-23 16:44:20.028] [warn]  The resource https://discordapp.com/assets/ce3b8055f5114434.woff2 was preloaded using link preload but not used within a few seconds from the window's load event. Please make sure it has an appropriate `as` value and it is preloaded intentionally.
[2025-05-23 16:44:20.029] [warn]  The resource https://discordapp.com/assets/cb2006dbced0e246.woff2 was preloaded using link preload but not used within a few seconds from the window's load event. Please make sure it has an appropriate `as` value and it is preloaded intentionally.
[2025-05-23 16:44:40.867] [error] [KeyboardLayoutMapUtils] KeyboardMapper - Key code mismatch for key j: 44 !== 74
[2025-05-23 16:44:40.900] [error] [KeyboardLayoutMapUtils] KeyboardMapper - Key code mismatch for key a: 38 !== 65
[2025-05-23 16:44:41.152] [error] [KeyboardLayoutMapUtils] KeyboardMapper - Key code mismatch for key c: 54 !== 67
[2025-05-23 16:44:41.293] [error] [KeyboardLayoutMapUtils] KeyboardMapper - Key code mismatch for key o: 32 !== 79
[2025-05-23 16:44:41.357] [error] [KeyboardLayoutMapUtils] KeyboardMapper - Key code mismatch for key v: 55 !== 86
[2025-05-23 16:44:41.590] [error] [KeyboardLayoutMapUtils] KeyboardMapper - Key code mismatch for key z: 52 !== 90
[2025-05-23 16:44:41.895] [error] [KeyboardLayoutMapUtils] KeyboardMapper - Key code mismatch for key p: 33 !== 80
[2025-05-23 16:44:42.364] [error] [KeyboardLayoutMapUtils] KeyboardMapper - Key code mismatch for key tab: 23 !== 9
[2025-05-23 16:44:46.758] [error] [KeyboardLayoutMapUtils] KeyboardMapper - Key code mismatch for key shift: 50 !== 16
[2025-05-23 16:44:47.022] [error] [KeyboardLayoutMapUtils] KeyboardMapper - Key code mismatch for key g: 42 !== 71
[2025-05-23 16:44:47.134] [error] [KeyboardLayoutMapUtils] KeyboardMapper - Key code mismatch for key m: 58 !== 77
[2025-05-23 16:44:47.384] [error] [KeyboardLayoutMapUtils] KeyboardMapper - Key code mismatch for key i: 31 !== 73
[2025-05-23 16:44:47.482] [error] [KeyboardLayoutMapUtils] KeyboardMapper - Key code mismatch for key l: 46 !== 76
[2025-05-23 16:44:47.739] [error] [KeyboardLayoutMapUtils] KeyboardMapper - Key code mismatch for key .: 60 !== 190
[2025-05-23 16:44:48.239] [error] [KeyboardLayoutMapUtils] KeyboardMapper - Key code mismatch for key backspace: 22 !== 8
[2025-05-23 16:44:50.424] [error] [KeyboardLayoutMapUtils] KeyboardMapper - Key code mismatch for key shift: 50 !== 16
[2025-05-23 16:44:50.882] [error] [KeyboardLayoutMapUtils] KeyboardMapper - Key code mismatch for key u: 30 !== 85
[2025-05-23 16:44:51.126] [error] [KeyboardLayoutMapUtils] KeyboardMapper - Key code mismatch for key t: 28 !== 84
[2025-05-23 16:44:51.767] [error] [KeyboardLayoutMapUtils] KeyboardMapper - Key code mismatch for key n: 57 !== 78
[2025-05-23 16:44:52.275] [error] [KeyboardLayoutMapUtils] KeyboardMapper - Key code mismatch for key 1: 10 !== 49
[2025-05-23 16:44:52.481] [error] [KeyboardLayoutMapUtils] KeyboardMapper - Key code mismatch for key 2: 11 !== 50
[2025-05-23 16:44:52.647] [error] [KeyboardLayoutMapUtils] KeyboardMapper - Key code mismatch for key 3: 12 !== 51
[2025-05-23 16:44:52.781] [error] [KeyboardLayoutMapUtils] KeyboardMapper - Key code mismatch for key enter: 36 !== 13
[2025-05-23 16:44:52.786] [info]  [Flux] Dispatching LOGIN
[2025-05-23 16:44:53.968] [info]  Slow network is detected. See https://www.chromestatus.com/feature/5636954674692096 for more details. Fallback font will be used while loading: https://discordapp.com/assets/6a1346ad3821ff3c.woff2
[2025-05-23 16:44:57.198] [warn]  The resource https://discordapp.com/assets/189422196a4f8b53.woff2 was preloaded using link preload but not used within a few seconds from the window's load event. Please make sure it has an appropriate `as` value and it is preloaded intentionally.
[2025-05-23 16:44:57.198] [warn]  The resource https://discordapp.com/assets/dd24010f3cf7def7.woff2 was preloaded using link preload but not used within a few seconds from the window's load event. Please make sure it has an appropriate `as` value and it is preloaded intentionally.
[2025-05-23 16:44:57.199] [warn]  The resource https://discordapp.com/assets/7a6a566c2e88a35d.woff2 was preloaded using link preload but not used within a few seconds from the window's load event. Please make sure it has an appropriate `as` value and it is preloaded intentionally.
[2025-05-23 16:44:57.199] [warn]  The resource https://discordapp.com/assets/e52f0cba712e2fb4.woff2 was preloaded using link preload but not used within a few seconds from the window's load event. Please make sure it has an appropriate `as` value and it is preloaded intentionally.
[2025-05-23 16:44:57.199] [warn]  The resource https://discordapp.com/assets/ce3b8055f5114434.woff2 was preloaded using link preload but not used within a few seconds from the window's load event. Please make sure it has an appropriate `as` value and it is preloaded intentionally.
[2025-05-23 16:44:57.200] [warn]  The resource https://discordapp.com/assets/cb2006dbced0e246.woff2 was preloaded using link preload but not used within a few seconds from the window's load event. Please make sure it has an appropriate `as` value and it is preloaded intentionally.
[2025-05-23 16:44:59.700] [error] [KeyboardLayoutMapUtils] KeyboardMapper - Key code mismatch for key b: 56 !== 66
[2025-05-23 16:45:01.113] [info]  [Flux] Dispatching LOGIN
[2025-05-23 16:45:01.967] [info]  [Flux] Dispatching LOGIN_SUCCESS
[2025-05-23 16:45:01.985] [info]  [Routing/Utils] transitionTo - Transitioning to /app
[2025-05-23 16:45:01.993] [info]  [GatewaySocket] [CONNECT] wss://gateway.discord.gg, encoding: etf, version: 9, compression: zstd-stream
[2025-05-23 16:45:01.994] [info]  [LoginQRSocket] [49467ms] cleaning up
[2025-05-23 16:45:03.915] [info]  [GatewaySocket] [CONNECTED] wss://gateway.discord.gg/?encoding=etf&v=9&compress=zstd-stream in 1921 ms
[2025-05-23 16:45:05.008] [info]  [GatewaySocket] [READY] took 3015ms, as 509591c371f7e8ba35c1389ec7f19dc4
[2025-05-23 16:45:05.034] [info]  [Flux] Dispatching CONNECTION_OPEN
[2025-05-23 16:45:05.036] [info]  [DatabaseManager] removing database (user: 459735510655696896, database: undefined)
[2025-05-23 16:45:05.048] [warn]  [NativeDispatchUtils] Tried getting Dispatch instance before instantiated
[2025-05-23 16:45:05.189] [info]  Slow network is detected. See https://www.chromestatus.com/feature/5636954674692096 for more details. Fallback font will be used while loading: https://discordapp.com/assets/a4a3d323feb11add.woff2
[2025-05-23 16:45:05.242] [info]  [GatewaySocket] [READY_SUPPLEMENTAL] took 3249ms
[2025-05-23 16:45:05.484] [warn]  The resource https://discordapp.com/assets/189422196a4f8b53.woff2 was preloaded using link preload but not used within a few seconds from the window's load event. Please make sure it has an appropriate `as` value and it is preloaded intentionally.
[2025-05-23 16:45:05.486] [warn]  The resource https://discordapp.com/assets/dd24010f3cf7def7.woff2 was preloaded using link preload but not used within a few seconds from the window's load event. Please make sure it has an appropriate `as` value and it is preloaded intentionally.
[2025-05-23 16:45:05.487] [warn]  The resource https://discordapp.com/assets/7a6a566c2e88a35d.woff2 was preloaded using link preload but not used within a few seconds from the window's load event. Please make sure it has an appropriate `as` value and it is preloaded intentionally.
[2025-05-23 16:45:05.488] [warn]  The resource https://discordapp.com/assets/e52f0cba712e2fb4.woff2 was preloaded using link preload but not used within a few seconds from the window's load event. Please make sure it has an appropriate `as` value and it is preloaded intentionally.
[2025-05-23 16:45:05.488] [warn]  The resource https://discordapp.com/assets/ce3b8055f5114434.woff2 was preloaded using link preload but not used within a few seconds from the window's load event. Please make sure it has an appropriate `as` value and it is preloaded intentionally.
[2025-05-23 16:45:05.489] [warn]  The resource https://discordapp.com/assets/cb2006dbced0e246.woff2 was preloaded using link preload but not used within a few seconds from the window's load event. Please make sure it has an appropriate `as` value and it is preloaded intentionally.
[2025-05-23 16:45:07.427] [error] Access to XMLHttpRequest at 'https://cdn.discordapp.com/changelogs/config_0.json?x=9' from origin 'https://discordapp.com' has been blocked by CORS policy: No 'Access-Control-Allow-Origin' header is present on the requested resource.
[2025-05-23 16:45:07.432] [error] Uncaught (in promise) Error: Request has been terminated
Possible causes: the network is offline, Origin is not allowed by Access-Control-Allow-Origin, the page is being unloaded, etc.
[2025-05-23 16:45:12.006] [info]  [MessageActionCreators] Fetching messages for 743123168713113729 between undefined and undefined. jump={"jumpType":"ANIMATED"}
[2025-05-23 16:45:12.062] [info]  [Routing/Utils] transitionTo - Transitioning to /channels/741237973663612969/743123168713113729
[2025-05-23 16:45:12.127] [info]  Slow network is detected. See https://www.chromestatus.com/feature/5636954674692096 for more details. Fallback font will be used while loading: https://discordapp.com/assets/f72b5ce64feb2086.woff2
[2025-05-23 16:45:13.110] [info]  [MessageActionCreators] Fetched 1 messages for 743123168713113729 isBefore:false isAfter:false
[2025-05-23 16:45:13.113] [info]  [ChannelMessages] loadComplete: resetting state for channelId=743123168713113729, sending.length=0
[2025-05-23 16:45:15.058] [info]  [ReadStateStore] Deleting ReadState 327848857490685972 0 [object Object]
[2025-05-23 16:45:15.160] [info]  [ReadStateStore] Deleting ReadState 1364074128197554307 0 [object Object]
[2025-05-23 16:45:20.407] [warn]  The resource https://discordapp.com/assets/189422196a4f8b53.woff2 was preloaded using link preload but not used within a few seconds from the window's load event. Please make sure it has an appropriate `as` value and it is preloaded intentionally.
[2025-05-23 16:45:20.407] [warn]  The resource https://discordapp.com/assets/dd24010f3cf7def7.woff2 was preloaded using link preload but not used within a few seconds from the window's load event. Please make sure it has an appropriate `as` value and it is preloaded intentionally.
[2025-05-23 16:45:20.408] [warn]  The resource https://discordapp.com/assets/7a6a566c2e88a35d.woff2 was preloaded using link preload but not used within a few seconds from the window's load event. Please make sure it has an appropriate `as` value and it is preloaded intentionally.
[2025-05-23 16:45:20.408] [warn]  The resource https://discordapp.com/assets/e52f0cba712e2fb4.woff2 was preloaded using link preload but not used within a few seconds from the window's load event. Please make sure it has an appropriate `as` value and it is preloaded intentionally.
[2025-05-23 16:45:20.409] [warn]  The resource https://discordapp.com/assets/ce3b8055f5114434.woff2 was preloaded using link preload but not used within a few seconds from the window's load event. Please make sure it has an appropriate `as` value and it is preloaded intentionally.
[2025-05-23 16:45:20.410] [warn]  The resource https://discordapp.com/assets/cb2006dbced0e246.woff2 was preloaded using link preload but not used within a few seconds from the window's load event. Please make sure it has an appropriate `as` value and it is preloaded intentionally.
[2025-05-23 16:45:28.100] [warn]  The resource https://discordapp.com/assets/189422196a4f8b53.woff2 was preloaded using link preload but not used within a few seconds from the window's load event. Please make sure it has an appropriate `as` value and it is preloaded intentionally.
[2025-05-23 16:45:28.101] [warn]  The resource https://discordapp.com/assets/dd24010f3cf7def7.woff2 was preloaded using link preload but not used within a few seconds from the window's load event. Please make sure it has an appropriate `as` value and it is preloaded intentionally.
[2025-05-23 16:45:28.102] [warn]  The resource https://discordapp.com/assets/7a6a566c2e88a35d.woff2 was preloaded using link preload but not used within a few seconds from the window's load event. Please make sure it has an appropriate `as` value and it is preloaded intentionally.
[2025-05-23 16:45:28.102] [warn]  The resource https://discordapp.com/assets/e52f0cba712e2fb4.woff2 was preloaded using link preload but not used within a few seconds from the window's load event. Please make sure it has an appropriate `as` value and it is preloaded intentionally.
[2025-05-23 16:45:28.102] [warn]  The resource https://discordapp.com/assets/ce3b8055f5114434.woff2 was preloaded using link preload but not used within a few seconds from the window's load event. Please make sure it has an appropriate `as` value and it is preloaded intentionally.
[2025-05-23 16:45:28.103] [warn]  The resource https://discordapp.com/assets/cb2006dbced0e246.woff2 was preloaded using link preload but not used within a few seconds from the window's load event. Please make sure it has an appropriate `as` value and it is preloaded intentionally.
[2025-05-23 16:45:28.959] [info]  [MessageActionCreators] Fetching messages for 1089939564862382131 between undefined and undefined. jump={"jumpType":"ANIMATED"}
[2025-05-23 16:45:29.760] [info]  [RTCControlSocket(default)] [CONNECT] wss://santiago10045.discord.media:443/
[2025-05-23 16:45:29.761] [info]  [RTCConnection(741237973663612969, default)] Connecting to RTC server wss://santiago10045.discord.media:443/, rtc-connection-id: b0e77289-47b6-4761-a391-fee08e312d18, channel: 1089939564862382131(2)
[2025-05-23 16:45:29.761] [info]  [RTCConnection(741237973663612969, default)] RTC connection state: AWAITING_ENDPOINT => CONNECTING
[2025-05-23 16:45:29.826] [info]  [libdiscore] [BlockedDomainsStore] Successfully fetched blocked domains
[2025-05-23 16:45:30.405] [info]  [MessageActionCreators] Fetched 50 messages for 1089939564862382131 isBefore:false isAfter:false
[2025-05-23 16:45:30.413] [info]  [ChannelMessages] loadComplete: resetting state for channelId=1089939564862382131, sending.length=0
[2025-05-23 16:45:30.612] [info]  [RTCConnection(741237973663612969, default)] Updating channel: 1089939564862382131(2)
[2025-05-23 16:45:32.714] [warn]  The resource https://discordapp.com/assets/189422196a4f8b53.woff2 was preloaded using link preload but not used within a few seconds from the window's load event. Please make sure it has an appropriate `as` value and it is preloaded intentionally.
[2025-05-23 16:45:32.715] [warn]  The resource https://discordapp.com/assets/dd24010f3cf7def7.woff2 was preloaded using link preload but not used within a few seconds from the window's load event. Please make sure it has an appropriate `as` value and it is preloaded intentionally.
[2025-05-23 16:45:32.716] [warn]  The resource https://discordapp.com/assets/7a6a566c2e88a35d.woff2 was preloaded using link preload but not used within a few seconds from the window's load event. Please make sure it has an appropriate `as` value and it is preloaded intentionally.
[2025-05-23 16:45:32.716] [warn]  The resource https://discordapp.com/assets/e52f0cba712e2fb4.woff2 was preloaded using link preload but not used within a few seconds from the window's load event. Please make sure it has an appropriate `as` value and it is preloaded intentionally.
[2025-05-23 16:45:32.716] [warn]  The resource https://discordapp.com/assets/ce3b8055f5114434.woff2 was preloaded using link preload but not used within a few seconds from the window's load event. Please make sure it has an appropriate `as` value and it is preloaded intentionally.
[2025-05-23 16:45:32.716] [warn]  The resource https://discordapp.com/assets/cb2006dbced0e246.woff2 was preloaded using link preload but not used within a few seconds from the window's load event. Please make sure it has an appropriate `as` value and it is preloaded intentionally.
[2025-05-23 16:45:36.255] [info]  [RTCConnection(741237973663612969, default)] Connected to RTC server.
[2025-05-23 16:45:36.257] [info]  [RTCConnection(741237973663612969, default)] RTC connection state: CONNECTING => AUTHENTICATING
[2025-05-23 16:45:36.261] [info]  [RTCControlSocket(default)] [CONNECTED] wss://santiago10045.discord.media:443/ in 6501 ms
[2025-05-23 16:45:36.270] [info]  [RTCControlSocket(default)] [HELLO] heartbeat interval: 13750, version: 8, took 6509 ms
[2025-05-23 16:45:36.270] [info]  [RTCControlSocket(default)] Starting heartbeat with interval: 13750
[2025-05-23 16:45:36.462] [info]  [RTCControlSocket(default)] [READY] took 6701 ms
[2025-05-23 16:45:36.463] [info]  [RTCConnection(741237973663612969, default)] RTC connection state: AUTHENTICATING => RTC_CONNECTING
[2025-05-23 16:45:36.474] [info]  [Connection(default)] Creating connection to 34.0.51.227:50002 with audio ssrc: 43127
[2025-05-23 16:45:36.854] [info]  [Connection(default)] Connected with local address 181.115.167.15:4611 and protocol: udp
[2025-05-23 16:45:36.855] [info]  [Connection(default)] Available codecs: "[{\"codec\":\"AV1\",\"decode\":true,\"encode\":false},{\"codec\":\"H264\",\"decode\":true,\"encode\":true},{\"codec\":\"VP8\",\"decode\":true,\"encode\":true},{\"codec\":\"VP9\",\"decode\":true,\"encode\":false}]\n"
[2025-05-23 16:45:36.856] [info]  [Connection(default)] Experimental codecs: [{"name":"AV1","encode":false,"decode":true}]
[2025-05-23 16:45:36.857] [info]  [Connection(default)] Audio codecs: opus
[2025-05-23 16:45:36.857] [info]  [Connection(default)] Video codecs: AV1[encode: false, decode: true],H264[encode: true, decode: true],VP8[encode: true, decode: true],VP9[encode: false, decode: true]
[2025-05-23 16:45:36.858] [info]  [Connection(default)] Encryption modes: aead_aes256_gcm_rtpsize,aead_aes256_gcm,aead_xchacha20_poly1305_rtpsize,xsalsa20_poly1305_lite_rtpsize,xsalsa20_poly1305_lite,xsalsa20_poly1305_suffix,xsalsa20_poly1305
[2025-05-23 16:45:36.860] [info]  [Connection(default)] Connection state change: CONNECTING => CONNECTED
[2025-05-23 16:45:36.861] [info]  [RTCConnection(741237973663612969, default)] RTC media connection state change: RTC_CONNECTING => CONNECTED
[2025-05-23 16:45:36.862] [info]  [RTCConnection(741237973663612969, default)] RTC connection state: RTC_CONNECTING => RTC_CONNECTED
[2025-05-23 16:45:36.866] [info]  [RTCConnection(741237973663612969, default)] RTC connected to media server: 34.0.51.227:50002
[2025-05-23 16:45:36.867] [info]  [RTCConnection(741237973663612969, default)] Sending UDP info to RTC server. [object Object] fixed_keyframe_interval,keyframe_on_join
[2025-05-23 16:45:36.947] [info]  [RTCConnection(741237973663612969, default)] Setting media-session-id: 29075b07d58a4246ba671265bdadb6cb for rtc-connection-id: b0e77289-47b6-4761-a391-fee08e312d18
[2025-05-23 16:45:36.950] [info]  [Connection(default)] Selected encryption mode: aead_aes256_gcm_rtpsize
[2025-05-23 16:45:36.951] [info]  [RTCConnection(741237973663612969, default)] DAVE protocol init with protocol version: 1
[2025-05-23 16:45:36.955] [info]  [RTCConnection(741237973663612969, default)] Remote media sink wants: {"any":100}
[2025-05-23 16:45:36.956] [info]  [RTCConnection(741237973663612969, default)] Received MLS external sender package
[2025-05-23 16:45:36.957] [info]  [Connection(default)] DAVE protocol state update: {"version":1,"epochAuthenticator":""}
[2025-05-23 16:45:36.958] [info]  [RTCConnection(741237973663612969, default)] Got MLS key package, sending to RTC server
[2025-05-23 16:45:36.958] [info]  [RTCControlSocket(default)] Sending MLS key package
[2025-05-23 16:45:48.217] [info]  DiscordSplash.signalReady
[2025-05-23 16:45:48.369] [info]  Slow network is detected. See https://www.chromestatus.com/feature/5636954674692096 for more details. Fallback font will be used while loading: file:///opt/discord/resources/app.asar/app_bootstrap/splash/bf3d19297ef12291559b3edae977480c.woff2
[2025-05-23 16:45:48.388] [info]  DiscordSplash.onStateUpdate: {"status":"checking-for-updates"}
[2025-05-23 16:45:48.389] [info]  Splash.onStateUpdate: {"status":"checking-for-updates"}
[2025-05-23 16:45:48.674] [info]  DiscordSplash.onStateUpdate: {"status":"launching"}
[2025-05-23 16:45:48.675] [info]  Splash.onStateUpdate: {"status":"launching"}
[2025-05-23 16:45:49.217] [info]  Splash.updateCountdownSeconds: undefined
[2025-05-23 16:45:49.259] [info]  [FAST CONNECT] wss://gateway.discord.gg/?encoding=etf&v=9&compress=zstd-stream, encoding: etf, version: 9
[2025-05-23 16:45:49.753] [info]  [libdiscore] [experiment_manager] Loaded experiments from cache
[2025-05-23 16:45:49.814] [info]  Initializing voice engine with audio subsystem: standard
[2025-05-23 16:45:49.862] [info]  [default] [BUILD INFO] Release Channel: stable, Build Number: 402402, Version Hash: 98c518e4146d719b8e00f87d48de475f8a75557c
[2025-05-23 16:45:49.906] [info]  [NoteStore] libdiscore enabled: false
[2025-05-23 16:45:49.908] [info]  [default] [NATIVE INFO] host 0.0.95, modules: discord_desktop_core: 1, discord_erlpack: 1, discord_spellcheck: 1, discord_utils: 1, discord_voice: 1, discord_zstd: 1, build: null
[2025-05-23 16:45:49.909] [info]  [libdiscore] The answer for life the universe and everything is: 42
[2025-05-23 16:45:49.912] [info]  [FAST CONNECT] connected in 653ms
[2025-05-23 16:45:49.915] [error] [Spellchecker] sh is not a valid locale.
[2025-05-23 16:45:49.923] [info]  Slow network is detected. See https://www.chromestatus.com/feature/5636954674692096 for more details. Fallback font will be used while loading: https://discordapp.com/assets/66d715454104d24e.woff2
[2025-05-23 16:45:49.936] [info]  [Spellchecker] Switching to en-US (available)
[2025-05-23 16:45:50.100] [warn]  [CloudSyncUtils] CloudSync is not supported on this platform
[2025-05-23 16:45:50.276] [info]  [GatewaySocket] [CONNECT] wss://gateway.discord.gg, encoding: etf, version: 9, compression: zstd-stream
[2025-05-23 16:45:50.277] [info]  [GatewaySocket] [FAST CONNECT] successfully took over websocket, state: [object Object]
[2025-05-23 16:45:50.277] [info]  [GatewaySocket] [CONNECTED] wss://gateway.discord.gg/?encoding=etf&v=9&compress=zstd-stream in 0 ms
[2025-05-23 16:45:52.479] [info]  [GatewaySocket] [READY] took 2203ms, as 443ba21e269665038e32325eab03f44a
[2025-05-23 16:45:52.497] [info]  [Flux] Dispatching CONNECTION_OPEN
[2025-05-23 16:45:52.498] [info]  [DatabaseManager] removing database (user: 459735510655696896, database: undefined)
[2025-05-23 16:45:52.505] [warn]  [NativeDispatchUtils] Tried getting Dispatch instance before instantiated
[2025-05-23 16:45:52.520] [info]  [MessageActionCreators] Fetching messages for 743123168713113729 between undefined and undefined. jump={"jumpType":"ANIMATED"}
[2025-05-23 16:45:52.690] [info]  [GatewaySocket] [READY_SUPPLEMENTAL] took 2414ms
[2025-05-23 16:45:52.900] [info]  [MessageActionCreators] Fetched 1 messages for 743123168713113729 isBefore:false isAfter:false
[2025-05-23 16:45:52.903] [info]  [ChannelMessages] loadComplete: resetting state for channelId=743123168713113729, sending.length=0
[2025-05-23 16:46:00.907] [warn]  The resource https://discordapp.com/assets/189422196a4f8b53.woff2 was preloaded using link preload but not used within a few seconds from the window's load event. Please make sure it has an appropriate `as` value and it is preloaded intentionally.
[2025-05-23 16:46:00.908] [warn]  The resource https://discordapp.com/assets/dd24010f3cf7def7.woff2 was preloaded using link preload but not used within a few seconds from the window's load event. Please make sure it has an appropriate `as` value and it is preloaded intentionally.
[2025-05-23 16:46:00.909] [warn]  The resource https://discordapp.com/assets/7a6a566c2e88a35d.woff2 was preloaded using link preload but not used within a few seconds from the window's load event. Please make sure it has an appropriate `as` value and it is preloaded intentionally.
[2025-05-23 16:46:00.909] [warn]  The resource https://discordapp.com/assets/e52f0cba712e2fb4.woff2 was preloaded using link preload but not used within a few seconds from the window's load event. Please make sure it has an appropriate `as` value and it is preloaded intentionally.
[2025-05-23 16:46:00.910] [warn]  The resource https://discordapp.com/assets/ce3b8055f5114434.woff2 was preloaded using link preload but not used within a few seconds from the window's load event. Please make sure it has an appropriate `as` value and it is preloaded intentionally.
[2025-05-23 16:46:00.910] [warn]  The resource https://discordapp.com/assets/cb2006dbced0e246.woff2 was preloaded using link preload but not used within a few seconds from the window's load event. Please make sure it has an appropriate `as` value and it is preloaded intentionally.
[2025-05-23 16:46:02.342] [error] Access to XMLHttpRequest at 'https://cdn.discordapp.com/changelogs/config_0.json?x=9' from origin 'https://discordapp.com' has been blocked by CORS policy: No 'Access-Control-Allow-Origin' header is present on the requested resource.
[2025-05-23 16:46:02.384] [error] Uncaught (in promise) Error: Request has been terminated
Possible causes: the network is offline, Origin is not allowed by Access-Control-Allow-Origin, the page is being unloaded, etc.
[2025-05-23 16:46:02.514] [info]  [ReadStateStore] Deleting ReadState 937490266623987762 0 [object Object]
[2025-05-23 16:46:02.613] [info]  [ReadStateStore] Deleting ReadState 1079223792699723826 0 [object Object]
[2025-05-23 16:46:04.802] [info]  [libdiscore] [BlockedDomainsStore] Successfully fetched blocked domains
[2025-05-23 16:46:07.802] [warn]  The resource https://discordapp.com/assets/189422196a4f8b53.woff2 was preloaded using link preload but not used within a few seconds from the window's load event. Please make sure it has an appropriate `as` value and it is preloaded intentionally.
[2025-05-23 16:46:07.802] [warn]  The resource https://discordapp.com/assets/dd24010f3cf7def7.woff2 was preloaded using link preload but not used within a few seconds from the window's load event. Please make sure it has an appropriate `as` value and it is preloaded intentionally.
[2025-05-23 16:46:07.803] [warn]  The resource https://discordapp.com/assets/7a6a566c2e88a35d.woff2 was preloaded using link preload but not used within a few seconds from the window's load event. Please make sure it has an appropriate `as` value and it is preloaded intentionally.
[2025-05-23 16:46:07.803] [warn]  The resource https://discordapp.com/assets/e52f0cba712e2fb4.woff2 was preloaded using link preload but not used within a few seconds from the window's load event. Please make sure it has an appropriate `as` value and it is preloaded intentionally.
[2025-05-23 16:46:07.804] [warn]  The resource https://discordapp.com/assets/ce3b8055f5114434.woff2 was preloaded using link preload but not used within a few seconds from the window's load event. Please make sure it has an appropriate `as` value and it is preloaded intentionally.
[2025-05-23 16:46:07.804] [warn]  The resource https://discordapp.com/assets/cb2006dbced0e246.woff2 was preloaded using link preload but not used within a few seconds from the window's load event. Please make sure it has an appropriate `as` value and it is preloaded intentionally.
[2025-05-23 16:46:16.326] [warn]  The resource https://discordapp.com/assets/189422196a4f8b53.woff2 was preloaded using link preload but not used within a few seconds from the window's load event. Please make sure it has an appropriate `as` value and it is preloaded intentionally.
[2025-05-23 16:46:16.327] [warn]  The resource https://discordapp.com/assets/dd24010f3cf7def7.woff2 was preloaded using link preload but not used within a few seconds from the window's load event. Please make sure it has an appropriate `as` value and it is preloaded intentionally.
[2025-05-23 16:46:16.328] [warn]  The resource https://discordapp.com/assets/7a6a566c2e88a35d.woff2 was preloaded using link preload but not used within a few seconds from the window's load event. Please make sure it has an appropriate `as` value and it is preloaded intentionally.
[2025-05-23 16:46:16.328] [warn]  The resource https://discordapp.com/assets/e52f0cba712e2fb4.woff2 was preloaded using link preload but not used within a few seconds from the window's load event. Please make sure it has an appropriate `as` value and it is preloaded intentionally.
[2025-05-23 16:46:16.329] [warn]  The resource https://discordapp.com/assets/ce3b8055f5114434.woff2 was preloaded using link preload but not used within a few seconds from the window's load event. Please make sure it has an appropriate `as` value and it is preloaded intentionally.
[2025-05-23 16:46:16.329] [warn]  The resource https://discordapp.com/assets/cb2006dbced0e246.woff2 was preloaded using link preload but not used within a few seconds from the window's load event. Please make sure it has an appropriate `as` value and it is preloaded intentionally.
[2025-05-23 16:46:16.575] [info]  [MessageActionCreators] Fetching messages for 1089939564862382131 between undefined and undefined. jump={"jumpType":"ANIMATED"}
[2025-05-23 16:46:17.200] [info]  [RTCControlSocket(default)] [CONNECT] wss://santiago1481.discord.media:443/
[2025-05-23 16:46:17.200] [info]  [RTCConnection(741237973663612969, default)] Connecting to RTC server wss://santiago1481.discord.media:443/, rtc-connection-id: 50a3432f-dcbd-45a4-8611-a357702000f4, channel: 1089939564862382131(2)
[2025-05-23 16:46:17.201] [info]  [RTCConnection(741237973663612969, default)] RTC connection state: AWAITING_ENDPOINT => CONNECTING
[2025-05-23 16:46:17.357] [info]  [MessageActionCreators] Fetched 50 messages for 1089939564862382131 isBefore:false isAfter:false
[2025-05-23 16:46:17.365] [info]  [ChannelMessages] loadComplete: resetting state for channelId=1089939564862382131, sending.length=0
[2025-05-23 16:46:17.572] [info]  [RTCConnection(741237973663612969, default)] Updating channel: 1089939564862382131(2)
[2025-05-23 16:46:21.140] [info]  [RTCConnection(741237973663612969, default)] Connected to RTC server.
[2025-05-23 16:46:21.141] [info]  [RTCConnection(741237973663612969, default)] RTC connection state: CONNECTING => AUTHENTICATING
[2025-05-23 16:46:21.142] [info]  [RTCControlSocket(default)] [CONNECTED] wss://santiago1481.discord.media:443/ in 3942 ms
[2025-05-23 16:46:21.142] [info]  [RTCControlSocket(default)] [HELLO] heartbeat interval: 13750, version: 8, took 3942 ms
[2025-05-23 16:46:21.142] [info]  [RTCControlSocket(default)] Starting heartbeat with interval: 13750
[2025-05-23 16:46:21.208] [info]  [RTCControlSocket(default)] [READY] took 4008 ms
[2025-05-23 16:46:21.208] [info]  [RTCConnection(741237973663612969, default)] RTC connection state: AUTHENTICATING => RTC_CONNECTING
[2025-05-23 16:46:21.210] [info]  [Connection(default)] Creating connection to 66.22.233.144:50006 with audio ssrc: 27194
[2025-05-23 16:46:21.305] [info]  [Connection(default)] Connected with local address 181.115.167.15:28118 and protocol: udp
[2025-05-23 16:46:21.307] [info]  [Connection(default)] Available codecs: "[{\"codec\":\"AV1\",\"decode\":true,\"encode\":false},{\"codec\":\"H264\",\"decode\":true,\"encode\":true},{\"codec\":\"VP8\",\"decode\":true,\"encode\":true},{\"codec\":\"VP9\",\"decode\":true,\"encode\":false}]\n"
[2025-05-23 16:46:21.308] [info]  [Connection(default)] Experimental codecs: [{"name":"AV1","encode":false,"decode":true}]
[2025-05-23 16:46:21.309] [info]  [Connection(default)] Audio codecs: opus
[2025-05-23 16:46:21.310] [info]  [Connection(default)] Video codecs: AV1[encode: false, decode: true],H264[encode: true, decode: true],VP8[encode: true, decode: true],VP9[encode: false, decode: true]
[2025-05-23 16:46:21.311] [info]  [Connection(default)] Encryption modes: aead_aes256_gcm_rtpsize,aead_aes256_gcm,aead_xchacha20_poly1305_rtpsize,xsalsa20_poly1305_lite_rtpsize,xsalsa20_poly1305_lite,xsalsa20_poly1305_suffix,xsalsa20_poly1305
[2025-05-23 16:46:21.313] [info]  [Connection(default)] Connection state change: CONNECTING => CONNECTED
[2025-05-23 16:46:21.314] [info]  [RTCConnection(741237973663612969, default)] RTC media connection state change: RTC_CONNECTING => CONNECTED
[2025-05-23 16:46:21.315] [info]  [RTCConnection(741237973663612969, default)] RTC connection state: RTC_CONNECTING => RTC_CONNECTED
[2025-05-23 16:46:21.321] [info]  [RTCConnection(741237973663612969, default)] RTC connected to media server: 66.22.233.144:50006
[2025-05-23 16:46:21.322] [info]  [RTCConnection(741237973663612969, default)] Sending UDP info to RTC server. [object Object] fixed_keyframe_interval,keyframe_on_join
[2025-05-23 16:46:21.398] [info]  [RTCConnection(741237973663612969, default)] Setting media-session-id: 71e1ae44499429c58b53bd14f8a1d003 for rtc-connection-id: 50a3432f-dcbd-45a4-8611-a357702000f4
[2025-05-23 16:46:21.401] [info]  [Connection(default)] Selected encryption mode: aead_aes256_gcm_rtpsize
[2025-05-23 16:46:21.401] [info]  [RTCConnection(741237973663612969, default)] DAVE protocol init with protocol version: 1
[2025-05-23 16:46:21.402] [info]  [RTCConnection(741237973663612969, default)] Remote media sink wants: {"any":100}
[2025-05-23 16:46:21.403] [info]  [RTCConnection(741237973663612969, default)] Received MLS external sender package
[2025-05-23 16:46:21.403] [info]  [Connection(default)] DAVE protocol state update: {"version":1,"epochAuthenticator":""}
[2025-05-23 16:46:21.404] [info]  [RTCConnection(741237973663612969, default)] Got MLS key package, sending to RTC server
[2025-05-23 16:46:21.404] [info]  [RTCControlSocket(default)] Sending MLS key package
[2025-05-23 16:46:27.160] [warn]  The resource https://discordapp.com/assets/189422196a4f8b53.woff2 was preloaded using link preload but not used within a few seconds from the window's load event. Please make sure it has an appropriate `as` value and it is preloaded intentionally.
[2025-05-23 16:46:27.161] [warn]  The resource https://discordapp.com/assets/dd24010f3cf7def7.woff2 was preloaded using link preload but not used within a few seconds from the window's load event. Please make sure it has an appropriate `as` value and it is preloaded intentionally.
[2025-05-23 16:46:27.162] [warn]  The resource https://discordapp.com/assets/7a6a566c2e88a35d.woff2 was preloaded using link preload but not used within a few seconds from the window's load event. Please make sure it has an appropriate `as` value and it is preloaded intentionally.
[2025-05-23 16:46:27.162] [warn]  The resource https://discordapp.com/assets/e52f0cba712e2fb4.woff2 was preloaded using link preload but not used within a few seconds from the window's load event. Please make sure it has an appropriate `as` value and it is preloaded intentionally.
[2025-05-23 16:46:27.162] [warn]  The resource https://discordapp.com/assets/ce3b8055f5114434.woff2 was preloaded using link preload but not used within a few seconds from the window's load event. Please make sure it has an appropriate `as` value and it is preloaded intentionally.
[2025-05-23 16:46:27.163] [warn]  The resource https://discordapp.com/assets/cb2006dbced0e246.woff2 was preloaded using link preload but not used within a few seconds from the window's load event. Please make sure it has an appropriate `as` value and it is preloaded intentionally.
[2025-05-23 16:46:34.330] [info]  [RTCConnection(741237973663612969, default)] Updating channel: 1089939564862382131(2)
[2025-05-23 16:46:34.893] [info]  [RTCControlSocket(default)] Sending heartbeat with last received sequence number: 1
[2025-05-23 16:46:34.964] [info]  [RTCControlSocket(default)] Heartbeat ACK received
[2025-05-23 16:46:39.242] [info]  [RPCServer:WSS] Starting on 6463
[2025-05-23 16:46:39.244] [info]  [RPCServer:IPC] Starting on /run/user/1000/discord-ipc-0
[2025-05-23 16:46:43.237] [warn]  The resource https://discordapp.com/assets/189422196a4f8b53.woff2 was preloaded using link preload but not used within a few seconds from the window's load event. Please make sure it has an appropriate `as` value and it is preloaded intentionally.
[2025-05-23 16:46:43.238] [warn]  The resource https://discordapp.com/assets/dd24010f3cf7def7.woff2 was preloaded using link preload but not used within a few seconds from the window's load event. Please make sure it has an appropriate `as` value and it is preloaded intentionally.
[2025-05-23 16:46:43.239] [warn]  The resource https://discordapp.com/assets/7a6a566c2e88a35d.woff2 was preloaded using link preload but not used within a few seconds from the window's load event. Please make sure it has an appropriate `as` value and it is preloaded intentionally.
[2025-05-23 16:46:43.239] [warn]  The resource https://discordapp.com/assets/e52f0cba712e2fb4.woff2 was preloaded using link preload but not used within a few seconds from the window's load event. Please make sure it has an appropriate `as` value and it is preloaded intentionally.
[2025-05-23 16:46:43.240] [warn]  The resource https://discordapp.com/assets/ce3b8055f5114434.woff2 was preloaded using link preload but not used within a few seconds from the window's load event. Please make sure it has an appropriate `as` value and it is preloaded intentionally.
[2025-05-23 16:46:43.241] [warn]  The resource https://discordapp.com/assets/cb2006dbced0e246.woff2 was preloaded using link preload but not used within a few seconds from the window's load event. Please make sure it has an appropriate `as` value and it is preloaded intentionally.
[2025-05-23 16:46:46.202] [info]  [RTCConnection(741237973663612969, default)] Updating channel: 1089939564862382131(2)
[2025-05-23 16:46:48.643] [info]  [RTCControlSocket(default)] Sending heartbeat with last received sequence number: 1
[2025-05-23 16:46:48.745] [info]  [RTCControlSocket(default)] Heartbeat ACK received
[2025-05-23 16:46:49.647] [warn]  The resource https://discordapp.com/assets/189422196a4f8b53.woff2 was preloaded using link preload but not used within a few seconds from the window's load event. Please make sure it has an appropriate `as` value and it is preloaded intentionally.
[2025-05-23 16:46:49.648] [warn]  The resource https://discordapp.com/assets/dd24010f3cf7def7.woff2 was preloaded using link preload but not used within a few seconds from the window's load event. Please make sure it has an appropriate `as` value and it is preloaded intentionally.
[2025-05-23 16:46:49.648] [warn]  The resource https://discordapp.com/assets/7a6a566c2e88a35d.woff2 was preloaded using link preload but not used within a few seconds from the window's load event. Please make sure it has an appropriate `as` value and it is preloaded intentionally.
[2025-05-23 16:46:49.649] [warn]  The resource https://discordapp.com/assets/e52f0cba712e2fb4.woff2 was preloaded using link preload but not used within a few seconds from the window's load event. Please make sure it has an appropriate `as` value and it is preloaded intentionally.
[2025-05-23 16:46:49.649] [warn]  The resource https://discordapp.com/assets/ce3b8055f5114434.woff2 was preloaded using link preload but not used within a few seconds from the window's load event. Please make sure it has an appropriate `as` value and it is preloaded intentionally.
[2025-05-23 16:46:49.649] [warn]  The resource https://discordapp.com/assets/cb2006dbced0e246.woff2 was preloaded using link preload but not used within a few seconds from the window's load event. Please make sure it has an appropriate `as` value and it is preloaded intentionally.
[2025-05-23 16:47:02.393] [info]  [RTCControlSocket(default)] Sending heartbeat with last received sequence number: 1
[2025-05-23 16:47:02.480] [info]  [RTCControlSocket(default)] Heartbeat ACK received
[2025-05-23 16:47:16.143] [info]  [RTCControlSocket(default)] Sending heartbeat with last received sequence number: 1
[2025-05-23 16:47:16.215] [info]  [RTCControlSocket(default)] Heartbeat ACK received
[2025-05-23 16:47:29.893] [info]  [RTCControlSocket(default)] Sending heartbeat with last received sequence number: 1
[2025-05-23 16:47:30.740] [info]  [RTCControlSocket(default)] Heartbeat ACK received
[2025-05-23 16:47:41.739] [warn]  The resource https://discordapp.com/assets/189422196a4f8b53.woff2 was preloaded using link preload but not used within a few seconds from the window's load event. Please make sure it has an appropriate `as` value and it is preloaded intentionally.
[2025-05-23 16:47:41.740] [warn]  The resource https://discordapp.com/assets/dd24010f3cf7def7.woff2 was preloaded using link preload but not used within a few seconds from the window's load event. Please make sure it has an appropriate `as` value and it is preloaded intentionally.
[2025-05-23 16:47:41.741] [warn]  The resource https://discordapp.com/assets/7a6a566c2e88a35d.woff2 was preloaded using link preload but not used within a few seconds from the window's load event. Please make sure it has an appropriate `as` value and it is preloaded intentionally.
[2025-05-23 16:47:41.741] [warn]  The resource https://discordapp.com/assets/e52f0cba712e2fb4.woff2 was preloaded using link preload but not used within a few seconds from the window's load event. Please make sure it has an appropriate `as` value and it is preloaded intentionally.
[2025-05-23 16:47:41.742] [warn]  The resource https://discordapp.com/assets/ce3b8055f5114434.woff2 was preloaded using link preload but not used within a few seconds from the window's load event. Please make sure it has an appropriate `as` value and it is preloaded intentionally.
[2025-05-23 16:47:41.743] [warn]  The resource https://discordapp.com/assets/cb2006dbced0e246.woff2 was preloaded using link preload but not used within a few seconds from the window's load event. Please make sure it has an appropriate `as` value and it is preloaded intentionally.
[2025-05-23 16:47:43.644] [info]  [RTCControlSocket(default)] Sending heartbeat with last received sequence number: 1
[2025-05-23 16:47:43.720] [info]  [RTCControlSocket(default)] Heartbeat ACK received
[2025-05-23 16:47:57.393] [info]  [RTCControlSocket(default)] Sending heartbeat with last received sequence number: 1
[2025-05-23 16:47:57.464] [info]  [RTCControlSocket(default)] Heartbeat ACK received
[2025-05-23 16:48:11.143] [info]  [RTCControlSocket(default)] Sending heartbeat with last received sequence number: 1
[2025-05-23 16:48:11.211] [info]  [RTCControlSocket(default)] Heartbeat ACK received
[2025-05-23 16:48:24.893] [info]  [RTCControlSocket(default)] Sending heartbeat with last received sequence number: 1
[2025-05-23 16:48:24.974] [info]  [RTCControlSocket(default)] Heartbeat ACK received
[2025-05-23 16:48:34.676] [error] [KeyboardLayoutMapUtils] KeyboardMapper - Key code mismatch for key i: 31 !== 73
[2025-05-23 16:48:37.433] [info]  [RTCConnection(741237973663612969, default)] Updating channel: 1089939564862382131(2)
[2025-05-23 16:48:38.643] [info]  [RTCControlSocket(default)] Sending heartbeat with last received sequence number: 1
[2025-05-23 16:48:38.722] [info]  [RTCControlSocket(default)] Heartbeat ACK received
[2025-05-23 16:48:41.120] [warn]  The resource https://discordapp.com/assets/189422196a4f8b53.woff2 was preloaded using link preload but not used within a few seconds from the window's load event. Please make sure it has an appropriate `as` value and it is preloaded intentionally.
[2025-05-23 16:48:41.121] [warn]  The resource https://discordapp.com/assets/dd24010f3cf7def7.woff2 was preloaded using link preload but not used within a few seconds from the window's load event. Please make sure it has an appropriate `as` value and it is preloaded intentionally.
[2025-05-23 16:48:41.122] [warn]  The resource https://discordapp.com/assets/7a6a566c2e88a35d.woff2 was preloaded using link preload but not used within a few seconds from the window's load event. Please make sure it has an appropriate `as` value and it is preloaded intentionally.
[2025-05-23 16:48:41.122] [warn]  The resource https://discordapp.com/assets/e52f0cba712e2fb4.woff2 was preloaded using link preload but not used within a few seconds from the window's load event. Please make sure it has an appropriate `as` value and it is preloaded intentionally.
[2025-05-23 16:48:41.123] [warn]  The resource https://discordapp.com/assets/ce3b8055f5114434.woff2 was preloaded using link preload but not used within a few seconds from the window's load event. Please make sure it has an appropriate `as` value and it is preloaded intentionally.
[2025-05-23 16:48:41.123] [warn]  The resource https://discordapp.com/assets/cb2006dbced0e246.woff2 was preloaded using link preload but not used within a few seconds from the window's load event. Please make sure it has an appropriate `as` value and it is preloaded intentionally.
[2025-05-23 16:48:50.751] [info]  [MessageActionCreators] Fetching messages for 821656402954420244 between undefined and undefined. jump={"jumpType":"ANIMATED"}
[2025-05-23 16:48:50.818] [info]  [Routing/Utils] transitionTo - Transitioning to /channels/736298460231499817/821656402954420244
[2025-05-23 16:48:51.099] [info]  [MessageActionCreators] Fetched 1 messages for 821656402954420244 isBefore:false isAfter:false
[2025-05-23 16:48:51.100] [info]  [ChannelMessages] loadComplete: resetting state for channelId=821656402954420244, sending.length=0
[2025-05-23 16:48:51.816] [warn]  The resource https://discordapp.com/assets/189422196a4f8b53.woff2 was preloaded using link preload but not used within a few seconds from the window's load event. Please make sure it has an appropriate `as` value and it is preloaded intentionally.
[2025-05-23 16:48:51.817] [warn]  The resource https://discordapp.com/assets/dd24010f3cf7def7.woff2 was preloaded using link preload but not used within a few seconds from the window's load event. Please make sure it has an appropriate `as` value and it is preloaded intentionally.
[2025-05-23 16:48:51.818] [warn]  The resource https://discordapp.com/assets/7a6a566c2e88a35d.woff2 was preloaded using link preload but not used within a few seconds from the window's load event. Please make sure it has an appropriate `as` value and it is preloaded intentionally.
[2025-05-23 16:48:51.819] [warn]  The resource https://discordapp.com/assets/e52f0cba712e2fb4.woff2 was preloaded using link preload but not used within a few seconds from the window's load event. Please make sure it has an appropriate `as` value and it is preloaded intentionally.
[2025-05-23 16:48:51.819] [warn]  The resource https://discordapp.com/assets/ce3b8055f5114434.woff2 was preloaded using link preload but not used within a few seconds from the window's load event. Please make sure it has an appropriate `as` value and it is preloaded intentionally.
[2025-05-23 16:48:51.819] [warn]  The resource https://discordapp.com/assets/cb2006dbced0e246.woff2 was preloaded using link preload but not used within a few seconds from the window's load event. Please make sure it has an appropriate `as` value and it is preloaded intentionally.
[2025-05-23 16:48:52.393] [info]  [RTCControlSocket(default)] Sending heartbeat with last received sequence number: 1
[2025-05-23 16:48:52.464] [info]  [RTCControlSocket(default)] Heartbeat ACK received
[2025-05-23 16:48:52.988] [info]  [discord_protos.discord_users.v1.FrecencyUserSettings] Loading proto
[2025-05-23 16:49:03.661] [info]  [ConnectionEventFramerateReducer] BaseConnection.userSpeakingChange: Reduced framerate after 15000 ms.
[2025-05-23 16:49:06.143] [info]  [RTCControlSocket(default)] Sending heartbeat with last received sequence number: 1
[2025-05-23 16:49:06.217] [info]  [RTCControlSocket(default)] Heartbeat ACK received
[2025-05-23 16:49:11.598] [warn]  The resource https://discordapp.com/assets/189422196a4f8b53.woff2 was preloaded using link preload but not used within a few seconds from the window's load event. Please make sure it has an appropriate `as` value and it is preloaded intentionally.
[2025-05-23 16:49:11.599] [warn]  The resource https://discordapp.com/assets/dd24010f3cf7def7.woff2 was preloaded using link preload but not used within a few seconds from the window's load event. Please make sure it has an appropriate `as` value and it is preloaded intentionally.
[2025-05-23 16:49:11.600] [warn]  The resource https://discordapp.com/assets/7a6a566c2e88a35d.woff2 was preloaded using link preload but not used within a few seconds from the window's load event. Please make sure it has an appropriate `as` value and it is preloaded intentionally.
[2025-05-23 16:49:11.600] [warn]  The resource https://discordapp.com/assets/e52f0cba712e2fb4.woff2 was preloaded using link preload but not used within a few seconds from the window's load event. Please make sure it has an appropriate `as` value and it is preloaded intentionally.
[2025-05-23 16:49:11.601] [warn]  The resource https://discordapp.com/assets/ce3b8055f5114434.woff2 was preloaded using link preload but not used within a few seconds from the window's load event. Please make sure it has an appropriate `as` value and it is preloaded intentionally.
[2025-05-23 16:49:11.601] [warn]  The resource https://discordapp.com/assets/cb2006dbced0e246.woff2 was preloaded using link preload but not used within a few seconds from the window's load event. Please make sure it has an appropriate `as` value and it is preloaded intentionally.
[2025-05-23 16:49:13.922] [info]  [MessageActionCreators] Fetching messages for 821655741614129183 between undefined and undefined. jump={"jumpType":"ANIMATED"}
[2025-05-23 16:49:13.994] [info]  [Routing/Utils] transitionTo - Transitioning to /channels/736298460231499817/821655741614129183
[2025-05-23 16:49:14.850] [info]  [MessageActionCreators] Fetched 50 messages for 821655741614129183 isBefore:false isAfter:false
[2025-05-23 16:49:14.865] [info]  [ChannelMessages] loadComplete: resetting state for channelId=821655741614129183, sending.length=0
[2025-05-23 16:49:18.566] [warn]  The resource https://discordapp.com/assets/189422196a4f8b53.woff2 was preloaded using link preload but not used within a few seconds from the window's load event. Please make sure it has an appropriate `as` value and it is preloaded intentionally.
[2025-05-23 16:49:18.567] [warn]  The resource https://discordapp.com/assets/dd24010f3cf7def7.woff2 was preloaded using link preload but not used within a few seconds from the window's load event. Please make sure it has an appropriate `as` value and it is preloaded intentionally.
[2025-05-23 16:49:18.567] [warn]  The resource https://discordapp.com/assets/7a6a566c2e88a35d.woff2 was preloaded using link preload but not used within a few seconds from the window's load event. Please make sure it has an appropriate `as` value and it is preloaded intentionally.
[2025-05-23 16:49:18.567] [warn]  The resource https://discordapp.com/assets/e52f0cba712e2fb4.woff2 was preloaded using link preload but not used within a few seconds from the window's load event. Please make sure it has an appropriate `as` value and it is preloaded intentionally.
[2025-05-23 16:49:18.567] [warn]  The resource https://discordapp.com/assets/ce3b8055f5114434.woff2 was preloaded using link preload but not used within a few seconds from the window's load event. Please make sure it has an appropriate `as` value and it is preloaded intentionally.
[2025-05-23 16:49:18.568] [warn]  The resource https://discordapp.com/assets/cb2006dbced0e246.woff2 was preloaded using link preload but not used within a few seconds from the window's load event. Please make sure it has an appropriate `as` value and it is preloaded intentionally.
[2025-05-23 16:49:19.893] [info]  [RTCControlSocket(default)] Sending heartbeat with last received sequence number: 1
[2025-05-23 16:49:19.989] [info]  [RTCControlSocket(default)] Heartbeat ACK received
[2025-05-23 16:49:31.080] [warn]  The resource https://discordapp.com/assets/189422196a4f8b53.woff2 was preloaded using link preload but not used within a few seconds from the window's load event. Please make sure it has an appropriate `as` value and it is preloaded intentionally.
[2025-05-23 16:49:31.081] [warn]  The resource https://discordapp.com/assets/dd24010f3cf7def7.woff2 was preloaded using link preload but not used within a few seconds from the window's load event. Please make sure it has an appropriate `as` value and it is preloaded intentionally.
[2025-05-23 16:49:31.081] [warn]  The resource https://discordapp.com/assets/7a6a566c2e88a35d.woff2 was preloaded using link preload but not used within a few seconds from the window's load event. Please make sure it has an appropriate `as` value and it is preloaded intentionally.
[2025-05-23 16:49:31.123] [warn]  The resource https://discordapp.com/assets/e52f0cba712e2fb4.woff2 was preloaded using link preload but not used within a few seconds from the window's load event. Please make sure it has an appropriate `as` value and it is preloaded intentionally.
[2025-05-23 16:49:31.124] [warn]  The resource https://discordapp.com/assets/ce3b8055f5114434.woff2 was preloaded using link preload but not used within a few seconds from the window's load event. Please make sure it has an appropriate `as` value and it is preloaded intentionally.
[2025-05-23 16:49:31.125] [warn]  The resource https://discordapp.com/assets/cb2006dbced0e246.woff2 was preloaded using link preload but not used within a few seconds from the window's load event. Please make sure it has an appropriate `as` value and it is preloaded intentionally.
[2025-05-23 16:49:33.643] [info]  [RTCControlSocket(default)] Sending heartbeat with last received sequence number: 1
[2025-05-23 16:49:33.730] [info]  [RTCControlSocket(default)] Heartbeat ACK received
[2025-05-23 16:49:47.393] [info]  [RTCControlSocket(default)] Sending heartbeat with last received sequence number: 1
[2025-05-23 16:49:47.943] [info]  [RTCControlSocket(default)] Heartbeat ACK received
[2025-05-23 16:50:01.143] [info]  [RTCControlSocket(default)] Sending heartbeat with last received sequence number: 1
[2025-05-23 16:50:01.209] [info]  [RTCControlSocket(default)] Heartbeat ACK received
[2025-05-23 16:50:14.108] [warn]  The resource https://discordapp.com/assets/189422196a4f8b53.woff2 was preloaded using link preload but not used within a few seconds from the window's load event. Please make sure it has an appropriate `as` value and it is preloaded intentionally.
[2025-05-23 16:50:14.109] [warn]  The resource https://discordapp.com/assets/dd24010f3cf7def7.woff2 was preloaded using link preload but not used within a few seconds from the window's load event. Please make sure it has an appropriate `as` value and it is preloaded intentionally.
[2025-05-23 16:50:14.110] [warn]  The resource https://discordapp.com/assets/7a6a566c2e88a35d.woff2 was preloaded using link preload but not used within a few seconds from the window's load event. Please make sure it has an appropriate `as` value and it is preloaded intentionally.
[2025-05-23 16:50:14.110] [warn]  The resource https://discordapp.com/assets/e52f0cba712e2fb4.woff2 was preloaded using link preload but not used within a few seconds from the window's load event. Please make sure it has an appropriate `as` value and it is preloaded intentionally.
[2025-05-23 16:50:14.110] [warn]  The resource https://discordapp.com/assets/ce3b8055f5114434.woff2 was preloaded using link preload but not used within a few seconds from the window's load event. Please make sure it has an appropriate `as` value and it is preloaded intentionally.
[2025-05-23 16:50:14.111] [warn]  The resource https://discordapp.com/assets/cb2006dbced0e246.woff2 was preloaded using link preload but not used within a few seconds from the window's load event. Please make sure it has an appropriate `as` value and it is preloaded intentionally.
[2025-05-23 16:50:14.893] [info]  [RTCControlSocket(default)] Sending heartbeat with last received sequence number: 1
[2025-05-23 16:50:14.969] [info]  [RTCControlSocket(default)] Heartbeat ACK received
[2025-05-23 16:50:15.034] [info]  [Connection(default)] Creating user: 1058274095394988062 with audio SSRC: 0 and video SSRCs: 
[2025-05-23 16:50:16.119] [info]  [RTCConnection(741237973663612969, default)] Preparing DAVE protocol transition: 1, protocol version: 0
[2025-05-23 16:50:16.130] [info]  [RTCConnection(741237973663612969, default)] Sending DAVE protocol ready for transition ID 1
[2025-05-23 16:50:16.200] [info]  [RTCConnection(741237973663612969, default)] Executing DAVE protocol transition: 1
[2025-05-23 16:50:16.201] [info]  [Connection(default)] DAVE protocol state update: {"version":0,"epochAuthenticator":""}
[2025-05-23 16:50:17.900] [info]  [Connection(default)] Creating user: 1058274095394988062 with audio SSRC: 27243 and video SSRCs: 
[2025-05-23 16:50:24.016] [warn]  The resource https://discordapp.com/assets/189422196a4f8b53.woff2 was preloaded using link preload but not used within a few seconds from the window's load event. Please make sure it has an appropriate `as` value and it is preloaded intentionally.
[2025-05-23 16:50:24.017] [warn]  The resource https://discordapp.com/assets/dd24010f3cf7def7.woff2 was preloaded using link preload but not used within a few seconds from the window's load event. Please make sure it has an appropriate `as` value and it is preloaded intentionally.
[2025-05-23 16:50:24.018] [warn]  The resource https://discordapp.com/assets/7a6a566c2e88a35d.woff2 was preloaded using link preload but not used within a few seconds from the window's load event. Please make sure it has an appropriate `as` value and it is preloaded intentionally.
[2025-05-23 16:50:24.018] [warn]  The resource https://discordapp.com/assets/e52f0cba712e2fb4.woff2 was preloaded using link preload but not used within a few seconds from the window's load event. Please make sure it has an appropriate `as` value and it is preloaded intentionally.
[2025-05-23 16:50:24.019] [warn]  The resource https://discordapp.com/assets/ce3b8055f5114434.woff2 was preloaded using link preload but not used within a few seconds from the window's load event. Please make sure it has an appropriate `as` value and it is preloaded intentionally.
[2025-05-23 16:50:24.019] [warn]  The resource https://discordapp.com/assets/cb2006dbced0e246.woff2 was preloaded using link preload but not used within a few seconds from the window's load event. Please make sure it has an appropriate `as` value and it is preloaded intentionally.
[2025-05-23 16:50:28.643] [info]  [RTCControlSocket(default)] Sending heartbeat with last received sequence number: 8
[2025-05-23 16:50:28.717] [info]  [RTCControlSocket(default)] Heartbeat ACK received
[2025-05-23 16:50:29.076] [error] [KeyboardLayoutMapUtils] KeyboardMapper - Key code mismatch for key shift: 50 !== 16
[2025-05-23 16:50:30.521] [error] [KeyboardLayoutMapUtils] KeyboardMapper - Key code mismatch for key ': 48 !== 222
[2025-05-23 16:50:31.503] [error] [KeyboardLayoutMapUtils] KeyboardMapper - Key code mismatch for key m: 58 !== 77
[2025-05-23 16:50:32.724] [error] [KeyboardLayoutMapUtils] KeyboardMapper - Key code mismatch for key n: 57 !== 78
[2025-05-23 16:50:33.769] [error] [KeyboardLayoutMapUtils] KeyboardMapper - Key code mismatch for key t: 28 !== 84
[2025-05-23 16:50:33.844] [error] [KeyboardLayoutMapUtils] KeyboardMapper - Key code mismatch for key e: 26 !== 69
[2025-05-23 16:50:33.978] [error] [KeyboardLayoutMapUtils] KeyboardMapper - Key code mismatch for key r: 27 !== 82
[2025-05-23 16:50:34.673] [error] [KeyboardLayoutMapUtils] KeyboardMapper - Key code mismatch for key s: 39 !== 83
[2025-05-23 16:50:35.111] [error] [KeyboardLayoutMapUtils] KeyboardMapper - Key code mismatch for key d: 40 !== 68
[2025-05-23 16:50:35.132] [warn]  The resource https://discordapp.com/assets/189422196a4f8b53.woff2 was preloaded using link preload but not used within a few seconds from the window's load event. Please make sure it has an appropriate `as` value and it is preloaded intentionally.
[2025-05-23 16:50:35.132] [warn]  The resource https://discordapp.com/assets/dd24010f3cf7def7.woff2 was preloaded using link preload but not used within a few seconds from the window's load event. Please make sure it has an appropriate `as` value and it is preloaded intentionally.
[2025-05-23 16:50:35.132] [warn]  The resource https://discordapp.com/assets/7a6a566c2e88a35d.woff2 was preloaded using link preload but not used within a few seconds from the window's load event. Please make sure it has an appropriate `as` value and it is preloaded intentionally.
[2025-05-23 16:50:35.133] [warn]  The resource https://discordapp.com/assets/e52f0cba712e2fb4.woff2 was preloaded using link preload but not used within a few seconds from the window's load event. Please make sure it has an appropriate `as` value and it is preloaded intentionally.
[2025-05-23 16:50:35.133] [warn]  The resource https://discordapp.com/assets/ce3b8055f5114434.woff2 was preloaded using link preload but not used within a few seconds from the window's load event. Please make sure it has an appropriate `as` value and it is preloaded intentionally.
[2025-05-23 16:50:35.133] [warn]  The resource https://discordapp.com/assets/cb2006dbced0e246.woff2 was preloaded using link preload but not used within a few seconds from the window's load event. Please make sure it has an appropriate `as` value and it is preloaded intentionally.
[2025-05-23 16:50:42.393] [info]  [RTCControlSocket(default)] Sending heartbeat with last received sequence number: 8
[2025-05-23 16:50:42.482] [info]  [RTCControlSocket(default)] Heartbeat ACK received
[2025-05-23 16:50:46.922] [info]  [ConnectionEventFramerateReducer] BaseConnection.userSpeakingChange: Reduced framerate after 15000 ms.
[2025-05-23 16:50:48.945] [error] [KeyboardLayoutMapUtils] KeyboardMapper - Key code mismatch for key backspace: 22 !== 8
[2025-05-23 16:50:49.451] [error] [KeyboardLayoutMapUtils] KeyboardMapper - Key code mismatch for key shift: 50 !== 16
[2025-05-23 16:50:52.439] [error] [KeyboardLayoutMapUtils] KeyboardMapper - Key code mismatch for key a: 38 !== 65
[2025-05-23 16:50:52.956] [error] [KeyboardLayoutMapUtils] KeyboardMapper - Key code mismatch for key o: 32 !== 79
[2025-05-23 16:50:53.056] [error] [KeyboardLayoutMapUtils] KeyboardMapper - Key code mismatch for key f: 41 !== 70
[2025-05-23 16:50:53.388] [error] [KeyboardLayoutMapUtils] KeyboardMapper - Key code mismatch for key w: 25 !== 87
[2025-05-23 16:50:54.065] [warn]  The resource https://discordapp.com/assets/189422196a4f8b53.woff2 was preloaded using link preload but not used within a few seconds from the window's load event. Please make sure it has an appropriate `as` value and it is preloaded intentionally.
[2025-05-23 16:50:54.066] [warn]  The resource https://discordapp.com/assets/dd24010f3cf7def7.woff2 was preloaded using link preload but not used within a few seconds from the window's load event. Please make sure it has an appropriate `as` value and it is preloaded intentionally.
[2025-05-23 16:50:54.067] [warn]  The resource https://discordapp.com/assets/7a6a566c2e88a35d.woff2 was preloaded using link preload but not used within a few seconds from the window's load event. Please make sure it has an appropriate `as` value and it is preloaded intentionally.
[2025-05-23 16:50:54.068] [warn]  The resource https://discordapp.com/assets/e52f0cba712e2fb4.woff2 was preloaded using link preload but not used within a few seconds from the window's load event. Please make sure it has an appropriate `as` value and it is preloaded intentionally.
[2025-05-23 16:50:54.068] [warn]  The resource https://discordapp.com/assets/ce3b8055f5114434.woff2 was preloaded using link preload but not used within a few seconds from the window's load event. Please make sure it has an appropriate `as` value and it is preloaded intentionally.
[2025-05-23 16:50:54.069] [warn]  The resource https://discordapp.com/assets/cb2006dbced0e246.woff2 was preloaded using link preload but not used within a few seconds from the window's load event. Please make sure it has an appropriate `as` value and it is preloaded intentionally.
[2025-05-23 16:50:54.612] [error] [KeyboardLayoutMapUtils] KeyboardMapper - Key code mismatch for key g: 42 !== 71
[2025-05-23 16:50:56.143] [info]  [RTCControlSocket(default)] Sending heartbeat with last received sequence number: 8
[2025-05-23 16:50:56.212] [info]  [RTCControlSocket(default)] Heartbeat ACK received
[2025-05-23 16:50:58.023] [warn]  The resource https://discordapp.com/assets/189422196a4f8b53.woff2 was preloaded using link preload but not used within a few seconds from the window's load event. Please make sure it has an appropriate `as` value and it is preloaded intentionally.
[2025-05-23 16:50:58.024] [warn]  The resource https://discordapp.com/assets/dd24010f3cf7def7.woff2 was preloaded using link preload but not used within a few seconds from the window's load event. Please make sure it has an appropriate `as` value and it is preloaded intentionally.
[2025-05-23 16:50:58.024] [warn]  The resource https://discordapp.com/assets/7a6a566c2e88a35d.woff2 was preloaded using link preload but not used within a few seconds from the window's load event. Please make sure it has an appropriate `as` value and it is preloaded intentionally.
[2025-05-23 16:50:58.025] [warn]  The resource https://discordapp.com/assets/e52f0cba712e2fb4.woff2 was preloaded using link preload but not used within a few seconds from the window's load event. Please make sure it has an appropriate `as` value and it is preloaded intentionally.
[2025-05-23 16:50:58.025] [warn]  The resource https://discordapp.com/assets/ce3b8055f5114434.woff2 was preloaded using link preload but not used within a few seconds from the window's load event. Please make sure it has an appropriate `as` value and it is preloaded intentionally.
[2025-05-23 16:50:58.025] [warn]  The resource https://discordapp.com/assets/cb2006dbced0e246.woff2 was preloaded using link preload but not used within a few seconds from the window's load event. Please make sure it has an appropriate `as` value and it is preloaded intentionally.
[2025-05-23 16:51:02.126] [warn]  The resource https://discordapp.com/assets/189422196a4f8b53.woff2 was preloaded using link preload but not used within a few seconds from the window's load event. Please make sure it has an appropriate `as` value and it is preloaded intentionally.
[2025-05-23 16:51:02.127] [warn]  The resource https://discordapp.com/assets/dd24010f3cf7def7.woff2 was preloaded using link preload but not used within a few seconds from the window's load event. Please make sure it has an appropriate `as` value and it is preloaded intentionally.
[2025-05-23 16:51:02.128] [warn]  The resource https://discordapp.com/assets/7a6a566c2e88a35d.woff2 was preloaded using link preload but not used within a few seconds from the window's load event. Please make sure it has an appropriate `as` value and it is preloaded intentionally.
[2025-05-23 16:51:02.128] [warn]  The resource https://discordapp.com/assets/e52f0cba712e2fb4.woff2 was preloaded using link preload but not used within a few seconds from the window's load event. Please make sure it has an appropriate `as` value and it is preloaded intentionally.
[2025-05-23 16:51:02.129] [warn]  The resource https://discordapp.com/assets/ce3b8055f5114434.woff2 was preloaded using link preload but not used within a few seconds from the window's load event. Please make sure it has an appropriate `as` value and it is preloaded intentionally.
[2025-05-23 16:51:02.130] [warn]  The resource https://discordapp.com/assets/cb2006dbced0e246.woff2 was preloaded using link preload but not used within a few seconds from the window's load event. Please make sure it has an appropriate `as` value and it is preloaded intentionally.
[2025-05-23 16:51:02.418] [error] ResizeObserver loop completed with undelivered notifications.
[2025-05-23 16:51:07.586] [error] [KeyboardLayoutMapUtils] KeyboardMapper - Key code mismatch for key l: 46 !== 76
[2025-05-23 16:51:09.893] [info]  [RTCControlSocket(default)] Sending heartbeat with last received sequence number: 8
[2025-05-23 16:51:09.966] [info]  [RTCControlSocket(default)] Heartbeat ACK received
[2025-05-23 16:51:10.403] [warn]  The resource https://discordapp.com/assets/189422196a4f8b53.woff2 was preloaded using link preload but not used within a few seconds from the window's load event. Please make sure it has an appropriate `as` value and it is preloaded intentionally.
[2025-05-23 16:51:10.403] [warn]  The resource https://discordapp.com/assets/dd24010f3cf7def7.woff2 was preloaded using link preload but not used within a few seconds from the window's load event. Please make sure it has an appropriate `as` value and it is preloaded intentionally.
[2025-05-23 16:51:10.404] [warn]  The resource https://discordapp.com/assets/7a6a566c2e88a35d.woff2 was preloaded using link preload but not used within a few seconds from the window's load event. Please make sure it has an appropriate `as` value and it is preloaded intentionally.
[2025-05-23 16:51:10.405] [warn]  The resource https://discordapp.com/assets/e52f0cba712e2fb4.woff2 was preloaded using link preload but not used within a few seconds from the window's load event. Please make sure it has an appropriate `as` value and it is preloaded intentionally.
[2025-05-23 16:51:10.405] [warn]  The resource https://discordapp.com/assets/ce3b8055f5114434.woff2 was preloaded using link preload but not used within a few seconds from the window's load event. Please make sure it has an appropriate `as` value and it is preloaded intentionally.
[2025-05-23 16:51:10.405] [warn]  The resource https://discordapp.com/assets/cb2006dbced0e246.woff2 was preloaded using link preload but not used within a few seconds from the window's load event. Please make sure it has an appropriate `as` value and it is preloaded intentionally.
[2025-05-23 16:51:16.318] [error] [KeyboardLayoutMapUtils] KeyboardMapper - Key code mismatch for key ,: 59 !== 188
[2025-05-23 16:51:17.273] [error] [KeyboardLayoutMapUtils] KeyboardMapper - Key code mismatch for key u: 30 !== 85
[2025-05-23 16:51:18.441] [error] [KeyboardLayoutMapUtils] KeyboardMapper - Key code mismatch for key b: 56 !== 66
[2025-05-23 16:51:20.306] [warn]  The resource https://discordapp.com/assets/189422196a4f8b53.woff2 was preloaded using link preload but not used within a few seconds from the window's load event. Please make sure it has an appropriate `as` value and it is preloaded intentionally.
[2025-05-23 16:51:20.307] [warn]  The resource https://discordapp.com/assets/dd24010f3cf7def7.woff2 was preloaded using link preload but not used within a few seconds from the window's load event. Please make sure it has an appropriate `as` value and it is preloaded intentionally.
[2025-05-23 16:51:20.307] [warn]  The resource https://discordapp.com/assets/7a6a566c2e88a35d.woff2 was preloaded using link preload but not used within a few seconds from the window's load event. Please make sure it has an appropriate `as` value and it is preloaded intentionally.
[2025-05-23 16:51:20.307] [warn]  The resource https://discordapp.com/assets/e52f0cba712e2fb4.woff2 was preloaded using link preload but not used within a few seconds from the window's load event. Please make sure it has an appropriate `as` value and it is preloaded intentionally.
[2025-05-23 16:51:20.307] [warn]  The resource https://discordapp.com/assets/ce3b8055f5114434.woff2 was preloaded using link preload but not used within a few seconds from the window's load event. Please make sure it has an appropriate `as` value and it is preloaded intentionally.
[2025-05-23 16:51:20.307] [warn]  The resource https://discordapp.com/assets/cb2006dbced0e246.woff2 was preloaded using link preload but not used within a few seconds from the window's load event. Please make sure it has an appropriate `as` value and it is preloaded intentionally.
[2025-05-23 16:51:23.643] [info]  [RTCControlSocket(default)] Sending heartbeat with last received sequence number: 12
[2025-05-23 16:51:24.234] [info]  [RTCControlSocket(default)] Heartbeat ACK received
[2025-05-23 16:51:32.112] [info]  [ConnectionEventFramerateReducer] BaseConnection.userSpeakingChange: Reduced framerate after 15000 ms.
[2025-05-23 16:51:35.142] [error] ResizeObserver loop completed with undelivered notifications.
[2025-05-23 16:51:37.394] [info]  [RTCControlSocket(default)] Sending heartbeat with last received sequence number: 13
[2025-05-23 16:51:37.469] [info]  [RTCControlSocket(default)] Heartbeat ACK received
[2025-05-23 16:51:39.475] [warn]  The resource https://discordapp.com/assets/189422196a4f8b53.woff2 was preloaded using link preload but not used within a few seconds from the window's load event. Please make sure it has an appropriate `as` value and it is preloaded intentionally.
[2025-05-23 16:51:39.476] [warn]  The resource https://discordapp.com/assets/dd24010f3cf7def7.woff2 was preloaded using link preload but not used within a few seconds from the window's load event. Please make sure it has an appropriate `as` value and it is preloaded intentionally.
[2025-05-23 16:51:39.476] [warn]  The resource https://discordapp.com/assets/7a6a566c2e88a35d.woff2 was preloaded using link preload but not used within a few seconds from the window's load event. Please make sure it has an appropriate `as` value and it is preloaded intentionally.
[2025-05-23 16:51:39.476] [warn]  The resource https://discordapp.com/assets/e52f0cba712e2fb4.woff2 was preloaded using link preload but not used within a few seconds from the window's load event. Please make sure it has an appropriate `as` value and it is preloaded intentionally.
[2025-05-23 16:51:39.477] [warn]  The resource https://discordapp.com/assets/ce3b8055f5114434.woff2 was preloaded using link preload but not used within a few seconds from the window's load event. Please make sure it has an appropriate `as` value and it is preloaded intentionally.
[2025-05-23 16:51:39.477] [warn]  The resource https://discordapp.com/assets/cb2006dbced0e246.woff2 was preloaded using link preload but not used within a few seconds from the window's load event. Please make sure it has an appropriate `as` value and it is preloaded intentionally.
[2025-05-23 16:51:40.815] [info]  [RTCConnection(741237973663612969, default)] Preparing DAVE protocol epoch: 1, protocol version: 1
[2025-05-23 16:51:40.816] [info]  [RTCConnection(741237973663612969, default)] Received MLS external sender package
[2025-05-23 16:51:40.817] [info]  [RTCConnection(741237973663612969, default)] Got MLS key package, sending to RTC server
[2025-05-23 16:51:40.817] [info]  [RTCControlSocket(default)] Sending MLS key package
[2025-05-23 16:51:45.014] [error] ResizeObserver loop completed with undelivered notifications.
[2025-05-23 16:51:50.867] [info]  [Connection(default)] Creating user: 1058274095394988062 with audio SSRC: 0 and video SSRCs: 
[2025-05-23 16:51:51.143] [info]  [RTCControlSocket(default)] Sending heartbeat with last received sequence number: 20
[2025-05-23 16:51:51.211] [info]  [RTCControlSocket(default)] Heartbeat ACK received
[2025-05-23 16:51:51.474] [info]  [Connection(default)] Creating user: 1058274095394988062 with audio SSRC: 27302 and video SSRCs: 
[2025-05-23 16:51:51.682] [info]  [RTCConnection(741237973663612969, default)] Preparing DAVE protocol transition: 2, protocol version: 0
[2025-05-23 16:51:51.683] [info]  [RTCConnection(741237973663612969, default)] Sending DAVE protocol ready for transition ID 2
[2025-05-23 16:51:51.847] [warn]  The resource https://discordapp.com/assets/189422196a4f8b53.woff2 was preloaded using link preload but not used within a few seconds from the window's load event. Please make sure it has an appropriate `as` value and it is preloaded intentionally.
[2025-05-23 16:51:51.848] [warn]  The resource https://discordapp.com/assets/dd24010f3cf7def7.woff2 was preloaded using link preload but not used within a few seconds from the window's load event. Please make sure it has an appropriate `as` value and it is preloaded intentionally.
[2025-05-23 16:51:51.848] [warn]  The resource https://discordapp.com/assets/7a6a566c2e88a35d.woff2 was preloaded using link preload but not used within a few seconds from the window's load event. Please make sure it has an appropriate `as` value and it is preloaded intentionally.
[2025-05-23 16:51:51.849] [warn]  The resource https://discordapp.com/assets/e52f0cba712e2fb4.woff2 was preloaded using link preload but not used within a few seconds from the window's load event. Please make sure it has an appropriate `as` value and it is preloaded intentionally.
[2025-05-23 16:51:51.849] [warn]  The resource https://discordapp.com/assets/ce3b8055f5114434.woff2 was preloaded using link preload but not used within a few seconds from the window's load event. Please make sure it has an appropriate `as` value and it is preloaded intentionally.
[2025-05-23 16:51:51.849] [warn]  The resource https://discordapp.com/assets/cb2006dbced0e246.woff2 was preloaded using link preload but not used within a few seconds from the window's load event. Please make sure it has an appropriate `as` value and it is preloaded intentionally.
[2025-05-23 16:51:51.957] [info]  [RTCConnection(741237973663612969, default)] Executing DAVE protocol transition: 2
[2025-05-23 16:51:53.439] [info]  [MessageQueue] Queueing message to be sent LogId:2283
[2025-05-23 16:51:53.439] [info]  [MessageQueue] Draining message from queue LogId:2283 QueueLength: 0
[2025-05-23 16:51:53.439] [info]  [MessageQueue] Draining Message Queue with:  0
[2025-05-23 16:51:53.463] [error] ResizeObserver loop completed with undelivered notifications.
[2025-05-23 16:51:54.218] [info]  [MessageQueue] Finished draining message from queue LogId:2283 QueueLength: 0
[2025-05-23 16:51:58.335] [info]  [Routing/Utils] transitionTo - Transitioning to /channels/741237973663612969/743123168713113729
[2025-05-23 16:52:00.134] [info]  [RTCConnection(741237973663612969, default)] Preparing DAVE protocol epoch: 1, protocol version: 1
[2025-05-23 16:52:00.135] [info]  [RTCConnection(741237973663612969, default)] Received MLS external sender package
[2025-05-23 16:52:00.136] [info]  [RTCConnection(741237973663612969, default)] Got MLS key package, sending to RTC server
[2025-05-23 16:52:00.137] [info]  [RTCControlSocket(default)] Sending MLS key package
[2025-05-23 16:52:03.685] [info]  [ConnectionEventFramerateReducer] BaseConnection.userSpeakingChange: Reduced framerate after 15000 ms.
[2025-05-23 16:52:04.893] [info]  [RTCControlSocket(default)] Sending heartbeat with last received sequence number: 26
[2025-05-23 16:52:04.894] [info]  [Connection(default)] Creating user: 1138460965936046240 with audio SSRC: 0 and video SSRCs: 
[2025-05-23 16:52:04.959] [info]  [RTCControlSocket(default)] Heartbeat ACK received
[2025-05-23 16:52:05.437] [info]  [RTCConnection(741237973663612969, default)] Received MLS proposals
[2025-05-23 16:52:05.441] [info]  [RTCConnection(741237973663612969, default)] Received MLS welcome for transition ID 3
[2025-05-23 16:52:05.443] [info]  [RTCConnection(741237973663612969, default)] Sending MLS commit welcome message
[2025-05-23 16:52:05.443] [info]  [RTCControlSocket(default)] Sending MLS commit + welcome message
[2025-05-23 16:52:05.445] [info]  [RTCConnection(741237973663612969, default)] Sending DAVE protocol ready for transition ID 3
[2025-05-23 16:52:05.685] [info]  [RTCConnection(741237973663612969, default)] Executing DAVE protocol transition: 3
[2025-05-23 16:52:05.686] [info]  [Connection(default)] DAVE protocol state update: {"version":1,"epochAuthenticator":""}
[2025-05-23 16:52:05.688] [info]  [Connection(default)] DAVE protocol state update: {"version":1,"epochAuthenticator":"ueKRIvm9dIe+IPeCgNGcP/IrjrwMGYU3IVY4sy1ED14="}
[2025-05-23 16:52:05.835] [warn]  The resource https://discordapp.com/assets/189422196a4f8b53.woff2 was preloaded using link preload but not used within a few seconds from the window's load event. Please make sure it has an appropriate `as` value and it is preloaded intentionally.
[2025-05-23 16:52:05.836] [warn]  The resource https://discordapp.com/assets/dd24010f3cf7def7.woff2 was preloaded using link preload but not used within a few seconds from the window's load event. Please make sure it has an appropriate `as` value and it is preloaded intentionally.
[2025-05-23 16:52:05.837] [warn]  The resource https://discordapp.com/assets/7a6a566c2e88a35d.woff2 was preloaded using link preload but not used within a few seconds from the window's load event. Please make sure it has an appropriate `as` value and it is preloaded intentionally.
[2025-05-23 16:52:05.838] [warn]  The resource https://discordapp.com/assets/e52f0cba712e2fb4.woff2 was preloaded using link preload but not used within a few seconds from the window's load event. Please make sure it has an appropriate `as` value and it is preloaded intentionally.
[2025-05-23 16:52:05.839] [warn]  The resource https://discordapp.com/assets/ce3b8055f5114434.woff2 was preloaded using link preload but not used within a few seconds from the window's load event. Please make sure it has an appropriate `as` value and it is preloaded intentionally.
[2025-05-23 16:52:05.840] [warn]  The resource https://discordapp.com/assets/cb2006dbced0e246.woff2 was preloaded using link preload but not used within a few seconds from the window's load event. Please make sure it has an appropriate `as` value and it is preloaded intentionally.
[2025-05-23 16:52:09.307] [warn]  The resource https://discordapp.com/assets/189422196a4f8b53.woff2 was preloaded using link preload but not used within a few seconds from the window's load event. Please make sure it has an appropriate `as` value and it is preloaded intentionally.
[2025-05-23 16:52:09.308] [warn]  The resource https://discordapp.com/assets/dd24010f3cf7def7.woff2 was preloaded using link preload but not used within a few seconds from the window's load event. Please make sure it has an appropriate `as` value and it is preloaded intentionally.
[2025-05-23 16:52:09.308] [warn]  The resource https://discordapp.com/assets/7a6a566c2e88a35d.woff2 was preloaded using link preload but not used within a few seconds from the window's load event. Please make sure it has an appropriate `as` value and it is preloaded intentionally.
[2025-05-23 16:52:09.308] [warn]  The resource https://discordapp.com/assets/e52f0cba712e2fb4.woff2 was preloaded using link preload but not used within a few seconds from the window's load event. Please make sure it has an appropriate `as` value and it is preloaded intentionally.
[2025-05-23 16:52:09.308] [warn]  The resource https://discordapp.com/assets/ce3b8055f5114434.woff2 was preloaded using link preload but not used within a few seconds from the window's load event. Please make sure it has an appropriate `as` value and it is preloaded intentionally.
[2025-05-23 16:52:09.308] [warn]  The resource https://discordapp.com/assets/cb2006dbced0e246.woff2 was preloaded using link preload but not used within a few seconds from the window's load event. Please make sure it has an appropriate `as` value and it is preloaded intentionally.
[2025-05-23 16:52:12.563] [warn]  The resource https://discordapp.com/assets/189422196a4f8b53.woff2 was preloaded using link preload but not used within a few seconds from the window's load event. Please make sure it has an appropriate `as` value and it is preloaded intentionally.
[2025-05-23 16:52:12.564] [warn]  The resource https://discordapp.com/assets/dd24010f3cf7def7.woff2 was preloaded using link preload but not used within a few seconds from the window's load event. Please make sure it has an appropriate `as` value and it is preloaded intentionally.
[2025-05-23 16:52:12.564] [warn]  The resource https://discordapp.com/assets/7a6a566c2e88a35d.woff2 was preloaded using link preload but not used within a few seconds from the window's load event. Please make sure it has an appropriate `as` value and it is preloaded intentionally.
[2025-05-23 16:52:12.564] [warn]  The resource https://discordapp.com/assets/e52f0cba712e2fb4.woff2 was preloaded using link preload but not used within a few seconds from the window's load event. Please make sure it has an appropriate `as` value and it is preloaded intentionally.
[2025-05-23 16:52:12.565] [warn]  The resource https://discordapp.com/assets/ce3b8055f5114434.woff2 was preloaded using link preload but not used within a few seconds from the window's load event. Please make sure it has an appropriate `as` value and it is preloaded intentionally.
[2025-05-23 16:52:12.565] [warn]  The resource https://discordapp.com/assets/cb2006dbced0e246.woff2 was preloaded using link preload but not used within a few seconds from the window's load event. Please make sure it has an appropriate `as` value and it is preloaded intentionally.
[2025-05-23 16:52:15.663] [warn]  The resource https://discordapp.com/assets/189422196a4f8b53.woff2 was preloaded using link preload but not used within a few seconds from the window's load event. Please make sure it has an appropriate `as` value and it is preloaded intentionally.
[2025-05-23 16:52:15.664] [warn]  The resource https://discordapp.com/assets/dd24010f3cf7def7.woff2 was preloaded using link preload but not used within a few seconds from the window's load event. Please make sure it has an appropriate `as` value and it is preloaded intentionally.
[2025-05-23 16:52:15.664] [warn]  The resource https://discordapp.com/assets/7a6a566c2e88a35d.woff2 was preloaded using link preload but not used within a few seconds from the window's load event. Please make sure it has an appropriate `as` value and it is preloaded intentionally.
[2025-05-23 16:52:15.665] [warn]  The resource https://discordapp.com/assets/e52f0cba712e2fb4.woff2 was preloaded using link preload but not used within a few seconds from the window's load event. Please make sure it has an appropriate `as` value and it is preloaded intentionally.
[2025-05-23 16:52:15.665] [warn]  The resource https://discordapp.com/assets/ce3b8055f5114434.woff2 was preloaded using link preload but not used within a few seconds from the window's load event. Please make sure it has an appropriate `as` value and it is preloaded intentionally.
[2025-05-23 16:52:15.665] [warn]  The resource https://discordapp.com/assets/cb2006dbced0e246.woff2 was preloaded using link preload but not used within a few seconds from the window's load event. Please make sure it has an appropriate `as` value and it is preloaded intentionally.
[2025-05-23 16:52:18.643] [info]  [RTCControlSocket(default)] Sending heartbeat with last received sequence number: 32
[2025-05-23 16:52:18.711] [info]  [RTCControlSocket(default)] Heartbeat ACK received
[2025-05-23 16:52:19.412] [info]  [Connection(default)] Creating user: 1138460965936046240 with audio SSRC: 27308 and video SSRCs: 
[2025-05-23 16:52:27.544] [info]  [RTCConnection(741237973663612969, default)] Updating channel: 1089939564862382131(2)
[2025-05-23 16:52:28.354] [info]  [RTCConnection(741237973663612969, default)] Updating channel: 1089939564862382131(2)
[2025-05-23 16:52:32.394] [info]  [RTCControlSocket(default)] Sending heartbeat with last received sequence number: 33
[2025-05-23 16:52:32.459] [info]  [RTCControlSocket(default)] Heartbeat ACK received
[2025-05-23 16:52:36.309] [warn]  The resource https://discordapp.com/assets/189422196a4f8b53.woff2 was preloaded using link preload but not used within a few seconds from the window's load event. Please make sure it has an appropriate `as` value and it is preloaded intentionally.
[2025-05-23 16:52:36.310] [warn]  The resource https://discordapp.com/assets/dd24010f3cf7def7.woff2 was preloaded using link preload but not used within a few seconds from the window's load event. Please make sure it has an appropriate `as` value and it is preloaded intentionally.
[2025-05-23 16:52:36.310] [warn]  The resource https://discordapp.com/assets/7a6a566c2e88a35d.woff2 was preloaded using link preload but not used within a few seconds from the window's load event. Please make sure it has an appropriate `as` value and it is preloaded intentionally.
[2025-05-23 16:52:36.311] [warn]  The resource https://discordapp.com/assets/e52f0cba712e2fb4.woff2 was preloaded using link preload but not used within a few seconds from the window's load event. Please make sure it has an appropriate `as` value and it is preloaded intentionally.
[2025-05-23 16:52:36.311] [warn]  The resource https://discordapp.com/assets/ce3b8055f5114434.woff2 was preloaded using link preload but not used within a few seconds from the window's load event. Please make sure it has an appropriate `as` value and it is preloaded intentionally.
[2025-05-23 16:52:36.312] [warn]  The resource https://discordapp.com/assets/cb2006dbced0e246.woff2 was preloaded using link preload but not used within a few seconds from the window's load event. Please make sure it has an appropriate `as` value and it is preloaded intentionally.
[2025-05-23 16:52:39.236] [info]  [RTCConnection(741237973663612969, default)] Updating channel: 1089939564862382131(2)
[2025-05-23 16:52:42.036] [info]  [RTCConnection(741237973663612969, default)] Updating channel: 1089939564862382131(2)
[2025-05-23 16:52:45.731] [warn]  The resource https://discordapp.com/assets/189422196a4f8b53.woff2 was preloaded using link preload but not used within a few seconds from the window's load event. Please make sure it has an appropriate `as` value and it is preloaded intentionally.
[2025-05-23 16:52:45.731] [warn]  The resource https://discordapp.com/assets/dd24010f3cf7def7.woff2 was preloaded using link preload but not used within a few seconds from the window's load event. Please make sure it has an appropriate `as` value and it is preloaded intentionally.
[2025-05-23 16:52:45.731] [warn]  The resource https://discordapp.com/assets/7a6a566c2e88a35d.woff2 was preloaded using link preload but not used within a few seconds from the window's load event. Please make sure it has an appropriate `as` value and it is preloaded intentionally.
[2025-05-23 16:52:45.731] [warn]  The resource https://discordapp.com/assets/e52f0cba712e2fb4.woff2 was preloaded using link preload but not used within a few seconds from the window's load event. Please make sure it has an appropriate `as` value and it is preloaded intentionally.
[2025-05-23 16:52:45.731] [warn]  The resource https://discordapp.com/assets/ce3b8055f5114434.woff2 was preloaded using link preload but not used within a few seconds from the window's load event. Please make sure it has an appropriate `as` value and it is preloaded intentionally.
[2025-05-23 16:52:45.731] [warn]  The resource https://discordapp.com/assets/cb2006dbced0e246.woff2 was preloaded using link preload but not used within a few seconds from the window's load event. Please make sure it has an appropriate `as` value and it is preloaded intentionally.
[2025-05-23 16:52:46.143] [info]  [RTCControlSocket(default)] Sending heartbeat with last received sequence number: 33
[2025-05-23 16:52:46.773] [info]  [RTCControlSocket(default)] Heartbeat ACK received
[2025-05-23 16:52:54.944] [warn]  The resource https://discordapp.com/assets/189422196a4f8b53.woff2 was preloaded using link preload but not used within a few seconds from the window's load event. Please make sure it has an appropriate `as` value and it is preloaded intentionally.
[2025-05-23 16:52:54.944] [warn]  The resource https://discordapp.com/assets/dd24010f3cf7def7.woff2 was preloaded using link preload but not used within a few seconds from the window's load event. Please make sure it has an appropriate `as` value and it is preloaded intentionally.
[2025-05-23 16:52:54.945] [warn]  The resource https://discordapp.com/assets/7a6a566c2e88a35d.woff2 was preloaded using link preload but not used within a few seconds from the window's load event. Please make sure it has an appropriate `as` value and it is preloaded intentionally.
[2025-05-23 16:52:54.945] [warn]  The resource https://discordapp.com/assets/e52f0cba712e2fb4.woff2 was preloaded using link preload but not used within a few seconds from the window's load event. Please make sure it has an appropriate `as` value and it is preloaded intentionally.
[2025-05-23 16:52:54.946] [warn]  The resource https://discordapp.com/assets/ce3b8055f5114434.woff2 was preloaded using link preload but not used within a few seconds from the window's load event. Please make sure it has an appropriate `as` value and it is preloaded intentionally.
[2025-05-23 16:52:54.946] [warn]  The resource https://discordapp.com/assets/cb2006dbced0e246.woff2 was preloaded using link preload but not used within a few seconds from the window's load event. Please make sure it has an appropriate `as` value and it is preloaded intentionally.
[2025-05-23 16:52:59.893] [info]  [RTCControlSocket(default)] Sending heartbeat with last received sequence number: 33
[2025-05-23 16:52:59.957] [info]  [RTCControlSocket(default)] Heartbeat ACK received
[2025-05-23 16:53:03.284] [warn]  The resource https://discordapp.com/assets/189422196a4f8b53.woff2 was preloaded using link preload but not used within a few seconds from the window's load event. Please make sure it has an appropriate `as` value and it is preloaded intentionally.
[2025-05-23 16:53:03.285] [warn]  The resource https://discordapp.com/assets/dd24010f3cf7def7.woff2 was preloaded using link preload but not used within a few seconds from the window's load event. Please make sure it has an appropriate `as` value and it is preloaded intentionally.
[2025-05-23 16:53:03.285] [warn]  The resource https://discordapp.com/assets/7a6a566c2e88a35d.woff2 was preloaded using link preload but not used within a few seconds from the window's load event. Please make sure it has an appropriate `as` value and it is preloaded intentionally.
[2025-05-23 16:53:03.286] [warn]  The resource https://discordapp.com/assets/e52f0cba712e2fb4.woff2 was preloaded using link preload but not used within a few seconds from the window's load event. Please make sure it has an appropriate `as` value and it is preloaded intentionally.
[2025-05-23 16:53:03.286] [warn]  The resource https://discordapp.com/assets/ce3b8055f5114434.woff2 was preloaded using link preload but not used within a few seconds from the window's load event. Please make sure it has an appropriate `as` value and it is preloaded intentionally.
[2025-05-23 16:53:03.287] [warn]  The resource https://discordapp.com/assets/cb2006dbced0e246.woff2 was preloaded using link preload but not used within a few seconds from the window's load event. Please make sure it has an appropriate `as` value and it is preloaded intentionally.
[2025-05-23 16:53:11.612] [warn]  The resource https://discordapp.com/assets/189422196a4f8b53.woff2 was preloaded using link preload but not used within a few seconds from the window's load event. Please make sure it has an appropriate `as` value and it is preloaded intentionally.
[2025-05-23 16:53:11.613] [warn]  The resource https://discordapp.com/assets/dd24010f3cf7def7.woff2 was preloaded using link preload but not used within a few seconds from the window's load event. Please make sure it has an appropriate `as` value and it is preloaded intentionally.
[2025-05-23 16:53:11.613] [warn]  The resource https://discordapp.com/assets/7a6a566c2e88a35d.woff2 was preloaded using link preload but not used within a few seconds from the window's load event. Please make sure it has an appropriate `as` value and it is preloaded intentionally.
[2025-05-23 16:53:11.613] [warn]  The resource https://discordapp.com/assets/e52f0cba712e2fb4.woff2 was preloaded using link preload but not used within a few seconds from the window's load event. Please make sure it has an appropriate `as` value and it is preloaded intentionally.
[2025-05-23 16:53:11.614] [warn]  The resource https://discordapp.com/assets/ce3b8055f5114434.woff2 was preloaded using link preload but not used within a few seconds from the window's load event. Please make sure it has an appropriate `as` value and it is preloaded intentionally.
[2025-05-23 16:53:11.614] [warn]  The resource https://discordapp.com/assets/cb2006dbced0e246.woff2 was preloaded using link preload but not used within a few seconds from the window's load event. Please make sure it has an appropriate `as` value and it is preloaded intentionally.
[2025-05-23 16:53:13.643] [info]  [RTCControlSocket(default)] Sending heartbeat with last received sequence number: 33
[2025-05-23 16:53:13.720] [info]  [RTCControlSocket(default)] Heartbeat ACK received
[2025-05-23 16:53:25.660] [warn]  The resource https://discordapp.com/assets/189422196a4f8b53.woff2 was preloaded using link preload but not used within a few seconds from the window's load event. Please make sure it has an appropriate `as` value and it is preloaded intentionally.
[2025-05-23 16:53:25.661] [warn]  The resource https://discordapp.com/assets/dd24010f3cf7def7.woff2 was preloaded using link preload but not used within a few seconds from the window's load event. Please make sure it has an appropriate `as` value and it is preloaded intentionally.
[2025-05-23 16:53:25.662] [warn]  The resource https://discordapp.com/assets/7a6a566c2e88a35d.woff2 was preloaded using link preload but not used within a few seconds from the window's load event. Please make sure it has an appropriate `as` value and it is preloaded intentionally.
[2025-05-23 16:53:25.662] [warn]  The resource https://discordapp.com/assets/e52f0cba712e2fb4.woff2 was preloaded using link preload but not used within a few seconds from the window's load event. Please make sure it has an appropriate `as` value and it is preloaded intentionally.
[2025-05-23 16:53:25.662] [warn]  The resource https://discordapp.com/assets/ce3b8055f5114434.woff2 was preloaded using link preload but not used within a few seconds from the window's load event. Please make sure it has an appropriate `as` value and it is preloaded intentionally.
[2025-05-23 16:53:25.663] [warn]  The resource https://discordapp.com/assets/cb2006dbced0e246.woff2 was preloaded using link preload but not used within a few seconds from the window's load event. Please make sure it has an appropriate `as` value and it is preloaded intentionally.
[2025-05-23 16:53:27.393] [info]  [RTCControlSocket(default)] Sending heartbeat with last received sequence number: 33
[2025-05-23 16:53:27.457] [info]  [RTCControlSocket(default)] Heartbeat ACK received
[2025-05-23 16:53:37.497] [info]  [ConnectionEventFramerateReducer] BaseConnection.userSpeakingChange: Reduced framerate after 15000 ms.
[2025-05-23 16:53:41.143] [info]  [RTCControlSocket(default)] Sending heartbeat with last received sequence number: 33
[2025-05-23 16:53:41.217] [info]  [RTCControlSocket(default)] Heartbeat ACK received
[2025-05-23 16:53:49.346] [warn]  The resource https://discordapp.com/assets/189422196a4f8b53.woff2 was preloaded using link preload but not used within a few seconds from the window's load event. Please make sure it has an appropriate `as` value and it is preloaded intentionally.
[2025-05-23 16:53:49.347] [warn]  The resource https://discordapp.com/assets/dd24010f3cf7def7.woff2 was preloaded using link preload but not used within a few seconds from the window's load event. Please make sure it has an appropriate `as` value and it is preloaded intentionally.
[2025-05-23 16:53:49.348] [warn]  The resource https://discordapp.com/assets/7a6a566c2e88a35d.woff2 was preloaded using link preload but not used within a few seconds from the window's load event. Please make sure it has an appropriate `as` value and it is preloaded intentionally.
[2025-05-23 16:53:49.348] [warn]  The resource https://discordapp.com/assets/e52f0cba712e2fb4.woff2 was preloaded using link preload but not used within a few seconds from the window's load event. Please make sure it has an appropriate `as` value and it is preloaded intentionally.
[2025-05-23 16:53:49.350] [warn]  The resource https://discordapp.com/assets/ce3b8055f5114434.woff2 was preloaded using link preload but not used within a few seconds from the window's load event. Please make sure it has an appropriate `as` value and it is preloaded intentionally.
[2025-05-23 16:53:49.351] [warn]  The resource https://discordapp.com/assets/cb2006dbced0e246.woff2 was preloaded using link preload but not used within a few seconds from the window's load event. Please make sure it has an appropriate `as` value and it is preloaded intentionally.
[2025-05-23 16:53:54.893] [info]  [RTCControlSocket(default)] Sending heartbeat with last received sequence number: 33
[2025-05-23 16:53:54.961] [info]  [RTCControlSocket(default)] Heartbeat ACK received
[2025-05-23 16:54:08.048] [warn]  The resource https://discordapp.com/assets/189422196a4f8b53.woff2 was preloaded using link preload but not used within a few seconds from the window's load event. Please make sure it has an appropriate `as` value and it is preloaded intentionally.
[2025-05-23 16:54:08.049] [warn]  The resource https://discordapp.com/assets/dd24010f3cf7def7.woff2 was preloaded using link preload but not used within a few seconds from the window's load event. Please make sure it has an appropriate `as` value and it is preloaded intentionally.
[2025-05-23 16:54:08.050] [warn]  The resource https://discordapp.com/assets/7a6a566c2e88a35d.woff2 was preloaded using link preload but not used within a few seconds from the window's load event. Please make sure it has an appropriate `as` value and it is preloaded intentionally.
[2025-05-23 16:54:08.050] [warn]  The resource https://discordapp.com/assets/e52f0cba712e2fb4.woff2 was preloaded using link preload but not used within a few seconds from the window's load event. Please make sure it has an appropriate `as` value and it is preloaded intentionally.
[2025-05-23 16:54:08.051] [warn]  The resource https://discordapp.com/assets/ce3b8055f5114434.woff2 was preloaded using link preload but not used within a few seconds from the window's load event. Please make sure it has an appropriate `as` value and it is preloaded intentionally.
[2025-05-23 16:54:08.051] [warn]  The resource https://discordapp.com/assets/cb2006dbced0e246.woff2 was preloaded using link preload but not used within a few seconds from the window's load event. Please make sure it has an appropriate `as` value and it is preloaded intentionally.
[2025-05-23 16:54:08.644] [info]  [RTCControlSocket(default)] Sending heartbeat with last received sequence number: 33
[2025-05-23 16:54:08.711] [info]  [RTCControlSocket(default)] Heartbeat ACK received
[2025-05-23 16:54:14.194] [warn]  The resource https://discordapp.com/assets/189422196a4f8b53.woff2 was preloaded using link preload but not used within a few seconds from the window's load event. Please make sure it has an appropriate `as` value and it is preloaded intentionally.
[2025-05-23 16:54:14.195] [warn]  The resource https://discordapp.com/assets/dd24010f3cf7def7.woff2 was preloaded using link preload but not used within a few seconds from the window's load event. Please make sure it has an appropriate `as` value and it is preloaded intentionally.
[2025-05-23 16:54:14.196] [warn]  The resource https://discordapp.com/assets/7a6a566c2e88a35d.woff2 was preloaded using link preload but not used within a few seconds from the window's load event. Please make sure it has an appropriate `as` value and it is preloaded intentionally.
[2025-05-23 16:54:14.196] [warn]  The resource https://discordapp.com/assets/e52f0cba712e2fb4.woff2 was preloaded using link preload but not used within a few seconds from the window's load event. Please make sure it has an appropriate `as` value and it is preloaded intentionally.
[2025-05-23 16:54:14.196] [warn]  The resource https://discordapp.com/assets/ce3b8055f5114434.woff2 was preloaded using link preload but not used within a few seconds from the window's load event. Please make sure it has an appropriate `as` value and it is preloaded intentionally.
[2025-05-23 16:54:14.197] [warn]  The resource https://discordapp.com/assets/cb2006dbced0e246.woff2 was preloaded using link preload but not used within a few seconds from the window's load event. Please make sure it has an appropriate `as` value and it is preloaded intentionally.
[2025-05-23 16:54:21.891] [warn]  The resource https://discordapp.com/assets/189422196a4f8b53.woff2 was preloaded using link preload but not used within a few seconds from the window's load event. Please make sure it has an appropriate `as` value and it is preloaded intentionally.
[2025-05-23 16:54:21.891] [warn]  The resource https://discordapp.com/assets/dd24010f3cf7def7.woff2 was preloaded using link preload but not used within a few seconds from the window's load event. Please make sure it has an appropriate `as` value and it is preloaded intentionally.
[2025-05-23 16:54:21.892] [warn]  The resource https://discordapp.com/assets/7a6a566c2e88a35d.woff2 was preloaded using link preload but not used within a few seconds from the window's load event. Please make sure it has an appropriate `as` value and it is preloaded intentionally.
[2025-05-23 16:54:21.892] [warn]  The resource https://discordapp.com/assets/e52f0cba712e2fb4.woff2 was preloaded using link preload but not used within a few seconds from the window's load event. Please make sure it has an appropriate `as` value and it is preloaded intentionally.
[2025-05-23 16:54:21.893] [warn]  The resource https://discordapp.com/assets/ce3b8055f5114434.woff2 was preloaded using link preload but not used within a few seconds from the window's load event. Please make sure it has an appropriate `as` value and it is preloaded intentionally.
[2025-05-23 16:54:21.893] [warn]  The resource https://discordapp.com/assets/cb2006dbced0e246.woff2 was preloaded using link preload but not used within a few seconds from the window's load event. Please make sure it has an appropriate `as` value and it is preloaded intentionally.
[2025-05-23 16:54:22.393] [info]  [RTCControlSocket(default)] Sending heartbeat with last received sequence number: 33
[2025-05-23 16:54:22.496] [info]  [RTCControlSocket(default)] Heartbeat ACK received
[2025-05-23 16:54:36.143] [info]  [RTCControlSocket(default)] Sending heartbeat with last received sequence number: 33
[2025-05-23 16:54:36.325] [info]  [RTCControlSocket(default)] Heartbeat ACK received
[2025-05-23 16:54:36.339] [warn]  The resource https://discordapp.com/assets/189422196a4f8b53.woff2 was preloaded using link preload but not used within a few seconds from the window's load event. Please make sure it has an appropriate `as` value and it is preloaded intentionally.
[2025-05-23 16:54:36.339] [warn]  The resource https://discordapp.com/assets/dd24010f3cf7def7.woff2 was preloaded using link preload but not used within a few seconds from the window's load event. Please make sure it has an appropriate `as` value and it is preloaded intentionally.
[2025-05-23 16:54:36.340] [warn]  The resource https://discordapp.com/assets/7a6a566c2e88a35d.woff2 was preloaded using link preload but not used within a few seconds from the window's load event. Please make sure it has an appropriate `as` value and it is preloaded intentionally.
[2025-05-23 16:54:36.340] [warn]  The resource https://discordapp.com/assets/e52f0cba712e2fb4.woff2 was preloaded using link preload but not used within a few seconds from the window's load event. Please make sure it has an appropriate `as` value and it is preloaded intentionally.
[2025-05-23 16:54:36.341] [warn]  The resource https://discordapp.com/assets/ce3b8055f5114434.woff2 was preloaded using link preload but not used within a few seconds from the window's load event. Please make sure it has an appropriate `as` value and it is preloaded intentionally.
[2025-05-23 16:54:36.341] [warn]  The resource https://discordapp.com/assets/cb2006dbced0e246.woff2 was preloaded using link preload but not used within a few seconds from the window's load event. Please make sure it has an appropriate `as` value and it is preloaded intentionally.
[2025-05-23 16:54:42.171] [warn]  The resource https://discordapp.com/assets/189422196a4f8b53.woff2 was preloaded using link preload but not used within a few seconds from the window's load event. Please make sure it has an appropriate `as` value and it is preloaded intentionally.
[2025-05-23 16:54:42.173] [warn]  The resource https://discordapp.com/assets/dd24010f3cf7def7.woff2 was preloaded using link preload but not used within a few seconds from the window's load event. Please make sure it has an appropriate `as` value and it is preloaded intentionally.
[2025-05-23 16:54:42.178] [warn]  The resource https://discordapp.com/assets/7a6a566c2e88a35d.woff2 was preloaded using link preload but not used within a few seconds from the window's load event. Please make sure it has an appropriate `as` value and it is preloaded intentionally.
[2025-05-23 16:54:42.179] [warn]  The resource https://discordapp.com/assets/e52f0cba712e2fb4.woff2 was preloaded using link preload but not used within a few seconds from the window's load event. Please make sure it has an appropriate `as` value and it is preloaded intentionally.
[2025-05-23 16:54:42.179] [warn]  The resource https://discordapp.com/assets/ce3b8055f5114434.woff2 was preloaded using link preload but not used within a few seconds from the window's load event. Please make sure it has an appropriate `as` value and it is preloaded intentionally.
[2025-05-23 16:54:42.180] [warn]  The resource https://discordapp.com/assets/cb2006dbced0e246.woff2 was preloaded using link preload but not used within a few seconds from the window's load event. Please make sure it has an appropriate `as` value and it is preloaded intentionally.
[2025-05-23 16:54:49.893] [info]  [RTCControlSocket(default)] Sending heartbeat with last received sequence number: 33
[2025-05-23 16:54:49.963] [info]  [RTCControlSocket(default)] Heartbeat ACK received
[2025-05-23 16:55:03.643] [info]  [RTCControlSocket(default)] Sending heartbeat with last received sequence number: 33
[2025-05-23 16:55:03.721] [info]  [RTCControlSocket(default)] Heartbeat ACK received
[2025-05-23 16:55:17.393] [info]  [RTCControlSocket(default)] Sending heartbeat with last received sequence number: 33
[2025-05-23 16:55:17.458] [info]  [RTCControlSocket(default)] Heartbeat ACK received
[2025-05-23 16:55:31.143] [info]  [RTCControlSocket(default)] Sending heartbeat with last received sequence number: 33
[2025-05-23 16:55:31.211] [info]  [RTCControlSocket(default)] Heartbeat ACK received
[2025-05-23 16:55:44.893] [info]  [RTCControlSocket(default)] Sending heartbeat with last received sequence number: 33
[2025-05-23 16:55:44.964] [info]  [RTCControlSocket(default)] Heartbeat ACK received
[2025-05-23 16:55:50.545] [warn]  The resource https://discordapp.com/assets/189422196a4f8b53.woff2 was preloaded using link preload but not used within a few seconds from the window's load event. Please make sure it has an appropriate `as` value and it is preloaded intentionally.
[2025-05-23 16:55:50.545] [warn]  The resource https://discordapp.com/assets/dd24010f3cf7def7.woff2 was preloaded using link preload but not used within a few seconds from the window's load event. Please make sure it has an appropriate `as` value and it is preloaded intentionally.
[2025-05-23 16:55:50.545] [warn]  The resource https://discordapp.com/assets/7a6a566c2e88a35d.woff2 was preloaded using link preload but not used within a few seconds from the window's load event. Please make sure it has an appropriate `as` value and it is preloaded intentionally.
[2025-05-23 16:55:50.545] [warn]  The resource https://discordapp.com/assets/e52f0cba712e2fb4.woff2 was preloaded using link preload but not used within a few seconds from the window's load event. Please make sure it has an appropriate `as` value and it is preloaded intentionally.
[2025-05-23 16:55:50.545] [warn]  The resource https://discordapp.com/assets/ce3b8055f5114434.woff2 was preloaded using link preload but not used within a few seconds from the window's load event. Please make sure it has an appropriate `as` value and it is preloaded intentionally.
[2025-05-23 16:55:50.546] [warn]  The resource https://discordapp.com/assets/cb2006dbced0e246.woff2 was preloaded using link preload but not used within a few seconds from the window's load event. Please make sure it has an appropriate `as` value and it is preloaded intentionally.
[2025-05-23 16:55:54.763] [warn]  The resource https://discordapp.com/assets/189422196a4f8b53.woff2 was preloaded using link preload but not used within a few seconds from the window's load event. Please make sure it has an appropriate `as` value and it is preloaded intentionally.
[2025-05-23 16:55:54.764] [warn]  The resource https://discordapp.com/assets/dd24010f3cf7def7.woff2 was preloaded using link preload but not used within a few seconds from the window's load event. Please make sure it has an appropriate `as` value and it is preloaded intentionally.
[2025-05-23 16:55:54.764] [warn]  The resource https://discordapp.com/assets/7a6a566c2e88a35d.woff2 was preloaded using link preload but not used within a few seconds from the window's load event. Please make sure it has an appropriate `as` value and it is preloaded intentionally.
[2025-05-23 16:55:54.765] [warn]  The resource https://discordapp.com/assets/e52f0cba712e2fb4.woff2 was preloaded using link preload but not used within a few seconds from the window's load event. Please make sure it has an appropriate `as` value and it is preloaded intentionally.
[2025-05-23 16:55:54.766] [warn]  The resource https://discordapp.com/assets/ce3b8055f5114434.woff2 was preloaded using link preload but not used within a few seconds from the window's load event. Please make sure it has an appropriate `as` value and it is preloaded intentionally.
[2025-05-23 16:55:54.766] [warn]  The resource https://discordapp.com/assets/cb2006dbced0e246.woff2 was preloaded using link preload but not used within a few seconds from the window's load event. Please make sure it has an appropriate `as` value and it is preloaded intentionally.
[2025-05-23 16:55:58.649] [info]  [RTCControlSocket(default)] Sending heartbeat with last received sequence number: 33
[2025-05-23 16:55:58.723] [info]  [RTCControlSocket(default)] Heartbeat ACK received
[2025-05-23 16:56:12.393] [info]  [RTCControlSocket(default)] Sending heartbeat with last received sequence number: 33
[2025-05-23 16:56:12.769] [info]  [RTCControlSocket(default)] Heartbeat ACK received
[2025-05-23 16:56:15.645] [warn]  The resource https://discordapp.com/assets/189422196a4f8b53.woff2 was preloaded using link preload but not used within a few seconds from the window's load event. Please make sure it has an appropriate `as` value and it is preloaded intentionally.
[2025-05-23 16:56:15.646] [warn]  The resource https://discordapp.com/assets/dd24010f3cf7def7.woff2 was preloaded using link preload but not used within a few seconds from the window's load event. Please make sure it has an appropriate `as` value and it is preloaded intentionally.
[2025-05-23 16:56:15.646] [warn]  The resource https://discordapp.com/assets/7a6a566c2e88a35d.woff2 was preloaded using link preload but not used within a few seconds from the window's load event. Please make sure it has an appropriate `as` value and it is preloaded intentionally.
[2025-05-23 16:56:15.646] [warn]  The resource https://discordapp.com/assets/e52f0cba712e2fb4.woff2 was preloaded using link preload but not used within a few seconds from the window's load event. Please make sure it has an appropriate `as` value and it is preloaded intentionally.
[2025-05-23 16:56:15.646] [warn]  The resource https://discordapp.com/assets/ce3b8055f5114434.woff2 was preloaded using link preload but not used within a few seconds from the window's load event. Please make sure it has an appropriate `as` value and it is preloaded intentionally.
[2025-05-23 16:56:15.646] [warn]  The resource https://discordapp.com/assets/cb2006dbced0e246.woff2 was preloaded using link preload but not used within a few seconds from the window's load event. Please make sure it has an appropriate `as` value and it is preloaded intentionally.
[2025-05-23 16:56:25.949] [info]  [ConnectionEventFramerateReducer] BaseConnection.userSpeakingChange: Reduced framerate after 15000 ms.
[2025-05-23 16:56:26.143] [info]  [RTCControlSocket(default)] Sending heartbeat with last received sequence number: 33
[2025-05-23 16:56:26.352] [info]  [RTCControlSocket(default)] Heartbeat ACK received
[2025-05-23 16:56:39.893] [info]  [RTCControlSocket(default)] Sending heartbeat with last received sequence number: 33
[2025-05-23 16:56:40.035] [info]  [RTCControlSocket(default)] Heartbeat ACK received
[2025-05-23 16:56:43.345] [warn]  The resource https://discordapp.com/assets/189422196a4f8b53.woff2 was preloaded using link preload but not used within a few seconds from the window's load event. Please make sure it has an appropriate `as` value and it is preloaded intentionally.
[2025-05-23 16:56:43.346] [warn]  The resource https://discordapp.com/assets/dd24010f3cf7def7.woff2 was preloaded using link preload but not used within a few seconds from the window's load event. Please make sure it has an appropriate `as` value and it is preloaded intentionally.
[2025-05-23 16:56:43.346] [warn]  The resource https://discordapp.com/assets/7a6a566c2e88a35d.woff2 was preloaded using link preload but not used within a few seconds from the window's load event. Please make sure it has an appropriate `as` value and it is preloaded intentionally.
[2025-05-23 16:56:43.347] [warn]  The resource https://discordapp.com/assets/e52f0cba712e2fb4.woff2 was preloaded using link preload but not used within a few seconds from the window's load event. Please make sure it has an appropriate `as` value and it is preloaded intentionally.
[2025-05-23 16:56:43.347] [warn]  The resource https://discordapp.com/assets/ce3b8055f5114434.woff2 was preloaded using link preload but not used within a few seconds from the window's load event. Please make sure it has an appropriate `as` value and it is preloaded intentionally.
[2025-05-23 16:56:43.347] [warn]  The resource https://discordapp.com/assets/cb2006dbced0e246.woff2 was preloaded using link preload but not used within a few seconds from the window's load event. Please make sure it has an appropriate `as` value and it is preloaded intentionally.
[2025-05-23 16:56:53.643] [info]  [RTCControlSocket(default)] Sending heartbeat with last received sequence number: 33
[2025-05-23 16:56:53.731] [info]  [RTCControlSocket(default)] Heartbeat ACK received
[2025-05-23 16:57:07.393] [info]  [RTCControlSocket(default)] Sending heartbeat with last received sequence number: 33
[2025-05-23 16:57:07.784] [info]  [RTCControlSocket(default)] Heartbeat ACK received
[2025-05-23 16:57:12.046] [warn]  The resource https://discordapp.com/assets/189422196a4f8b53.woff2 was preloaded using link preload but not used within a few seconds from the window's load event. Please make sure it has an appropriate `as` value and it is preloaded intentionally.
[2025-05-23 16:57:12.047] [warn]  The resource https://discordapp.com/assets/dd24010f3cf7def7.woff2 was preloaded using link preload but not used within a few seconds from the window's load event. Please make sure it has an appropriate `as` value and it is preloaded intentionally.
[2025-05-23 16:57:12.048] [warn]  The resource https://discordapp.com/assets/7a6a566c2e88a35d.woff2 was preloaded using link preload but not used within a few seconds from the window's load event. Please make sure it has an appropriate `as` value and it is preloaded intentionally.
[2025-05-23 16:57:12.048] [warn]  The resource https://discordapp.com/assets/e52f0cba712e2fb4.woff2 was preloaded using link preload but not used within a few seconds from the window's load event. Please make sure it has an appropriate `as` value and it is preloaded intentionally.
[2025-05-23 16:57:12.048] [warn]  The resource https://discordapp.com/assets/ce3b8055f5114434.woff2 was preloaded using link preload but not used within a few seconds from the window's load event. Please make sure it has an appropriate `as` value and it is preloaded intentionally.
[2025-05-23 16:57:12.049] [warn]  The resource https://discordapp.com/assets/cb2006dbced0e246.woff2 was preloaded using link preload but not used within a few seconds from the window's load event. Please make sure it has an appropriate `as` value and it is preloaded intentionally.
[2025-05-23 16:57:18.177] [warn]  The resource https://discordapp.com/assets/189422196a4f8b53.woff2 was preloaded using link preload but not used within a few seconds from the window's load event. Please make sure it has an appropriate `as` value and it is preloaded intentionally.
[2025-05-23 16:57:18.178] [warn]  The resource https://discordapp.com/assets/dd24010f3cf7def7.woff2 was preloaded using link preload but not used within a few seconds from the window's load event. Please make sure it has an appropriate `as` value and it is preloaded intentionally.
[2025-05-23 16:57:18.178] [warn]  The resource https://discordapp.com/assets/7a6a566c2e88a35d.woff2 was preloaded using link preload but not used within a few seconds from the window's load event. Please make sure it has an appropriate `as` value and it is preloaded intentionally.
[2025-05-23 16:57:18.178] [warn]  The resource https://discordapp.com/assets/e52f0cba712e2fb4.woff2 was preloaded using link preload but not used within a few seconds from the window's load event. Please make sure it has an appropriate `as` value and it is preloaded intentionally.
[2025-05-23 16:57:18.179] [warn]  The resource https://discordapp.com/assets/ce3b8055f5114434.woff2 was preloaded using link preload but not used within a few seconds from the window's load event. Please make sure it has an appropriate `as` value and it is preloaded intentionally.
[2025-05-23 16:57:18.179] [warn]  The resource https://discordapp.com/assets/cb2006dbced0e246.woff2 was preloaded using link preload but not used within a few seconds from the window's load event. Please make sure it has an appropriate `as` value and it is preloaded intentionally.
[2025-05-23 16:57:21.143] [info]  [RTCControlSocket(default)] Sending heartbeat with last received sequence number: 33
[2025-05-23 16:57:21.231] [info]  [RTCControlSocket(default)] Heartbeat ACK received
[2025-05-23 16:57:34.893] [info]  [RTCControlSocket(default)] Sending heartbeat with last received sequence number: 33
[2025-05-23 16:57:36.003] [info]  [RTCControlSocket(default)] Heartbeat ACK received
[2025-05-23 16:57:48.643] [info]  [RTCControlSocket(default)] Sending heartbeat with last received sequence number: 33
[2025-05-23 16:57:48.817] [info]  [RTCControlSocket(default)] Heartbeat ACK received
[2025-05-23 16:58:02.393] [info]  [RTCControlSocket(default)] Sending heartbeat with last received sequence number: 33
[2025-05-23 16:58:02.495] [info]  [RTCControlSocket(default)] Heartbeat ACK received
[2025-05-23 16:58:16.143] [info]  [RTCControlSocket(default)] Sending heartbeat with last received sequence number: 33
[2025-05-23 16:58:16.208] [info]  [RTCControlSocket(default)] Heartbeat ACK received
[2025-05-23 16:58:29.901] [info]  [RTCControlSocket(default)] Sending heartbeat with last received sequence number: 33
[2025-05-23 16:58:29.988] [info]  [RTCControlSocket(default)] Heartbeat ACK received
[2025-05-23 16:58:43.643] [info]  [RTCControlSocket(default)] Sending heartbeat with last received sequence number: 33
[2025-05-23 16:58:44.639] [info]  [RTCControlSocket(default)] Heartbeat ACK received
[2025-05-23 16:58:57.393] [info]  [RTCControlSocket(default)] Sending heartbeat with last received sequence number: 33
[2025-05-23 16:58:57.460] [info]  [RTCControlSocket(default)] Heartbeat ACK received
[2025-05-23 16:59:01.096] [warn]  The resource https://discordapp.com/assets/189422196a4f8b53.woff2 was preloaded using link preload but not used within a few seconds from the window's load event. Please make sure it has an appropriate `as` value and it is preloaded intentionally.
[2025-05-23 16:59:01.097] [warn]  The resource https://discordapp.com/assets/dd24010f3cf7def7.woff2 was preloaded using link preload but not used within a few seconds from the window's load event. Please make sure it has an appropriate `as` value and it is preloaded intentionally.
[2025-05-23 16:59:01.098] [warn]  The resource https://discordapp.com/assets/7a6a566c2e88a35d.woff2 was preloaded using link preload but not used within a few seconds from the window's load event. Please make sure it has an appropriate `as` value and it is preloaded intentionally.
[2025-05-23 16:59:01.099] [warn]  The resource https://discordapp.com/assets/e52f0cba712e2fb4.woff2 was preloaded using link preload but not used within a few seconds from the window's load event. Please make sure it has an appropriate `as` value and it is preloaded intentionally.
[2025-05-23 16:59:01.099] [warn]  The resource https://discordapp.com/assets/ce3b8055f5114434.woff2 was preloaded using link preload but not used within a few seconds from the window's load event. Please make sure it has an appropriate `as` value and it is preloaded intentionally.
[2025-05-23 16:59:01.100] [warn]  The resource https://discordapp.com/assets/cb2006dbced0e246.woff2 was preloaded using link preload but not used within a few seconds from the window's load event. Please make sure it has an appropriate `as` value and it is preloaded intentionally.
[2025-05-23 16:59:04.565] [warn]  The resource https://discordapp.com/assets/189422196a4f8b53.woff2 was preloaded using link preload but not used within a few seconds from the window's load event. Please make sure it has an appropriate `as` value and it is preloaded intentionally.
[2025-05-23 16:59:04.566] [warn]  The resource https://discordapp.com/assets/dd24010f3cf7def7.woff2 was preloaded using link preload but not used within a few seconds from the window's load event. Please make sure it has an appropriate `as` value and it is preloaded intentionally.
[2025-05-23 16:59:04.566] [warn]  The resource https://discordapp.com/assets/7a6a566c2e88a35d.woff2 was preloaded using link preload but not used within a few seconds from the window's load event. Please make sure it has an appropriate `as` value and it is preloaded intentionally.
[2025-05-23 16:59:04.567] [warn]  The resource https://discordapp.com/assets/e52f0cba712e2fb4.woff2 was preloaded using link preload but not used within a few seconds from the window's load event. Please make sure it has an appropriate `as` value and it is preloaded intentionally.
[2025-05-23 16:59:04.567] [warn]  The resource https://discordapp.com/assets/ce3b8055f5114434.woff2 was preloaded using link preload but not used within a few seconds from the window's load event. Please make sure it has an appropriate `as` value and it is preloaded intentionally.
[2025-05-23 16:59:04.567] [warn]  The resource https://discordapp.com/assets/cb2006dbced0e246.woff2 was preloaded using link preload but not used within a few seconds from the window's load event. Please make sure it has an appropriate `as` value and it is preloaded intentionally.
[2025-05-23 16:59:11.143] [info]  [RTCControlSocket(default)] Sending heartbeat with last received sequence number: 33
[2025-05-23 16:59:11.211] [info]  [RTCControlSocket(default)] Heartbeat ACK received
[2025-05-23 16:59:18.566] [warn]  The resource https://discordapp.com/assets/189422196a4f8b53.woff2 was preloaded using link preload but not used within a few seconds from the window's load event. Please make sure it has an appropriate `as` value and it is preloaded intentionally.
[2025-05-23 16:59:18.567] [warn]  The resource https://discordapp.com/assets/dd24010f3cf7def7.woff2 was preloaded using link preload but not used within a few seconds from the window's load event. Please make sure it has an appropriate `as` value and it is preloaded intentionally.
[2025-05-23 16:59:18.567] [warn]  The resource https://discordapp.com/assets/7a6a566c2e88a35d.woff2 was preloaded using link preload but not used within a few seconds from the window's load event. Please make sure it has an appropriate `as` value and it is preloaded intentionally.
[2025-05-23 16:59:18.568] [warn]  The resource https://discordapp.com/assets/e52f0cba712e2fb4.woff2 was preloaded using link preload but not used within a few seconds from the window's load event. Please make sure it has an appropriate `as` value and it is preloaded intentionally.
[2025-05-23 16:59:18.568] [warn]  The resource https://discordapp.com/assets/ce3b8055f5114434.woff2 was preloaded using link preload but not used within a few seconds from the window's load event. Please make sure it has an appropriate `as` value and it is preloaded intentionally.
[2025-05-23 16:59:18.568] [warn]  The resource https://discordapp.com/assets/cb2006dbced0e246.woff2 was preloaded using link preload but not used within a few seconds from the window's load event. Please make sure it has an appropriate `as` value and it is preloaded intentionally.
[2025-05-23 16:59:24.893] [info]  [RTCControlSocket(default)] Sending heartbeat with last received sequence number: 33
[2025-05-23 16:59:24.969] [info]  [RTCControlSocket(default)] Heartbeat ACK received
[2025-05-23 16:59:32.800] [info]  [Routing/Utils] transitionTo - Transitioning to /channels/741237973663612969/1089939564862382131
[2025-05-23 16:59:32.829] [info]  [HDStreamingConsumableModal] Setting bitrates 
[2025-05-23 16:59:32.860] [info]  [StreamTile] Stream Tile State - activeStream: true | selected: false | Video: true | MediaEngine: true
[2025-05-23 16:59:32.885] [info]  [StreamTile] Stream Tile State - activeStream: true | selected: true | Video: true | MediaEngine: true
[2025-05-23 16:59:33.241] [info]  [StreamTile] Stream Tile State - activeStream: true | selected: false | Video: true | MediaEngine: true
[2025-05-23 16:59:33.241] [info]  [StreamTile] Stream Tile State - activeStream: true | selected: true | Video: true | MediaEngine: true
[2025-05-23 16:59:33.309] [info]  [RTCControlSocket(stream)] [CONNECT] wss://madrid9811.discord.media:443/
[2025-05-23 16:59:33.309] [info]  [RTCConnection(1375578841275306155, stream)] Connecting to RTC server wss://madrid9811.discord.media:443/, rtc-connection-id: 6976f8e7-e77c-4e74-a370-f161166ac64c, channel: 1089939564862382131(2)
[2025-05-23 16:59:33.309] [info]  [RTCConnection(1375578841275306155, stream)] RTC connection state: AWAITING_ENDPOINT => CONNECTING
[2025-05-23 16:59:34.068] [info]  [RTCConnection(1375578841275306155, stream)] Connected to RTC server.
[2025-05-23 16:59:34.069] [info]  [RTCConnection(1375578841275306155, stream)] RTC connection state: CONNECTING => AUTHENTICATING
[2025-05-23 16:59:34.073] [info]  [RTCControlSocket(stream)] [CONNECTED] wss://madrid9811.discord.media:443/ in 765 ms
[2025-05-23 16:59:34.074] [info]  [RTCControlSocket(stream)] [HELLO] heartbeat interval: 13750, version: 8, took 766 ms
[2025-05-23 16:59:34.075] [info]  [RTCControlSocket(stream)] Starting heartbeat with interval: 13750
[2025-05-23 16:59:34.348] [info]  [RTCControlSocket(stream)] [READY] took 1039 ms
[2025-05-23 16:59:34.350] [info]  [RTCConnection(1375578841275306155, stream)] RTC connection state: AUTHENTICATING => RTC_CONNECTING
[2025-05-23 16:59:34.358] [info]  [Connection(stream)] Creating connection to 66.22.241.38:50004 with audio ssrc: 27055
[2025-05-23 16:59:34.635] [info]  [Connection(stream)] Connected with local address 181.115.167.15:7597 and protocol: udp
[2025-05-23 16:59:34.637] [info]  [Connection(stream)] Available codecs: "[{\"codec\":\"AV1\",\"decode\":true,\"encode\":false},{\"codec\":\"H264\",\"decode\":true,\"encode\":true},{\"codec\":\"VP8\",\"decode\":true,\"encode\":true},{\"codec\":\"VP9\",\"decode\":true,\"encode\":false}]\n"
[2025-05-23 16:59:34.638] [info]  [Connection(stream)] Experimental codecs: [{"name":"AV1","encode":false,"decode":true}]
[2025-05-23 16:59:34.639] [info]  [Connection(stream)] Audio codecs: opus
[2025-05-23 16:59:34.639] [info]  [Connection(stream)] Video codecs: AV1[encode: false, decode: true],H264[encode: true, decode: true],VP8[encode: true, decode: true],VP9[encode: false, decode: true]
[2025-05-23 16:59:34.648] [info]  [Connection(stream)] Encryption modes: aead_aes256_gcm_rtpsize,aead_aes256_gcm,aead_xchacha20_poly1305_rtpsize,xsalsa20_poly1305_lite_rtpsize,xsalsa20_poly1305_lite,xsalsa20_poly1305_suffix,xsalsa20_poly1305
[2025-05-23 16:59:34.651] [info]  [Connection(stream)] Connection state change: CONNECTING => CONNECTED
[2025-05-23 16:59:34.652] [info]  [RTCConnection(1375578841275306155, stream)] RTC media connection state change: RTC_CONNECTING => CONNECTED
[2025-05-23 16:59:34.652] [info]  [RTCConnection(1375578841275306155, stream)] RTC connection state: RTC_CONNECTING => RTC_CONNECTED
[2025-05-23 16:59:34.656] [info]  [RTCConnection(1375578841275306155, stream)] Go Live Media sink wants: {"27050":100,"resolutionWants":{"27050":{"width":0,"height":0}}}
[2025-05-23 16:59:34.657] [info]  [RTCConnection(1375578841275306155, stream)] RTC connected to media server: 66.22.241.38:50004
[2025-05-23 16:59:34.658] [info]  [RTCConnection(1375578841275306155, stream)] Sending UDP info to RTC server. [object Object] fixed_keyframe_interval,keyframe_on_join
[2025-05-23 16:59:34.659] [info]  [Connection(stream)] Creating user: 1138460965936046240 with audio SSRC: 27049 and video SSRCs: 27050
[2025-05-23 16:59:34.900] [info]  [DirectVideo] create video element for 7, readyState=0
[2025-05-23 16:59:34.901] [info]  [DirectVideo] attaching srcObject for 7
[2025-05-23 16:59:34.902] [info]  Subscribing to direct frames for streamId 7
[2025-05-23 16:59:34.954] [info]  [RTCConnection(1375578841275306155, stream)] Setting media-session-id: 31901d6c8db987e0c4f762a5ac03d462 for rtc-connection-id: 6976f8e7-e77c-4e74-a370-f161166ac64c
[2025-05-23 16:59:34.955] [info]  [Connection(stream)] Selected encryption mode: aead_aes256_gcm_rtpsize
[2025-05-23 16:59:34.956] [info]  [RTCConnection(1375578841275306155, stream)] DAVE protocol init with protocol version: 1
[2025-05-23 16:59:34.964] [info]  [Connection(stream)] DAVE protocol state update: {"version":1,"epochAuthenticator":""}
[2025-05-23 16:59:34.964] [info]  [RTCConnection(1375578841275306155, stream)] Got MLS key package, sending to RTC server
[2025-05-23 16:59:34.965] [info]  [RTCControlSocket(stream)] Sending MLS key package
[2025-05-23 16:59:34.965] [info]  [RTCConnection(1375578841275306155, stream)] Remote media sink wants: {"any":100}
[2025-05-23 16:59:34.965] [info]  [RTCConnection(1375578841275306155, stream)] Received MLS external sender package
[2025-05-23 16:59:34.965] [info]  [RTCConnection(1375578841275306155, stream)] Received MLS proposals
[2025-05-23 16:59:34.970] [info]  [RTCConnection(1375578841275306155, stream)] Sending MLS commit welcome message
[2025-05-23 16:59:34.970] [info]  [RTCControlSocket(stream)] Sending MLS commit + welcome message
[2025-05-23 16:59:35.198] [error] ResizeObserver loop completed with undelivered notifications.
[2025-05-23 16:59:35.200] [info]  [RTCConnection(1375578841275306155, stream)] Received MLS commit for transition ID 1
[2025-05-23 16:59:35.203] [info]  [RTCConnection(1375578841275306155, stream)] Sending DAVE protocol ready for transition ID 1
[2025-05-23 16:59:35.405] [info]  [RTCConnection(1375578841275306155, stream)] Go Live Media sink wants: {"27050":100,"resolutionWants":{"27050":{"width":561,"height":316}}}
[2025-05-23 16:59:35.410] [info]  [RTCConnection(1375578841275306155, stream)] Executing DAVE protocol transition: 1
[2025-05-23 16:59:35.411] [info]  [Connection(stream)] DAVE protocol state update: {"version":1,"epochAuthenticator":"UPjukaR4io5Bhon1fvhlPRs1mclKCRUk6QLM/pw7Jts="}
[2025-05-23 16:59:36.591] [info]  [DirectVideo] handleReady for 7, have onReady callback = true
[2025-05-23 16:59:36.594] [info]  [VideoStream] spinner visible for 1692 ms
      [remote_stream, count for stream: 1]
[2025-05-23 16:59:38.207] [info]  [Routing/Utils] transitionTo - Transitioning to /channels/741237973663612969/1089939564862382131
[2025-05-23 16:59:38.238] [info]  [StreamTile] Stream Tile State - activeStream: true | selected: false | Video: true | MediaEngine: true
[2025-05-23 16:59:38.239] [info]  [StreamTile] Stream Tile State - activeStream: true | selected: true | Video: true | MediaEngine: true
[2025-05-23 16:59:38.643] [info]  [RTCControlSocket(default)] Sending heartbeat with last received sequence number: 33
[2025-05-23 16:59:38.734] [info]  [RTCControlSocket(default)] Heartbeat ACK received
[2025-05-23 16:59:43.751] [info]  [HDStreamingConsumableModal] Setting bitrates 9000000
[2025-05-23 16:59:46.234] [info]  [ConnectionEventFramerateReducer] BaseConnection.userSpeakingChange: Reduced framerate after 15000 ms.
[2025-05-23 16:59:46.462] [error] [KeyboardLayoutMapUtils] KeyboardMapper - Key code mismatch for key alt: 64 !== 18
[2025-05-23 16:59:47.116] [info]  [RTCConnection(1375578841275306155, stream)] Go Live Media sink wants: {"27050":100,"resolutionWants":{"27050":{"width":1364,"height":767}}}
[2025-05-23 16:59:47.825] [info]  [RTCControlSocket(stream)] Sending heartbeat with last received sequence number: 9
[2025-05-23 16:59:48.070] [info]  [RTCControlSocket(stream)] Heartbeat ACK received
[2025-05-23 16:59:49.666] [info]  [ConnectionEventFramerateReducer] BaseConnection.userSpeakingChange: Reduced framerate after 15000 ms.
[2025-05-23 16:59:50.872] [warn]  The resource https://discordapp.com/assets/189422196a4f8b53.woff2 was preloaded using link preload but not used within a few seconds from the window's load event. Please make sure it has an appropriate `as` value and it is preloaded intentionally.
[2025-05-23 16:59:50.873] [warn]  The resource https://discordapp.com/assets/dd24010f3cf7def7.woff2 was preloaded using link preload but not used within a few seconds from the window's load event. Please make sure it has an appropriate `as` value and it is preloaded intentionally.
[2025-05-23 16:59:50.874] [warn]  The resource https://discordapp.com/assets/7a6a566c2e88a35d.woff2 was preloaded using link preload but not used within a few seconds from the window's load event. Please make sure it has an appropriate `as` value and it is preloaded intentionally.
[2025-05-23 16:59:50.875] [warn]  The resource https://discordapp.com/assets/e52f0cba712e2fb4.woff2 was preloaded using link preload but not used within a few seconds from the window's load event. Please make sure it has an appropriate `as` value and it is preloaded intentionally.
[2025-05-23 16:59:50.876] [warn]  The resource https://discordapp.com/assets/ce3b8055f5114434.woff2 was preloaded using link preload but not used within a few seconds from the window's load event. Please make sure it has an appropriate `as` value and it is preloaded intentionally.
[2025-05-23 16:59:50.877] [warn]  The resource https://discordapp.com/assets/cb2006dbced0e246.woff2 was preloaded using link preload but not used within a few seconds from the window's load event. Please make sure it has an appropriate `as` value and it is preloaded intentionally.
[2025-05-23 16:59:52.393] [info]  [RTCControlSocket(default)] Sending heartbeat with last received sequence number: 33
[2025-05-23 16:59:52.465] [info]  [RTCControlSocket(default)] Heartbeat ACK received
[2025-05-23 16:59:53.833] [info]  [HDStreamingConsumableModal] Setting bitrates 9000000
[2025-05-23 17:00:01.574] [info]  [RTCControlSocket(stream)] Sending heartbeat with last received sequence number: 9
[2025-05-23 17:00:01.926] [info]  [RTCControlSocket(stream)] Heartbeat ACK received
[2025-05-23 17:00:03.888] [info]  [HDStreamingConsumableModal] Setting bitrates 9000000
[2025-05-23 17:00:06.143] [info]  [RTCControlSocket(default)] Sending heartbeat with last received sequence number: 33
[2025-05-23 17:00:06.229] [info]  [RTCControlSocket(default)] Heartbeat ACK received
[2025-05-23 17:00:13.948] [info]  [HDStreamingConsumableModal] Setting bitrates 9000000
[2025-05-23 17:00:15.325] [info]  [RTCControlSocket(stream)] Sending heartbeat with last received sequence number: 9
[2025-05-23 17:00:15.686] [info]  [RTCControlSocket(stream)] Heartbeat ACK received
[2025-05-23 17:00:19.893] [info]  [RTCControlSocket(default)] Sending heartbeat with last received sequence number: 33
[2025-05-23 17:00:20.004] [info]  [RTCControlSocket(default)] Heartbeat ACK received
[2025-05-23 17:00:24.026] [info]  [HDStreamingConsumableModal] Setting bitrates 9000000
[2025-05-23 17:00:29.075] [info]  [RTCControlSocket(stream)] Sending heartbeat with last received sequence number: 9
[2025-05-23 17:00:29.283] [info]  [RTCControlSocket(stream)] Heartbeat ACK received
[2025-05-23 17:00:33.643] [info]  [RTCControlSocket(default)] Sending heartbeat with last received sequence number: 33
[2025-05-23 17:00:33.760] [info]  [RTCControlSocket(default)] Heartbeat ACK received
[2025-05-23 17:00:34.104] [info]  [HDStreamingConsumableModal] Setting bitrates 9000000
[2025-05-23 17:00:42.825] [info]  [RTCControlSocket(stream)] Sending heartbeat with last received sequence number: 9
[2025-05-23 17:00:43.052] [info]  [RTCControlSocket(stream)] Heartbeat ACK received
[2025-05-23 17:00:44.176] [info]  [HDStreamingConsumableModal] Setting bitrates 9000000
[2025-05-23 17:00:47.393] [info]  [RTCControlSocket(default)] Sending heartbeat with last received sequence number: 33
[2025-05-23 17:00:47.481] [info]  [RTCControlSocket(default)] Heartbeat ACK received
[2025-05-23 17:00:54.249] [info]  [HDStreamingConsumableModal] Setting bitrates 9000000
[2025-05-23 17:00:56.575] [info]  [RTCControlSocket(stream)] Sending heartbeat with last received sequence number: 9
[2025-05-23 17:00:56.808] [info]  [RTCControlSocket(stream)] Heartbeat ACK received
[2025-05-23 17:01:01.143] [info]  [RTCControlSocket(default)] Sending heartbeat with last received sequence number: 33
[2025-05-23 17:01:01.218] [info]  [RTCControlSocket(default)] Heartbeat ACK received
[2025-05-23 17:01:04.327] [info]  [HDStreamingConsumableModal] Setting bitrates 9000000
[2025-05-23 17:01:05.620] [warn]  The resource https://discordapp.com/assets/189422196a4f8b53.woff2 was preloaded using link preload but not used within a few seconds from the window's load event. Please make sure it has an appropriate `as` value and it is preloaded intentionally.
[2025-05-23 17:01:05.621] [warn]  The resource https://discordapp.com/assets/dd24010f3cf7def7.woff2 was preloaded using link preload but not used within a few seconds from the window's load event. Please make sure it has an appropriate `as` value and it is preloaded intentionally.
[2025-05-23 17:01:05.622] [warn]  The resource https://discordapp.com/assets/7a6a566c2e88a35d.woff2 was preloaded using link preload but not used within a few seconds from the window's load event. Please make sure it has an appropriate `as` value and it is preloaded intentionally.
[2025-05-23 17:01:05.623] [warn]  The resource https://discordapp.com/assets/e52f0cba712e2fb4.woff2 was preloaded using link preload but not used within a few seconds from the window's load event. Please make sure it has an appropriate `as` value and it is preloaded intentionally.
[2025-05-23 17:01:05.624] [warn]  The resource https://discordapp.com/assets/ce3b8055f5114434.woff2 was preloaded using link preload but not used within a few seconds from the window's load event. Please make sure it has an appropriate `as` value and it is preloaded intentionally.
[2025-05-23 17:01:05.625] [warn]  The resource https://discordapp.com/assets/cb2006dbced0e246.woff2 was preloaded using link preload but not used within a few seconds from the window's load event. Please make sure it has an appropriate `as` value and it is preloaded intentionally.
[2025-05-23 17:01:10.325] [info]  [RTCControlSocket(stream)] Sending heartbeat with last received sequence number: 9
[2025-05-23 17:01:10.523] [info]  [RTCControlSocket(stream)] Heartbeat ACK received
[2025-05-23 17:01:14.407] [info]  [HDStreamingConsumableModal] Setting bitrates 9000000
[2025-05-23 17:01:14.893] [info]  [RTCControlSocket(default)] Sending heartbeat with last received sequence number: 33
[2025-05-23 17:01:14.966] [info]  [RTCControlSocket(default)] Heartbeat ACK received
[2025-05-23 17:01:24.075] [info]  [RTCControlSocket(stream)] Sending heartbeat with last received sequence number: 9
[2025-05-23 17:01:24.286] [info]  [RTCControlSocket(stream)] Heartbeat ACK received
[2025-05-23 17:01:24.477] [info]  [HDStreamingConsumableModal] Setting bitrates 9000000
[2025-05-23 17:01:28.643] [info]  [RTCControlSocket(default)] Sending heartbeat with last received sequence number: 33
[2025-05-23 17:01:28.713] [info]  [RTCControlSocket(default)] Heartbeat ACK received
[2025-05-23 17:01:34.553] [info]  [HDStreamingConsumableModal] Setting bitrates 9000000
[2025-05-23 17:01:37.825] [info]  [RTCControlSocket(stream)] Sending heartbeat with last received sequence number: 9
[2025-05-23 17:01:38.048] [info]  [RTCControlSocket(stream)] Heartbeat ACK received
[2025-05-23 17:01:42.393] [info]  [RTCControlSocket(default)] Sending heartbeat with last received sequence number: 33
[2025-05-23 17:01:42.460] [info]  [RTCControlSocket(default)] Heartbeat ACK received
[2025-05-23 17:01:44.634] [info]  [HDStreamingConsumableModal] Setting bitrates 9000000
[2025-05-23 17:01:51.575] [info]  [RTCControlSocket(stream)] Sending heartbeat with last received sequence number: 9
[2025-05-23 17:01:51.811] [info]  [RTCControlSocket(stream)] Heartbeat ACK received
[2025-05-23 17:01:54.711] [info]  [HDStreamingConsumableModal] Setting bitrates 9000000
[2025-05-23 17:01:56.143] [info]  [RTCControlSocket(default)] Sending heartbeat with last received sequence number: 33
[2025-05-23 17:01:56.211] [info]  [RTCControlSocket(default)] Heartbeat ACK received
[2025-05-23 17:02:04.782] [info]  [HDStreamingConsumableModal] Setting bitrates 9000000
[2025-05-23 17:02:05.325] [info]  [RTCControlSocket(stream)] Sending heartbeat with last received sequence number: 9
[2025-05-23 17:02:05.524] [info]  [RTCControlSocket(stream)] Heartbeat ACK received
[2025-05-23 17:02:09.893] [info]  [RTCControlSocket(default)] Sending heartbeat with last received sequence number: 33
[2025-05-23 17:02:09.963] [info]  [RTCControlSocket(default)] Heartbeat ACK received
[2025-05-23 17:02:14.862] [info]  [HDStreamingConsumableModal] Setting bitrates 9000000
[2025-05-23 17:02:19.075] [info]  [RTCControlSocket(stream)] Sending heartbeat with last received sequence number: 9
[2025-05-23 17:02:19.276] [info]  [RTCControlSocket(stream)] Heartbeat ACK received
[2025-05-23 17:02:23.643] [info]  [RTCControlSocket(default)] Sending heartbeat with last received sequence number: 33
[2025-05-23 17:02:23.710] [info]  [RTCControlSocket(default)] Heartbeat ACK received
[2025-05-23 17:02:24.944] [info]  [HDStreamingConsumableModal] Setting bitrates 9000000
[2025-05-23 17:02:32.825] [info]  [RTCControlSocket(stream)] Sending heartbeat with last received sequence number: 9
[2025-05-23 17:02:33.025] [info]  [RTCControlSocket(stream)] Heartbeat ACK received
[2025-05-23 17:02:34.177] [warn]  The resource https://discordapp.com/assets/189422196a4f8b53.woff2 was preloaded using link preload but not used within a few seconds from the window's load event. Please make sure it has an appropriate `as` value and it is preloaded intentionally.
[2025-05-23 17:02:34.178] [warn]  The resource https://discordapp.com/assets/dd24010f3cf7def7.woff2 was preloaded using link preload but not used within a few seconds from the window's load event. Please make sure it has an appropriate `as` value and it is preloaded intentionally.
[2025-05-23 17:02:34.178] [warn]  The resource https://discordapp.com/assets/7a6a566c2e88a35d.woff2 was preloaded using link preload but not used within a few seconds from the window's load event. Please make sure it has an appropriate `as` value and it is preloaded intentionally.
[2025-05-23 17:02:34.179] [warn]  The resource https://discordapp.com/assets/e52f0cba712e2fb4.woff2 was preloaded using link preload but not used within a few seconds from the window's load event. Please make sure it has an appropriate `as` value and it is preloaded intentionally.
[2025-05-23 17:02:34.179] [warn]  The resource https://discordapp.com/assets/ce3b8055f5114434.woff2 was preloaded using link preload but not used within a few seconds from the window's load event. Please make sure it has an appropriate `as` value and it is preloaded intentionally.
[2025-05-23 17:02:34.179] [warn]  The resource https://discordapp.com/assets/cb2006dbced0e246.woff2 was preloaded using link preload but not used within a few seconds from the window's load event. Please make sure it has an appropriate `as` value and it is preloaded intentionally.
[2025-05-23 17:02:35.019] [info]  [HDStreamingConsumableModal] Setting bitrates 9000000
[2025-05-23 17:02:36.513] [info]  [RTCConnection(1375578841275306155, stream)] Go Live Media sink wants: {"27050":100,"resolutionWants":{"27050":{"width":561,"height":316}}}
[2025-05-23 17:02:37.393] [info]  [RTCControlSocket(default)] Sending heartbeat with last received sequence number: 33
[2025-05-23 17:02:37.466] [info]  [RTCControlSocket(default)] Heartbeat ACK received
[2025-05-23 17:02:41.164] [info]  [RTCConnection(1375578841275306155, stream)] Go Live Media sink wants: {"27050":100,"resolutionWants":{"27050":{"width":1239,"height":697}}}
[2025-05-23 17:02:42.810] [info]  [RTCConnection(1375578841275306155, stream)] Go Live Media sink wants: {"27050":100,"resolutionWants":{"27050":{"width":561,"height":316}}}
[2025-05-23 17:02:45.165] [info]  [HDStreamingConsumableModal] Setting bitrates 9000000
[2025-05-23 17:02:46.575] [info]  [RTCControlSocket(stream)] Sending heartbeat with last received sequence number: 9
[2025-05-23 17:02:46.771] [info]  [RTCControlSocket(stream)] Heartbeat ACK received
[2025-05-23 17:02:47.836] [warn]  The resource https://discordapp.com/assets/189422196a4f8b53.woff2 was preloaded using link preload but not used within a few seconds from the window's load event. Please make sure it has an appropriate `as` value and it is preloaded intentionally.
[2025-05-23 17:02:47.837] [warn]  The resource https://discordapp.com/assets/dd24010f3cf7def7.woff2 was preloaded using link preload but not used within a few seconds from the window's load event. Please make sure it has an appropriate `as` value and it is preloaded intentionally.
[2025-05-23 17:02:47.837] [warn]  The resource https://discordapp.com/assets/7a6a566c2e88a35d.woff2 was preloaded using link preload but not used within a few seconds from the window's load event. Please make sure it has an appropriate `as` value and it is preloaded intentionally.
[2025-05-23 17:02:47.837] [warn]  The resource https://discordapp.com/assets/e52f0cba712e2fb4.woff2 was preloaded using link preload but not used within a few seconds from the window's load event. Please make sure it has an appropriate `as` value and it is preloaded intentionally.
[2025-05-23 17:02:47.837] [warn]  The resource https://discordapp.com/assets/ce3b8055f5114434.woff2 was preloaded using link preload but not used within a few seconds from the window's load event. Please make sure it has an appropriate `as` value and it is preloaded intentionally.
[2025-05-23 17:02:47.837] [warn]  The resource https://discordapp.com/assets/cb2006dbced0e246.woff2 was preloaded using link preload but not used within a few seconds from the window's load event. Please make sure it has an appropriate `as` value and it is preloaded intentionally.
[2025-05-23 17:02:48.543] [info]  [RTCConnection(1375578841275306155, stream)] Go Live Media sink wants: {"27050":100,"resolutionWants":{"27050":{"width":672,"height":378}}}
[2025-05-23 17:02:51.143] [info]  [RTCControlSocket(default)] Sending heartbeat with last received sequence number: 33
[2025-05-23 17:02:51.209] [info]  [RTCControlSocket(default)] Heartbeat ACK received
[2025-05-23 17:02:52.353] [warn]  The resource https://discordapp.com/assets/189422196a4f8b53.woff2 was preloaded using link preload but not used within a few seconds from the window's load event. Please make sure it has an appropriate `as` value and it is preloaded intentionally.
[2025-05-23 17:02:52.354] [warn]  The resource https://discordapp.com/assets/dd24010f3cf7def7.woff2 was preloaded using link preload but not used within a few seconds from the window's load event. Please make sure it has an appropriate `as` value and it is preloaded intentionally.
[2025-05-23 17:02:52.354] [warn]  The resource https://discordapp.com/assets/7a6a566c2e88a35d.woff2 was preloaded using link preload but not used within a few seconds from the window's load event. Please make sure it has an appropriate `as` value and it is preloaded intentionally.
[2025-05-23 17:02:52.354] [warn]  The resource https://discordapp.com/assets/e52f0cba712e2fb4.woff2 was preloaded using link preload but not used within a few seconds from the window's load event. Please make sure it has an appropriate `as` value and it is preloaded intentionally.
[2025-05-23 17:02:52.355] [warn]  The resource https://discordapp.com/assets/ce3b8055f5114434.woff2 was preloaded using link preload but not used within a few seconds from the window's load event. Please make sure it has an appropriate `as` value and it is preloaded intentionally.
[2025-05-23 17:02:52.355] [warn]  The resource https://discordapp.com/assets/cb2006dbced0e246.woff2 was preloaded using link preload but not used within a few seconds from the window's load event. Please make sure it has an appropriate `as` value and it is preloaded intentionally.
[2025-05-23 17:02:55.244] [info]  [HDStreamingConsumableModal] Setting bitrates 9000000
[2025-05-23 17:03:00.325] [info]  [RTCControlSocket(stream)] Sending heartbeat with last received sequence number: 9
[2025-05-23 17:03:00.526] [info]  [RTCControlSocket(stream)] Heartbeat ACK received
[2025-05-23 17:03:04.893] [info]  [RTCControlSocket(default)] Sending heartbeat with last received sequence number: 33
[2025-05-23 17:03:04.962] [info]  [RTCControlSocket(default)] Heartbeat ACK received
[2025-05-23 17:03:05.334] [info]  [HDStreamingConsumableModal] Setting bitrates 9000000
[2025-05-23 17:03:14.075] [info]  [RTCControlSocket(stream)] Sending heartbeat with last received sequence number: 9
[2025-05-23 17:03:14.272] [info]  [RTCControlSocket(stream)] Heartbeat ACK received
[2025-05-23 17:03:15.427] [info]  [HDStreamingConsumableModal] Setting bitrates 9000000
[2025-05-23 17:03:18.643] [info]  [RTCControlSocket(default)] Sending heartbeat with last received sequence number: 33
[2025-05-23 17:03:18.718] [info]  [RTCControlSocket(default)] Heartbeat ACK received
[2025-05-23 17:03:25.496] [info]  [HDStreamingConsumableModal] Setting bitrates 9000000
[2025-05-23 17:03:27.825] [info]  [RTCControlSocket(stream)] Sending heartbeat with last received sequence number: 9
[2025-05-23 17:03:28.147] [info]  [RTCControlSocket(stream)] Heartbeat ACK received
[2025-05-23 17:03:32.393] [info]  [RTCControlSocket(default)] Sending heartbeat with last received sequence number: 33
[2025-05-23 17:03:32.554] [info]  [RTCControlSocket(default)] Heartbeat ACK received
[2025-05-23 17:03:35.572] [info]  [HDStreamingConsumableModal] Setting bitrates 9000000
[2025-05-23 17:03:40.048] [info]  [RTCConnection(741237973663612969, default)] Updating channel: 1089939564862382131(2)
[2025-05-23 17:03:40.052] [error] [AVError] AV error reported: stream-view-high-packet-loss {"channelId":"1089939564862382131","mediaSessionId":"31901d6c8db987e0c4f762a5ac03d462","rtcConnectionId":"6976f8e7-e77c-4e74-a370-f161166ac64c","mediaContext":"stream","streamKey":"guild:741237973663612969:1089939564862382131:1138460965936046240","videoDeviceName":"","audioInputDeviceName":"Default: Built-in Audio Analog Stereo","audioOutputDeviceName":"Default: Built-in Audio Analog Stereo"}
[2025-05-23 17:03:41.575] [info]  [RTCControlSocket(stream)] Sending heartbeat with last received sequence number: 9
[2025-05-23 17:03:41.770] [info]  [RTCControlSocket(stream)] Heartbeat ACK received
[2025-05-23 17:03:43.378] [warn]  The resource https://discordapp.com/assets/189422196a4f8b53.woff2 was preloaded using link preload but not used within a few seconds from the window's load event. Please make sure it has an appropriate `as` value and it is preloaded intentionally.
[2025-05-23 17:03:43.379] [warn]  The resource https://discordapp.com/assets/dd24010f3cf7def7.woff2 was preloaded using link preload but not used within a few seconds from the window's load event. Please make sure it has an appropriate `as` value and it is preloaded intentionally.
[2025-05-23 17:03:43.379] [warn]  The resource https://discordapp.com/assets/7a6a566c2e88a35d.woff2 was preloaded using link preload but not used within a few seconds from the window's load event. Please make sure it has an appropriate `as` value and it is preloaded intentionally.
[2025-05-23 17:03:43.379] [warn]  The resource https://discordapp.com/assets/e52f0cba712e2fb4.woff2 was preloaded using link preload but not used within a few seconds from the window's load event. Please make sure it has an appropriate `as` value and it is preloaded intentionally.
[2025-05-23 17:03:43.379] [warn]  The resource https://discordapp.com/assets/ce3b8055f5114434.woff2 was preloaded using link preload but not used within a few seconds from the window's load event. Please make sure it has an appropriate `as` value and it is preloaded intentionally.
[2025-05-23 17:03:43.380] [warn]  The resource https://discordapp.com/assets/cb2006dbced0e246.woff2 was preloaded using link preload but not used within a few seconds from the window's load event. Please make sure it has an appropriate `as` value and it is preloaded intentionally.
[2025-05-23 17:03:45.690] [info]  [HDStreamingConsumableModal] Setting bitrates 9000000
[2025-05-23 17:03:46.143] [info]  [RTCControlSocket(default)] Sending heartbeat with last received sequence number: 33
[2025-05-23 17:03:46.210] [info]  [RTCControlSocket(default)] Heartbeat ACK received
[2025-05-23 17:03:55.325] [info]  [RTCControlSocket(stream)] Sending heartbeat with last received sequence number: 9
[2025-05-23 17:03:55.557] [info]  [RTCControlSocket(stream)] Heartbeat ACK received
[2025-05-23 17:03:55.767] [info]  [HDStreamingConsumableModal] Setting bitrates 9000000
[2025-05-23 17:03:59.893] [info]  [RTCControlSocket(default)] Sending heartbeat with last received sequence number: 33
[2025-05-23 17:04:00.260] [info]  [RTCControlSocket(default)] Heartbeat ACK received
[2025-05-23 17:04:05.835] [info]  [HDStreamingConsumableModal] Setting bitrates 9000000
[2025-05-23 17:04:09.075] [info]  [RTCControlSocket(stream)] Sending heartbeat with last received sequence number: 9
[2025-05-23 17:04:09.275] [info]  [RTCControlSocket(stream)] Heartbeat ACK received
[2025-05-23 17:04:13.643] [info]  [RTCControlSocket(default)] Sending heartbeat with last received sequence number: 33
[2025-05-23 17:04:14.958] [info]  [RTCControlSocket(default)] Heartbeat ACK received
[2025-05-23 17:04:15.907] [info]  [HDStreamingConsumableModal] Setting bitrates 9000000
[2025-05-23 17:04:21.912] [warn]  The resource https://discordapp.com/assets/189422196a4f8b53.woff2 was preloaded using link preload but not used within a few seconds from the window's load event. Please make sure it has an appropriate `as` value and it is preloaded intentionally.
[2025-05-23 17:04:21.913] [warn]  The resource https://discordapp.com/assets/dd24010f3cf7def7.woff2 was preloaded using link preload but not used within a few seconds from the window's load event. Please make sure it has an appropriate `as` value and it is preloaded intentionally.
[2025-05-23 17:04:21.918] [warn]  The resource https://discordapp.com/assets/7a6a566c2e88a35d.woff2 was preloaded using link preload but not used within a few seconds from the window's load event. Please make sure it has an appropriate `as` value and it is preloaded intentionally.
[2025-05-23 17:04:21.919] [warn]  The resource https://discordapp.com/assets/e52f0cba712e2fb4.woff2 was preloaded using link preload but not used within a few seconds from the window's load event. Please make sure it has an appropriate `as` value and it is preloaded intentionally.
[2025-05-23 17:04:21.919] [warn]  The resource https://discordapp.com/assets/ce3b8055f5114434.woff2 was preloaded using link preload but not used within a few seconds from the window's load event. Please make sure it has an appropriate `as` value and it is preloaded intentionally.
[2025-05-23 17:04:21.919] [warn]  The resource https://discordapp.com/assets/cb2006dbced0e246.woff2 was preloaded using link preload but not used within a few seconds from the window's load event. Please make sure it has an appropriate `as` value and it is preloaded intentionally.
[2025-05-23 17:04:22.825] [info]  [RTCControlSocket(stream)] Sending heartbeat with last received sequence number: 9
[2025-05-23 17:04:23.037] [info]  [RTCControlSocket(stream)] Heartbeat ACK received
[2025-05-23 17:04:25.988] [info]  [HDStreamingConsumableModal] Setting bitrates 9000000
[2025-05-23 17:04:27.393] [info]  [RTCControlSocket(default)] Sending heartbeat with last received sequence number: 33
[2025-05-23 17:04:27.541] [info]  [RTCControlSocket(default)] Heartbeat ACK received
[2025-05-23 17:04:36.070] [info]  [HDStreamingConsumableModal] Setting bitrates 9000000
[2025-05-23 17:04:36.575] [info]  [RTCControlSocket(stream)] Sending heartbeat with last received sequence number: 9
[2025-05-23 17:04:36.825] [info]  [RTCControlSocket(stream)] Heartbeat ACK received
[2025-05-23 17:04:41.143] [info]  [RTCControlSocket(default)] Sending heartbeat with last received sequence number: 33
[2025-05-23 17:04:41.626] [info]  [RTCControlSocket(default)] Heartbeat ACK received
[2025-05-23 17:04:46.134] [info]  [HDStreamingConsumableModal] Setting bitrates 9000000
[2025-05-23 17:04:50.325] [info]  [RTCControlSocket(stream)] Sending heartbeat with last received sequence number: 9
[2025-05-23 17:04:50.603] [info]  [RTCControlSocket(stream)] Heartbeat ACK received
[2025-05-23 17:04:54.893] [info]  [RTCControlSocket(default)] Sending heartbeat with last received sequence number: 33
[2025-05-23 17:04:54.974] [info]  [RTCControlSocket(default)] Heartbeat ACK received
[2025-05-23 17:04:56.208] [info]  [HDStreamingConsumableModal] Setting bitrates 9000000
[2025-05-23 17:05:04.075] [info]  [RTCControlSocket(stream)] Sending heartbeat with last received sequence number: 9
[2025-05-23 17:05:04.330] [info]  [RTCControlSocket(stream)] Heartbeat ACK received
[2025-05-23 17:05:06.283] [info]  [HDStreamingConsumableModal] Setting bitrates 9000000
[2025-05-23 17:05:08.643] [info]  [RTCControlSocket(default)] Sending heartbeat with last received sequence number: 33
[2025-05-23 17:05:08.816] [info]  [RTCControlSocket(default)] Heartbeat ACK received
[2025-05-23 17:05:16.356] [info]  [HDStreamingConsumableModal] Setting bitrates 9000000
[2025-05-23 17:05:17.825] [info]  [RTCControlSocket(stream)] Sending heartbeat with last received sequence number: 9
[2025-05-23 17:05:18.119] [info]  [RTCControlSocket(stream)] Heartbeat ACK received
[2025-05-23 17:05:22.393] [info]  [RTCControlSocket(default)] Sending heartbeat with last received sequence number: 33
[2025-05-23 17:05:22.465] [info]  [RTCControlSocket(default)] Heartbeat ACK received
[2025-05-23 17:05:26.429] [info]  [HDStreamingConsumableModal] Setting bitrates 9000000
[2025-05-23 17:05:31.575] [info]  [RTCControlSocket(stream)] Sending heartbeat with last received sequence number: 9
[2025-05-23 17:05:32.029] [info]  [RTCControlSocket(stream)] Heartbeat ACK received
[2025-05-23 17:05:36.143] [info]  [RTCControlSocket(default)] Sending heartbeat with last received sequence number: 33
[2025-05-23 17:05:36.432] [info]  [RTCControlSocket(default)] Heartbeat ACK received
[2025-05-23 17:05:36.503] [info]  [HDStreamingConsumableModal] Setting bitrates 9000000
[2025-05-23 17:05:45.325] [info]  [RTCControlSocket(stream)] Sending heartbeat with last received sequence number: 9
[2025-05-23 17:05:45.645] [info]  [RTCControlSocket(stream)] Heartbeat ACK received
[2025-05-23 17:05:46.577] [info]  [HDStreamingConsumableModal] Setting bitrates 9000000
[2025-05-23 17:05:49.893] [info]  [RTCControlSocket(default)] Sending heartbeat with last received sequence number: 33
[2025-05-23 17:05:50.031] [info]  [RTCControlSocket(default)] Heartbeat ACK received
[2025-05-23 17:05:56.646] [info]  [HDStreamingConsumableModal] Setting bitrates 9000000
[2025-05-23 17:05:59.075] [info]  [RTCControlSocket(stream)] Sending heartbeat with last received sequence number: 9
[2025-05-23 17:06:00.177] [info]  [RTCControlSocket(stream)] Heartbeat ACK received
[2025-05-23 17:06:03.643] [info]  [RTCControlSocket(default)] Sending heartbeat with last received sequence number: 33
[2025-05-23 17:06:04.083] [info]  [RTCControlSocket(default)] Heartbeat ACK received
[2025-05-23 17:06:06.712] [info]  [HDStreamingConsumableModal] Setting bitrates 9000000
[2025-05-23 17:06:12.825] [info]  [RTCControlSocket(stream)] Sending heartbeat with last received sequence number: 9
[2025-05-23 17:06:14.077] [info]  [RTCControlSocket(stream)] Heartbeat ACK received
[2025-05-23 17:06:16.727] [info]  [HDStreamingConsumableModal] Setting bitrates 9000000
[2025-05-23 17:06:17.393] [info]  [RTCControlSocket(default)] Sending heartbeat with last received sequence number: 33
[2025-05-23 17:06:17.466] [info]  [RTCControlSocket(default)] Heartbeat ACK received
[2025-05-23 17:06:26.575] [info]  [RTCControlSocket(stream)] Sending heartbeat with last received sequence number: 9
[2025-05-23 17:06:26.848] [info]  [HDStreamingConsumableModal] Setting bitrates 691824
[2025-05-23 17:06:27.052] [info]  [RTCControlSocket(stream)] Heartbeat ACK received
[2025-05-23 17:06:31.143] [info]  [RTCControlSocket(default)] Sending heartbeat with last received sequence number: 33
[2025-05-23 17:06:31.400] [info]  [RTCControlSocket(default)] Heartbeat ACK received
[2025-05-23 17:06:36.913] [info]  [HDStreamingConsumableModal] Setting bitrates 691824
[2025-05-23 17:06:40.325] [info]  [RTCControlSocket(stream)] Sending heartbeat with last received sequence number: 9
[2025-05-23 17:06:40.640] [info]  [RTCControlSocket(stream)] Heartbeat ACK received
[2025-05-23 17:06:44.893] [info]  [RTCControlSocket(default)] Sending heartbeat with last received sequence number: 33
[2025-05-23 17:06:44.974] [info]  [RTCControlSocket(default)] Heartbeat ACK received
[2025-05-23 17:06:46.949] [info]  [HDStreamingConsumableModal] Setting bitrates 691824
[2025-05-23 17:06:54.075] [info]  [RTCControlSocket(stream)] Sending heartbeat with last received sequence number: 9
[2025-05-23 17:06:54.279] [info]  [RTCControlSocket(stream)] Heartbeat ACK received
[2025-05-23 17:06:57.055] [info]  [HDStreamingConsumableModal] Setting bitrates 691824
[2025-05-23 17:06:58.643] [info]  [RTCControlSocket(default)] Sending heartbeat with last received sequence number: 33
[2025-05-23 17:06:58.748] [info]  [RTCControlSocket(default)] Heartbeat ACK received
[2025-05-23 17:07:07.129] [info]  [HDStreamingConsumableModal] Setting bitrates 691824
[2025-05-23 17:07:07.825] [info]  [RTCControlSocket(stream)] Sending heartbeat with last received sequence number: 9
[2025-05-23 17:07:08.504] [info]  [RTCControlSocket(stream)] Heartbeat ACK received
[2025-05-23 17:07:12.393] [info]  [RTCControlSocket(default)] Sending heartbeat with last received sequence number: 33
[2025-05-23 17:07:12.480] [info]  [RTCControlSocket(default)] Heartbeat ACK received
[2025-05-23 17:07:17.202] [info]  [HDStreamingConsumableModal] Setting bitrates 691824
[2025-05-23 17:07:21.575] [info]  [RTCControlSocket(stream)] Sending heartbeat with last received sequence number: 9
[2025-05-23 17:07:21.798] [info]  [RTCControlSocket(stream)] Heartbeat ACK received
[2025-05-23 17:07:26.143] [info]  [RTCControlSocket(default)] Sending heartbeat with last received sequence number: 33
[2025-05-23 17:07:26.215] [info]  [RTCControlSocket(default)] Heartbeat ACK received
[2025-05-23 17:07:27.271] [info]  [HDStreamingConsumableModal] Setting bitrates 691824
[2025-05-23 17:07:29.932] [info]  [Connection(stream)] Creating user: 1138460965936046240 with audio SSRC: 27049 and video SSRCs: 27050
[2025-05-23 17:07:29.935] [info]  [RTCConnection(1375578841275306155, stream)] Go Live Media sink wants: {"27050":100,"resolutionWants":{"27050":{"width":672,"height":378}}}
[2025-05-23 17:07:29.954] [info]  [RTCConnection(1375578841275306155, stream)] Preparing DAVE protocol epoch: 1, protocol version: 1
[2025-05-23 17:07:29.955] [info]  [RTCConnection(1375578841275306155, stream)] Preparing DAVE protocol transition: 0, protocol version: 1
[2025-05-23 17:07:29.955] [info]  [Connection(stream)] DAVE protocol state update: {"version":1,"epochAuthenticator":""}
[2025-05-23 17:07:29.955] [info]  [RTCConnection(1375578841275306155, stream)] Got MLS key package, sending to RTC server
[2025-05-23 17:07:29.955] [info]  [RTCControlSocket(stream)] Sending MLS key package
[2025-05-23 17:07:29.975] [error] [AVError] AV error reported: stream-view-low-fps {"channelId":"1089939564862382131","mediaSessionId":"31901d6c8db987e0c4f762a5ac03d462","rtcConnectionId":"6976f8e7-e77c-4e74-a370-f161166ac64c","mediaContext":"stream","streamKey":"guild:741237973663612969:1089939564862382131:1138460965936046240","videoDeviceName":"","audioInputDeviceName":"Default: Built-in Audio Analog Stereo","audioOutputDeviceName":"Default: Built-in Audio Analog Stereo"}
[2025-05-23 17:07:29.975] [error] [AVError] AV error reported: stream-send-network-quality {"channelId":"1089939564862382131","mediaSessionId":"31901d6c8db987e0c4f762a5ac03d462","rtcConnectionId":"6976f8e7-e77c-4e74-a370-f161166ac64c","mediaContext":"stream","streamKey":"guild:741237973663612969:1089939564862382131:1138460965936046240","videoDeviceName":"","audioInputDeviceName":"Default: Built-in Audio Analog Stereo","audioOutputDeviceName":"Default: Built-in Audio Analog Stereo"}
[2025-05-23 17:07:29.993] [info]  Unsubscribing from direct frames for streamId 7
[2025-05-23 17:07:30.135] [info]  [RTCConnection(1375578841275306155, stream)] Destroy RTCConnection
[2025-05-23 17:07:30.136] [info]  [RTCControlSocket(stream)] CLOSE
[2025-05-23 17:07:30.138] [info]  [RTCConnection(1375578841275306155, stream)] Disconnected from RTC server, clean: true, code: 1000, reason: Force Close, state: RTC_CONNECTED
[2025-05-23 17:07:30.142] [info]  [Connection(stream)] Connection state change: CONNECTED => DISCONNECTED
[2025-05-23 17:07:30.143] [info]  [RTCConnection(1375578841275306155, stream)] RTC media connection state change: RTC_CONNECTED => DISCONNECTED
[2025-05-23 17:07:30.143] [info]  [RTCConnection(1375578841275306155, stream)] RTC connection state: RTC_CONNECTED => RTC_DISCONNECTED
[2025-05-23 17:07:30.144] [info]  [Connection(stream)] Connection state change: DISCONNECTED => DISCONNECTED
[2025-05-23 17:07:30.144] [info]  [RTCConnection(1375578841275306155, stream)] RTC media connection state change: RTC_DISCONNECTED => DISCONNECTED
[2025-05-23 17:07:30.144] [info]  [RTCConnection(1375578841275306155, stream)] RTC connection state: RTC_DISCONNECTED => RTC_DISCONNECTED
[2025-05-23 17:07:30.145] [info]  [RTCConnection(1375578841275306155, stream)] RTC connection state: RTC_DISCONNECTED => DISCONNECTED
[2025-05-23 17:07:30.145] [info]  [AVErrorManager] Error resolved: stream-view-low-fps {"channelId":"1089939564862382131","mediaSessionId":"31901d6c8db987e0c4f762a5ac03d462","rtcConnectionId":"6976f8e7-e77c-4e74-a370-f161166ac64c","mediaContext":"stream","streamKey":"guild:741237973663612969:1089939564862382131:1138460965936046240","videoDeviceName":"","audioInputDeviceName":"Default: Built-in Audio Analog Stereo","audioOutputDeviceName":"Default: Built-in Audio Analog Stereo"}
[2025-05-23 17:07:30.145] [info]  [AVErrorManager] Error resolved: stream-view-high-packet-loss {"channelId":"1089939564862382131","mediaSessionId":"31901d6c8db987e0c4f762a5ac03d462","rtcConnectionId":"6976f8e7-e77c-4e74-a370-f161166ac64c","mediaContext":"stream","streamKey":"guild:741237973663612969:1089939564862382131:1138460965936046240","videoDeviceName":"","audioInputDeviceName":"Default: Built-in Audio Analog Stereo","audioOutputDeviceName":"Default: Built-in Audio Analog Stereo"}
[2025-05-23 17:07:30.145] [info]  [AVErrorManager] Error resolved: stream-send-network-quality {"channelId":"1089939564862382131","mediaSessionId":"31901d6c8db987e0c4f762a5ac03d462","rtcConnectionId":"6976f8e7-e77c-4e74-a370-f161166ac64c","mediaContext":"stream","streamKey":"guild:741237973663612969:1089939564862382131:1138460965936046240","videoDeviceName":"","audioInputDeviceName":"Default: Built-in Audio Analog Stereo","audioOutputDeviceName":"Default: Built-in Audio Analog Stereo"}
[2025-05-23 17:07:30.146] [info]  [AVErrorManager] Error resolved: stream-view-low-fps {"channelId":"1089939564862382131","mediaSessionId":"31901d6c8db987e0c4f762a5ac03d462","rtcConnectionId":"6976f8e7-e77c-4e74-a370-f161166ac64c","mediaContext":"stream","streamKey":"guild:741237973663612969:1089939564862382131:1138460965936046240","videoDeviceName":"","audioInputDeviceName":"Default: Built-in Audio Analog Stereo","audioOutputDeviceName":"Default: Built-in Audio Analog Stereo"}
[2025-05-23 17:07:30.146] [info]  [AVErrorManager] Error resolved: stream-view-high-packet-loss {"channelId":"1089939564862382131","mediaSessionId":"31901d6c8db987e0c4f762a5ac03d462","rtcConnectionId":"6976f8e7-e77c-4e74-a370-f161166ac64c","mediaContext":"stream","streamKey":"guild:741237973663612969:1089939564862382131:1138460965936046240","videoDeviceName":"","audioInputDeviceName":"Default: Built-in Audio Analog Stereo","audioOutputDeviceName":"Default: Built-in Audio Analog Stereo"}
[2025-05-23 17:07:30.147] [info]  [AVErrorManager] Error resolved: stream-send-network-quality {"channelId":"1089939564862382131","mediaSessionId":"31901d6c8db987e0c4f762a5ac03d462","rtcConnectionId":"6976f8e7-e77c-4e74-a370-f161166ac64c","mediaContext":"stream","streamKey":"guild:741237973663612969:1089939564862382131:1138460965936046240","videoDeviceName":"","audioInputDeviceName":"Default: Built-in Audio Analog Stereo","audioOutputDeviceName":"Default: Built-in Audio Analog Stereo"}
[2025-05-23 17:07:30.147] [info]  [AVErrorManager] Error resolved: stream-view-low-fps {"channelId":"1089939564862382131","mediaSessionId":"31901d6c8db987e0c4f762a5ac03d462","rtcConnectionId":"6976f8e7-e77c-4e74-a370-f161166ac64c","mediaContext":"stream","streamKey":"guild:741237973663612969:1089939564862382131:1138460965936046240","videoDeviceName":"","audioInputDeviceName":"Default: Built-in Audio Analog Stereo","audioOutputDeviceName":"Default: Built-in Audio Analog Stereo"}
[2025-05-23 17:07:30.147] [info]  [AVErrorManager] Error resolved: stream-view-high-packet-loss {"channelId":"1089939564862382131","mediaSessionId":"31901d6c8db987e0c4f762a5ac03d462","rtcConnectionId":"6976f8e7-e77c-4e74-a370-f161166ac64c","mediaContext":"stream","streamKey":"guild:741237973663612969:1089939564862382131:1138460965936046240","videoDeviceName":"","audioInputDeviceName":"Default: Built-in Audio Analog Stereo","audioOutputDeviceName":"Default: Built-in Audio Analog Stereo"}
[2025-05-23 17:07:30.147] [info]  [AVErrorManager] Error resolved: stream-send-network-quality {"channelId":"1089939564862382131","mediaSessionId":"31901d6c8db987e0c4f762a5ac03d462","rtcConnectionId":"6976f8e7-e77c-4e74-a370-f161166ac64c","mediaContext":"stream","streamKey":"guild:741237973663612969:1089939564862382131:1138460965936046240","videoDeviceName":"","audioInputDeviceName":"Default: Built-in Audio Analog Stereo","audioOutputDeviceName":"Default: Built-in Audio Analog Stereo"}
[2025-05-23 17:07:30.147] [info]  [AVErrorManager] Error resolved: stream-view-low-fps {"channelId":"1089939564862382131","mediaSessionId":"31901d6c8db987e0c4f762a5ac03d462","rtcConnectionId":"6976f8e7-e77c-4e74-a370-f161166ac64c","mediaContext":"stream","streamKey":"guild:741237973663612969:1089939564862382131:1138460965936046240","videoDeviceName":"","audioInputDeviceName":"Default: Built-in Audio Analog Stereo","audioOutputDeviceName":"Default: Built-in Audio Analog Stereo"}
[2025-05-23 17:07:30.147] [info]  [AVErrorManager] Error resolved: stream-view-high-packet-loss {"channelId":"1089939564862382131","mediaSessionId":"31901d6c8db987e0c4f762a5ac03d462","rtcConnectionId":"6976f8e7-e77c-4e74-a370-f161166ac64c","mediaContext":"stream","streamKey":"guild:741237973663612969:1089939564862382131:1138460965936046240","videoDeviceName":"","audioInputDeviceName":"Default: Built-in Audio Analog Stereo","audioOutputDeviceName":"Default: Built-in Audio Analog Stereo"}
[2025-05-23 17:07:30.148] [info]  [AVErrorManager] Error resolved: stream-send-network-quality {"channelId":"1089939564862382131","mediaSessionId":"31901d6c8db987e0c4f762a5ac03d462","rtcConnectionId":"6976f8e7-e77c-4e74-a370-f161166ac64c","mediaContext":"stream","streamKey":"guild:741237973663612969:1089939564862382131:1138460965936046240","videoDeviceName":"","audioInputDeviceName":"Default: Built-in Audio Analog Stereo","audioOutputDeviceName":"Default: Built-in Audio Analog Stereo"}
[2025-05-23 17:07:30.151] [warn]  [RTCConnection(1375578841275306155, stream)] Error: codec survey is not available
[2025-05-23 17:07:30.156] [info]  [StreamTile] Stream Tile State - activeStream: true | selected: false | Video: true | MediaEngine: true
[2025-05-23 17:07:30.156] [info]  [StreamTile] Stream Tile State - activeStream: true | selected: true | Video: true | MediaEngine: true
[2025-05-23 17:07:30.223] [info]  [RTCConnection(741237973663612969, default)] Preparing DAVE protocol epoch: 1, protocol version: 1
[2025-05-23 17:07:30.223] [info]  [RTCConnection(741237973663612969, default)] Preparing DAVE protocol transition: 0, protocol version: 1
[2025-05-23 17:07:30.224] [info]  [Connection(default)] DAVE protocol state update: {"version":1,"epochAuthenticator":""}
[2025-05-23 17:07:30.224] [info]  [RTCConnection(741237973663612969, default)] Got MLS key package, sending to RTC server
[2025-05-23 17:07:30.225] [info]  [RTCControlSocket(default)] Sending MLS key package
[2025-05-23 17:07:37.313] [info]  [HDStreamingConsumableModal] Setting bitrates 
[2025-05-23 17:07:37.314] [info]  [HDStreamingConsumableModal] Setting bitrates 
[2025-05-23 17:07:39.893] [info]  [RTCControlSocket(default)] Sending heartbeat with last received sequence number: 36
[2025-05-23 17:07:39.964] [info]  [RTCControlSocket(default)] Heartbeat ACK received
[2025-05-23 17:07:40.749] [warn]  The resource https://discordapp.com/assets/189422196a4f8b53.woff2 was preloaded using link preload but not used within a few seconds from the window's load event. Please make sure it has an appropriate `as` value and it is preloaded intentionally.
[2025-05-23 17:07:40.750] [warn]  The resource https://discordapp.com/assets/dd24010f3cf7def7.woff2 was preloaded using link preload but not used within a few seconds from the window's load event. Please make sure it has an appropriate `as` value and it is preloaded intentionally.
[2025-05-23 17:07:40.750] [warn]  The resource https://discordapp.com/assets/7a6a566c2e88a35d.woff2 was preloaded using link preload but not used within a few seconds from the window's load event. Please make sure it has an appropriate `as` value and it is preloaded intentionally.
[2025-05-23 17:07:40.751] [warn]  The resource https://discordapp.com/assets/e52f0cba712e2fb4.woff2 was preloaded using link preload but not used within a few seconds from the window's load event. Please make sure it has an appropriate `as` value and it is preloaded intentionally.
[2025-05-23 17:07:40.751] [warn]  The resource https://discordapp.com/assets/ce3b8055f5114434.woff2 was preloaded using link preload but not used within a few seconds from the window's load event. Please make sure it has an appropriate `as` value and it is preloaded intentionally.
[2025-05-23 17:07:40.751] [warn]  The resource https://discordapp.com/assets/cb2006dbced0e246.woff2 was preloaded using link preload but not used within a few seconds from the window's load event. Please make sure it has an appropriate `as` value and it is preloaded intentionally.
[2025-05-23 17:07:47.353] [info]  [HDStreamingConsumableModal] Setting bitrates 
[2025-05-23 17:07:47.354] [info]  [HDStreamingConsumableModal] Setting bitrates 
[2025-05-23 17:07:53.643] [info]  [RTCControlSocket(default)] Sending heartbeat with last received sequence number: 36
[2025-05-23 17:07:53.708] [info]  [RTCControlSocket(default)] Heartbeat ACK received
[2025-05-23 17:07:57.395] [info]  [HDStreamingConsumableModal] Setting bitrates 
[2025-05-23 17:07:57.396] [info]  [HDStreamingConsumableModal] Setting bitrates 
[2025-05-23 17:08:07.393] [info]  [RTCControlSocket(default)] Sending heartbeat with last received sequence number: 36
[2025-05-23 17:08:07.432] [info]  [HDStreamingConsumableModal] Setting bitrates 
[2025-05-23 17:08:07.433] [info]  [HDStreamingConsumableModal] Setting bitrates 
[2025-05-23 17:08:07.463] [info]  [RTCControlSocket(default)] Heartbeat ACK received
[2025-05-23 17:08:17.472] [info]  [HDStreamingConsumableModal] Setting bitrates 
[2025-05-23 17:08:17.472] [info]  [HDStreamingConsumableModal] Setting bitrates 
[2025-05-23 17:08:21.143] [info]  [RTCControlSocket(default)] Sending heartbeat with last received sequence number: 36
[2025-05-23 17:08:21.967] [info]  [RTCControlSocket(default)] Heartbeat ACK received
[2025-05-23 17:08:27.513] [info]  [HDStreamingConsumableModal] Setting bitrates 
[2025-05-23 17:08:27.514] [info]  [HDStreamingConsumableModal] Setting bitrates 
[2025-05-23 17:08:34.893] [info]  [RTCControlSocket(default)] Sending heartbeat with last received sequence number: 36
[2025-05-23 17:08:34.974] [info]  [RTCControlSocket(default)] Heartbeat ACK received
[2025-05-23 17:08:37.551] [info]  [HDStreamingConsumableModal] Setting bitrates 
[2025-05-23 17:08:37.551] [info]  [HDStreamingConsumableModal] Setting bitrates 
[2025-05-23 17:08:47.589] [info]  [HDStreamingConsumableModal] Setting bitrates 
[2025-05-23 17:08:47.590] [info]  [HDStreamingConsumableModal] Setting bitrates 
[2025-05-23 17:08:48.643] [info]  [RTCControlSocket(default)] Sending heartbeat with last received sequence number: 36
[2025-05-23 17:08:48.923] [info]  [RTCControlSocket(default)] Heartbeat ACK received
[2025-05-23 17:08:57.630] [info]  [HDStreamingConsumableModal] Setting bitrates 
[2025-05-23 17:08:57.631] [info]  [HDStreamingConsumableModal] Setting bitrates 
[2025-05-23 17:09:02.393] [info]  [RTCControlSocket(default)] Sending heartbeat with last received sequence number: 36
[2025-05-23 17:09:02.836] [info]  [RTCControlSocket(default)] Heartbeat ACK received
[2025-05-23 17:09:07.670] [info]  [HDStreamingConsumableModal] Setting bitrates 
[2025-05-23 17:09:07.670] [info]  [HDStreamingConsumableModal] Setting bitrates 
[2025-05-23 17:09:16.143] [info]  [RTCControlSocket(default)] Sending heartbeat with last received sequence number: 36
[2025-05-23 17:09:16.498] [info]  [RTCControlSocket(default)] Heartbeat ACK received
[2025-05-23 17:09:17.708] [info]  [HDStreamingConsumableModal] Setting bitrates 
[2025-05-23 17:09:17.708] [info]  [HDStreamingConsumableModal] Setting bitrates 
[2025-05-23 17:09:27.747] [info]  [HDStreamingConsumableModal] Setting bitrates 
[2025-05-23 17:09:27.748] [info]  [HDStreamingConsumableModal] Setting bitrates 
[2025-05-23 17:09:29.893] [info]  [RTCControlSocket(default)] Sending heartbeat with last received sequence number: 36
[2025-05-23 17:09:30.544] [info]  [RTCControlSocket(default)] Heartbeat ACK received
[2025-05-23 17:09:37.787] [info]  [HDStreamingConsumableModal] Setting bitrates 
[2025-05-23 17:09:37.788] [info]  [HDStreamingConsumableModal] Setting bitrates 
[2025-05-23 17:09:43.643] [info]  [RTCControlSocket(default)] Sending heartbeat with last received sequence number: 36
[2025-05-23 17:09:43.724] [info]  [RTCControlSocket(default)] Heartbeat ACK received
[2025-05-23 17:09:47.830] [info]  [HDStreamingConsumableModal] Setting bitrates 
[2025-05-23 17:09:47.831] [info]  [HDStreamingConsumableModal] Setting bitrates 
[2025-05-23 17:09:57.393] [info]  [RTCControlSocket(default)] Sending heartbeat with last received sequence number: 36
[2025-05-23 17:09:57.460] [info]  [RTCControlSocket(default)] Heartbeat ACK received
[2025-05-23 17:09:57.868] [info]  [HDStreamingConsumableModal] Setting bitrates 
[2025-05-23 17:09:57.869] [info]  [HDStreamingConsumableModal] Setting bitrates 
[2025-05-23 17:10:01.369] [warn]  The resource https://discordapp.com/assets/189422196a4f8b53.woff2 was preloaded using link preload but not used within a few seconds from the window's load event. Please make sure it has an appropriate `as` value and it is preloaded intentionally.
[2025-05-23 17:10:01.370] [warn]  The resource https://discordapp.com/assets/dd24010f3cf7def7.woff2 was preloaded using link preload but not used within a few seconds from the window's load event. Please make sure it has an appropriate `as` value and it is preloaded intentionally.
[2025-05-23 17:10:01.370] [warn]  The resource https://discordapp.com/assets/7a6a566c2e88a35d.woff2 was preloaded using link preload but not used within a few seconds from the window's load event. Please make sure it has an appropriate `as` value and it is preloaded intentionally.
[2025-05-23 17:10:01.371] [warn]  The resource https://discordapp.com/assets/e52f0cba712e2fb4.woff2 was preloaded using link preload but not used within a few seconds from the window's load event. Please make sure it has an appropriate `as` value and it is preloaded intentionally.
[2025-05-23 17:10:01.371] [warn]  The resource https://discordapp.com/assets/ce3b8055f5114434.woff2 was preloaded using link preload but not used within a few seconds from the window's load event. Please make sure it has an appropriate `as` value and it is preloaded intentionally.
[2025-05-23 17:10:01.371] [warn]  The resource https://discordapp.com/assets/cb2006dbced0e246.woff2 was preloaded using link preload but not used within a few seconds from the window's load event. Please make sure it has an appropriate `as` value and it is preloaded intentionally.
[2025-05-23 17:10:07.912] [info]  [HDStreamingConsumableModal] Setting bitrates 
[2025-05-23 17:10:07.913] [info]  [HDStreamingConsumableModal] Setting bitrates 
[2025-05-23 17:10:11.143] [info]  [RTCControlSocket(default)] Sending heartbeat with last received sequence number: 36
[2025-05-23 17:10:11.219] [info]  [RTCControlSocket(default)] Heartbeat ACK received
[2025-05-23 17:10:17.956] [info]  [HDStreamingConsumableModal] Setting bitrates 
[2025-05-23 17:10:17.957] [info]  [HDStreamingConsumableModal] Setting bitrates 
[2025-05-23 17:10:24.893] [info]  [RTCControlSocket(default)] Sending heartbeat with last received sequence number: 36
[2025-05-23 17:10:25.337] [info]  [RTCControlSocket(default)] Heartbeat ACK received
[2025-05-23 17:10:27.996] [info]  [HDStreamingConsumableModal] Setting bitrates 
[2025-05-23 17:10:27.997] [info]  [HDStreamingConsumableModal] Setting bitrates 
[2025-05-23 17:10:38.040] [info]  [HDStreamingConsumableModal] Setting bitrates 
[2025-05-23 17:10:38.041] [info]  [HDStreamingConsumableModal] Setting bitrates 
[2025-05-23 17:10:38.643] [info]  [RTCControlSocket(default)] Sending heartbeat with last received sequence number: 36
[2025-05-23 17:10:38.725] [info]  [RTCControlSocket(default)] Heartbeat ACK received
[2025-05-23 17:10:48.083] [info]  [HDStreamingConsumableModal] Setting bitrates 
[2025-05-23 17:10:48.084] [info]  [HDStreamingConsumableModal] Setting bitrates 
[2025-05-23 17:10:52.393] [info]  [RTCControlSocket(default)] Sending heartbeat with last received sequence number: 36
[2025-05-23 17:10:54.286] [info]  [RTCControlSocket(default)] Heartbeat ACK received
[2025-05-23 17:10:58.126] [info]  [HDStreamingConsumableModal] Setting bitrates 
[2025-05-23 17:10:58.127] [info]  [HDStreamingConsumableModal] Setting bitrates 
[2025-05-23 17:11:06.143] [info]  [RTCControlSocket(default)] Sending heartbeat with last received sequence number: 36
[2025-05-23 17:11:06.219] [info]  [RTCControlSocket(default)] Heartbeat ACK received
[2025-05-23 17:11:08.164] [info]  [HDStreamingConsumableModal] Setting bitrates 
[2025-05-23 17:11:08.164] [info]  [HDStreamingConsumableModal] Setting bitrates 
[2025-05-23 17:11:18.206] [info]  [HDStreamingConsumableModal] Setting bitrates 
[2025-05-23 17:11:18.207] [info]  [HDStreamingConsumableModal] Setting bitrates 
[2025-05-23 17:11:19.893] [info]  [RTCControlSocket(default)] Sending heartbeat with last received sequence number: 36
[2025-05-23 17:11:19.999] [info]  [RTCControlSocket(default)] Heartbeat ACK received
[2025-05-23 17:11:28.243] [info]  [HDStreamingConsumableModal] Setting bitrates 
[2025-05-23 17:11:28.244] [info]  [HDStreamingConsumableModal] Setting bitrates 
[2025-05-23 17:11:33.643] [info]  [RTCControlSocket(default)] Sending heartbeat with last received sequence number: 36
[2025-05-23 17:11:33.717] [info]  [RTCControlSocket(default)] Heartbeat ACK received
[2025-05-23 17:11:38.281] [info]  [HDStreamingConsumableModal] Setting bitrates 
[2025-05-23 17:11:38.281] [info]  [HDStreamingConsumableModal] Setting bitrates 
[2025-05-23 17:11:47.393] [info]  [RTCControlSocket(default)] Sending heartbeat with last received sequence number: 36
[2025-05-23 17:11:47.471] [info]  [RTCControlSocket(default)] Heartbeat ACK received
[2025-05-23 17:11:48.313] [info]  [HDStreamingConsumableModal] Setting bitrates 
[2025-05-23 17:11:48.313] [info]  [HDStreamingConsumableModal] Setting bitrates 
[2025-05-23 17:11:58.354] [info]  [HDStreamingConsumableModal] Setting bitrates 
[2025-05-23 17:11:58.355] [info]  [HDStreamingConsumableModal] Setting bitrates 
[2025-05-23 17:12:01.143] [info]  [RTCControlSocket(default)] Sending heartbeat with last received sequence number: 36
[2025-05-23 17:12:01.222] [info]  [RTCControlSocket(default)] Heartbeat ACK received
[2025-05-23 17:12:08.392] [info]  [HDStreamingConsumableModal] Setting bitrates 
[2025-05-23 17:12:08.392] [info]  [HDStreamingConsumableModal] Setting bitrates 
[2025-05-23 17:12:14.893] [info]  [RTCControlSocket(default)] Sending heartbeat with last received sequence number: 36
[2025-05-23 17:12:14.975] [info]  [RTCControlSocket(default)] Heartbeat ACK received
[2025-05-23 17:12:18.427] [info]  [HDStreamingConsumableModal] Setting bitrates 
[2025-05-23 17:12:18.428] [info]  [HDStreamingConsumableModal] Setting bitrates 
[2025-05-23 17:12:28.466] [info]  [HDStreamingConsumableModal] Setting bitrates 
[2025-05-23 17:12:28.466] [info]  [HDStreamingConsumableModal] Setting bitrates 
[2025-05-23 17:12:28.643] [info]  [RTCControlSocket(default)] Sending heartbeat with last received sequence number: 36
[2025-05-23 17:12:28.729] [info]  [RTCControlSocket(default)] Heartbeat ACK received
[2025-05-23 17:12:38.503] [info]  [HDStreamingConsumableModal] Setting bitrates 
[2025-05-23 17:12:38.504] [info]  [HDStreamingConsumableModal] Setting bitrates 
[2025-05-23 17:12:42.393] [info]  [RTCControlSocket(default)] Sending heartbeat with last received sequence number: 36
[2025-05-23 17:12:42.470] [info]  [RTCControlSocket(default)] Heartbeat ACK received
[2025-05-23 17:12:48.544] [info]  [HDStreamingConsumableModal] Setting bitrates 
[2025-05-23 17:12:48.545] [info]  [HDStreamingConsumableModal] Setting bitrates 
[2025-05-23 17:12:56.143] [info]  [RTCControlSocket(default)] Sending heartbeat with last received sequence number: 36
[2025-05-23 17:12:56.478] [info]  [RTCControlSocket(default)] Heartbeat ACK received
[2025-05-23 17:12:58.582] [info]  [HDStreamingConsumableModal] Setting bitrates 
[2025-05-23 17:12:58.583] [info]  [HDStreamingConsumableModal] Setting bitrates 
[2025-05-23 17:13:08.620] [info]  [HDStreamingConsumableModal] Setting bitrates 
[2025-05-23 17:13:08.621] [info]  [HDStreamingConsumableModal] Setting bitrates 
[2025-05-23 17:13:09.893] [info]  [RTCControlSocket(default)] Sending heartbeat with last received sequence number: 36
[2025-05-23 17:13:09.967] [info]  [RTCControlSocket(default)] Heartbeat ACK received
[2025-05-23 17:13:18.662] [info]  [HDStreamingConsumableModal] Setting bitrates 
[2025-05-23 17:13:18.662] [info]  [HDStreamingConsumableModal] Setting bitrates 
[2025-05-23 17:13:23.643] [info]  [RTCControlSocket(default)] Sending heartbeat with last received sequence number: 36
[2025-05-23 17:13:23.726] [info]  [RTCControlSocket(default)] Heartbeat ACK received
[2025-05-23 17:13:28.701] [info]  [HDStreamingConsumableModal] Setting bitrates 
[2025-05-23 17:13:28.702] [info]  [HDStreamingConsumableModal] Setting bitrates 
[2025-05-23 17:13:37.393] [info]  [RTCControlSocket(default)] Sending heartbeat with last received sequence number: 36
[2025-05-23 17:13:38.003] [info]  [RTCControlSocket(default)] Heartbeat ACK received
[2025-05-23 17:13:38.740] [info]  [HDStreamingConsumableModal] Setting bitrates 
[2025-05-23 17:13:38.740] [info]  [HDStreamingConsumableModal] Setting bitrates 
[2025-05-23 17:13:48.774] [info]  [HDStreamingConsumableModal] Setting bitrates 
[2025-05-23 17:13:48.775] [info]  [HDStreamingConsumableModal] Setting bitrates 
[2025-05-23 17:13:51.143] [info]  [RTCControlSocket(default)] Sending heartbeat with last received sequence number: 36
[2025-05-23 17:13:51.592] [info]  [RTCControlSocket(default)] Heartbeat ACK received
[2025-05-23 17:13:58.815] [info]  [HDStreamingConsumableModal] Setting bitrates 
[2025-05-23 17:13:58.816] [info]  [HDStreamingConsumableModal] Setting bitrates 
[2025-05-23 17:14:04.893] [info]  [RTCControlSocket(default)] Sending heartbeat with last received sequence number: 36
[2025-05-23 17:14:06.176] [info]  [RTCControlSocket(default)] Heartbeat ACK received
[2025-05-23 17:14:08.852] [info]  [HDStreamingConsumableModal] Setting bitrates 
[2025-05-23 17:14:08.853] [info]  [HDStreamingConsumableModal] Setting bitrates 
[2025-05-23 17:14:18.643] [info]  [RTCControlSocket(default)] Sending heartbeat with last received sequence number: 36
[2025-05-23 17:14:18.737] [info]  [RTCControlSocket(default)] Heartbeat ACK received
[2025-05-23 17:14:18.889] [info]  [HDStreamingConsumableModal] Setting bitrates 
[2025-05-23 17:14:18.890] [info]  [HDStreamingConsumableModal] Setting bitrates 
[2025-05-23 17:14:24.152] [warn]  The resource https://discordapp.com/assets/189422196a4f8b53.woff2 was preloaded using link preload but not used within a few seconds from the window's load event. Please make sure it has an appropriate `as` value and it is preloaded intentionally.
[2025-05-23 17:14:24.153] [warn]  The resource https://discordapp.com/assets/dd24010f3cf7def7.woff2 was preloaded using link preload but not used within a few seconds from the window's load event. Please make sure it has an appropriate `as` value and it is preloaded intentionally.
[2025-05-23 17:14:24.154] [warn]  The resource https://discordapp.com/assets/7a6a566c2e88a35d.woff2 was preloaded using link preload but not used within a few seconds from the window's load event. Please make sure it has an appropriate `as` value and it is preloaded intentionally.
[2025-05-23 17:14:24.155] [warn]  The resource https://discordapp.com/assets/e52f0cba712e2fb4.woff2 was preloaded using link preload but not used within a few seconds from the window's load event. Please make sure it has an appropriate `as` value and it is preloaded intentionally.
[2025-05-23 17:14:24.155] [warn]  The resource https://discordapp.com/assets/ce3b8055f5114434.woff2 was preloaded using link preload but not used within a few seconds from the window's load event. Please make sure it has an appropriate `as` value and it is preloaded intentionally.
[2025-05-23 17:14:24.155] [warn]  The resource https://discordapp.com/assets/cb2006dbced0e246.woff2 was preloaded using link preload but not used within a few seconds from the window's load event. Please make sure it has an appropriate `as` value and it is preloaded intentionally.
[2025-05-23 17:14:28.927] [info]  [HDStreamingConsumableModal] Setting bitrates 
[2025-05-23 17:14:28.931] [info]  [HDStreamingConsumableModal] Setting bitrates 
[2025-05-23 17:14:32.393] [info]  [RTCControlSocket(default)] Sending heartbeat with last received sequence number: 36
[2025-05-23 17:14:32.469] [info]  [RTCControlSocket(default)] Heartbeat ACK received
[2025-05-23 17:14:38.965] [info]  [HDStreamingConsumableModal] Setting bitrates 
[2025-05-23 17:14:38.966] [info]  [HDStreamingConsumableModal] Setting bitrates 
[2025-05-23 17:14:46.143] [info]  [RTCControlSocket(default)] Sending heartbeat with last received sequence number: 36
[2025-05-23 17:14:46.596] [info]  [RTCControlSocket(default)] Heartbeat ACK received
[2025-05-23 17:14:49.009] [info]  [HDStreamingConsumableModal] Setting bitrates 
[2025-05-23 17:14:49.009] [info]  [HDStreamingConsumableModal] Setting bitrates 
[2025-05-23 17:14:59.048] [info]  [HDStreamingConsumableModal] Setting bitrates 
[2025-05-23 17:14:59.048] [info]  [HDStreamingConsumableModal] Setting bitrates 
[2025-05-23 17:14:59.893] [info]  [RTCControlSocket(default)] Sending heartbeat with last received sequence number: 36
[2025-05-23 17:15:00.313] [info]  [RTCControlSocket(default)] Heartbeat ACK received
[2025-05-23 17:15:09.091] [info]  [HDStreamingConsumableModal] Setting bitrates 
[2025-05-23 17:15:09.092] [info]  [HDStreamingConsumableModal] Setting bitrates 
[2025-05-23 17:15:13.643] [info]  [RTCControlSocket(default)] Sending heartbeat with last received sequence number: 36
[2025-05-23 17:15:13.720] [info]  [RTCControlSocket(default)] Heartbeat ACK received
[2025-05-23 17:15:19.132] [info]  [HDStreamingConsumableModal] Setting bitrates 
[2025-05-23 17:15:19.132] [info]  [HDStreamingConsumableModal] Setting bitrates 
[2025-05-23 17:15:27.393] [info]  [RTCControlSocket(default)] Sending heartbeat with last received sequence number: 36
[2025-05-23 17:15:27.490] [info]  [RTCControlSocket(default)] Heartbeat ACK received
[2025-05-23 17:15:29.172] [info]  [HDStreamingConsumableModal] Setting bitrates 
[2025-05-23 17:15:29.173] [info]  [HDStreamingConsumableModal] Setting bitrates 
[2025-05-23 17:15:39.209] [info]  [HDStreamingConsumableModal] Setting bitrates 
[2025-05-23 17:15:39.210] [info]  [HDStreamingConsumableModal] Setting bitrates 
[2025-05-23 17:15:41.143] [info]  [RTCControlSocket(default)] Sending heartbeat with last received sequence number: 36
[2025-05-23 17:15:41.738] [info]  [RTCControlSocket(default)] Heartbeat ACK received
[2025-05-23 17:15:49.247] [info]  [HDStreamingConsumableModal] Setting bitrates 
[2025-05-23 17:15:49.247] [info]  [HDStreamingConsumableModal] Setting bitrates 
[2025-05-23 17:15:53.433] [warn]  The resource https://discordapp.com/assets/189422196a4f8b53.woff2 was preloaded using link preload but not used within a few seconds from the window's load event. Please make sure it has an appropriate `as` value and it is preloaded intentionally.
[2025-05-23 17:15:53.433] [warn]  The resource https://discordapp.com/assets/dd24010f3cf7def7.woff2 was preloaded using link preload but not used within a few seconds from the window's load event. Please make sure it has an appropriate `as` value and it is preloaded intentionally.
[2025-05-23 17:15:53.434] [warn]  The resource https://discordapp.com/assets/7a6a566c2e88a35d.woff2 was preloaded using link preload but not used within a few seconds from the window's load event. Please make sure it has an appropriate `as` value and it is preloaded intentionally.
[2025-05-23 17:15:53.434] [warn]  The resource https://discordapp.com/assets/e52f0cba712e2fb4.woff2 was preloaded using link preload but not used within a few seconds from the window's load event. Please make sure it has an appropriate `as` value and it is preloaded intentionally.
[2025-05-23 17:15:53.434] [warn]  The resource https://discordapp.com/assets/ce3b8055f5114434.woff2 was preloaded using link preload but not used within a few seconds from the window's load event. Please make sure it has an appropriate `as` value and it is preloaded intentionally.
[2025-05-23 17:15:53.435] [warn]  The resource https://discordapp.com/assets/cb2006dbced0e246.woff2 was preloaded using link preload but not used within a few seconds from the window's load event. Please make sure it has an appropriate `as` value and it is preloaded intentionally.
[2025-05-23 17:15:54.893] [info]  [RTCControlSocket(default)] Sending heartbeat with last received sequence number: 36
[2025-05-23 17:15:54.978] [info]  [RTCControlSocket(default)] Heartbeat ACK received
[2025-05-23 17:15:59.286] [info]  [HDStreamingConsumableModal] Setting bitrates 
[2025-05-23 17:15:59.287] [info]  [HDStreamingConsumableModal] Setting bitrates 
[2025-05-23 17:16:08.643] [info]  [RTCControlSocket(default)] Sending heartbeat with last received sequence number: 36
[2025-05-23 17:16:08.721] [info]  [RTCControlSocket(default)] Heartbeat ACK received
[2025-05-23 17:16:09.329] [info]  [HDStreamingConsumableModal] Setting bitrates 
[2025-05-23 17:16:09.330] [info]  [HDStreamingConsumableModal] Setting bitrates 
[2025-05-23 17:16:19.367] [info]  [HDStreamingConsumableModal] Setting bitrates 
[2025-05-23 17:16:19.368] [info]  [HDStreamingConsumableModal] Setting bitrates 
[2025-05-23 17:16:22.393] [info]  [RTCControlSocket(default)] Sending heartbeat with last received sequence number: 36
[2025-05-23 17:16:22.468] [info]  [RTCControlSocket(default)] Heartbeat ACK received
[2025-05-23 17:16:29.408] [info]  [HDStreamingConsumableModal] Setting bitrates 
[2025-05-23 17:16:29.408] [info]  [HDStreamingConsumableModal] Setting bitrates 
[2025-05-23 17:16:36.143] [info]  [RTCControlSocket(default)] Sending heartbeat with last received sequence number: 36
[2025-05-23 17:16:36.727] [info]  [RTCControlSocket(default)] Heartbeat ACK received
[2025-05-23 17:16:39.448] [info]  [HDStreamingConsumableModal] Setting bitrates 
[2025-05-23 17:16:39.449] [info]  [HDStreamingConsumableModal] Setting bitrates 
[2025-05-23 17:16:49.489] [info]  [HDStreamingConsumableModal] Setting bitrates 
[2025-05-23 17:16:49.490] [info]  [HDStreamingConsumableModal] Setting bitrates 
[2025-05-23 17:16:49.893] [info]  [RTCControlSocket(default)] Sending heartbeat with last received sequence number: 36
[2025-05-23 17:16:49.997] [info]  [RTCControlSocket(default)] Heartbeat ACK received
[2025-05-23 17:16:59.527] [info]  [HDStreamingConsumableModal] Setting bitrates 
[2025-05-23 17:16:59.528] [info]  [HDStreamingConsumableModal] Setting bitrates 
[2025-05-23 17:17:03.643] [info]  [RTCControlSocket(default)] Sending heartbeat with last received sequence number: 36
[2025-05-23 17:17:03.715] [info]  [RTCControlSocket(default)] Heartbeat ACK received
[2025-05-23 17:17:09.565] [info]  [HDStreamingConsumableModal] Setting bitrates 
[2025-05-23 17:17:09.566] [info]  [HDStreamingConsumableModal] Setting bitrates 
[2025-05-23 17:17:17.393] [info]  [RTCControlSocket(default)] Sending heartbeat with last received sequence number: 36
[2025-05-23 17:17:17.473] [info]  [RTCControlSocket(default)] Heartbeat ACK received
[2025-05-23 17:17:19.608] [info]  [HDStreamingConsumableModal] Setting bitrates 
[2025-05-23 17:17:19.609] [info]  [HDStreamingConsumableModal] Setting bitrates 
[2025-05-23 17:17:29.651] [info]  [HDStreamingConsumableModal] Setting bitrates 
[2025-05-23 17:17:29.651] [info]  [HDStreamingConsumableModal] Setting bitrates 
[2025-05-23 17:17:31.143] [info]  [RTCControlSocket(default)] Sending heartbeat with last received sequence number: 36
[2025-05-23 17:17:31.229] [info]  [RTCControlSocket(default)] Heartbeat ACK received
[2025-05-23 17:17:39.692] [info]  [HDStreamingConsumableModal] Setting bitrates 
[2025-05-23 17:17:39.693] [info]  [HDStreamingConsumableModal] Setting bitrates 
[2025-05-23 17:17:44.893] [info]  [RTCControlSocket(default)] Sending heartbeat with last received sequence number: 36
[2025-05-23 17:17:45.497] [info]  [RTCControlSocket(default)] Heartbeat ACK received
[2025-05-23 17:17:49.732] [info]  [HDStreamingConsumableModal] Setting bitrates 
[2025-05-23 17:17:49.733] [info]  [HDStreamingConsumableModal] Setting bitrates 
[2025-05-23 17:17:58.643] [info]  [RTCControlSocket(default)] Sending heartbeat with last received sequence number: 36
[2025-05-23 17:17:58.712] [info]  [RTCControlSocket(default)] Heartbeat ACK received
[2025-05-23 17:17:59.772] [info]  [HDStreamingConsumableModal] Setting bitrates 
[2025-05-23 17:17:59.773] [info]  [HDStreamingConsumableModal] Setting bitrates 
[2025-05-23 17:18:09.814] [info]  [HDStreamingConsumableModal] Setting bitrates 
[2025-05-23 17:18:09.815] [info]  [HDStreamingConsumableModal] Setting bitrates 
[2025-05-23 17:18:12.393] [info]  [RTCControlSocket(default)] Sending heartbeat with last received sequence number: 36
[2025-05-23 17:18:12.495] [info]  [RTCControlSocket(default)] Heartbeat ACK received
[2025-05-23 17:18:19.858] [info]  [HDStreamingConsumableModal] Setting bitrates 
[2025-05-23 17:18:19.860] [info]  [HDStreamingConsumableModal] Setting bitrates 
[2025-05-23 17:18:26.143] [info]  [RTCControlSocket(default)] Sending heartbeat with last received sequence number: 36
[2025-05-23 17:18:26.220] [info]  [RTCControlSocket(default)] Heartbeat ACK received
[2025-05-23 17:18:29.902] [info]  [HDStreamingConsumableModal] Setting bitrates 
[2025-05-23 17:18:29.903] [info]  [HDStreamingConsumableModal] Setting bitrates 
[2025-05-23 17:18:39.893] [info]  [RTCControlSocket(default)] Sending heartbeat with last received sequence number: 36
[2025-05-23 17:18:39.941] [info]  [HDStreamingConsumableModal] Setting bitrates 
[2025-05-23 17:18:39.941] [info]  [HDStreamingConsumableModal] Setting bitrates 
[2025-05-23 17:18:40.365] [info]  [RTCControlSocket(default)] Heartbeat ACK received
[2025-05-23 17:18:49.981] [info]  [HDStreamingConsumableModal] Setting bitrates 
[2025-05-23 17:18:49.981] [info]  [HDStreamingConsumableModal] Setting bitrates 
[2025-05-23 17:18:53.643] [info]  [RTCControlSocket(default)] Sending heartbeat with last received sequence number: 36
[2025-05-23 17:18:53.977] [info]  [RTCControlSocket(default)] Heartbeat ACK received
[2025-05-23 17:19:00.019] [info]  [HDStreamingConsumableModal] Setting bitrates 
[2025-05-23 17:19:00.020] [info]  [HDStreamingConsumableModal] Setting bitrates 
[2025-05-23 17:19:07.393] [info]  [RTCControlSocket(default)] Sending heartbeat with last received sequence number: 36
[2025-05-23 17:19:07.484] [info]  [RTCControlSocket(default)] Heartbeat ACK received
[2025-05-23 17:19:10.064] [info]  [HDStreamingConsumableModal] Setting bitrates 
[2025-05-23 17:19:10.065] [info]  [HDStreamingConsumableModal] Setting bitrates 
[2025-05-23 17:19:20.103] [info]  [HDStreamingConsumableModal] Setting bitrates 
[2025-05-23 17:19:20.103] [info]  [HDStreamingConsumableModal] Setting bitrates 
[2025-05-23 17:19:21.143] [info]  [RTCControlSocket(default)] Sending heartbeat with last received sequence number: 36
[2025-05-23 17:19:21.209] [info]  [RTCControlSocket(default)] Heartbeat ACK received
[2025-05-23 17:19:30.147] [info]  [HDStreamingConsumableModal] Setting bitrates 
[2025-05-23 17:19:30.147] [info]  [HDStreamingConsumableModal] Setting bitrates 
[2025-05-23 17:19:34.893] [info]  [RTCControlSocket(default)] Sending heartbeat with last received sequence number: 36
[2025-05-23 17:19:34.972] [info]  [RTCControlSocket(default)] Heartbeat ACK received
[2025-05-23 17:19:40.187] [info]  [HDStreamingConsumableModal] Setting bitrates 
[2025-05-23 17:19:40.187] [info]  [HDStreamingConsumableModal] Setting bitrates 
[2025-05-23 17:19:48.643] [info]  [RTCControlSocket(default)] Sending heartbeat with last received sequence number: 36
[2025-05-23 17:19:48.734] [info]  [RTCControlSocket(default)] Heartbeat ACK received
[2025-05-23 17:19:50.231] [info]  [HDStreamingConsumableModal] Setting bitrates 
[2025-05-23 17:19:50.232] [info]  [HDStreamingConsumableModal] Setting bitrates 
[2025-05-23 17:20:00.270] [info]  [HDStreamingConsumableModal] Setting bitrates 
[2025-05-23 17:20:00.271] [info]  [HDStreamingConsumableModal] Setting bitrates 
[2025-05-23 17:20:02.393] [info]  [RTCControlSocket(default)] Sending heartbeat with last received sequence number: 36
[2025-05-23 17:20:02.470] [info]  [RTCControlSocket(default)] Heartbeat ACK received
[2025-05-23 17:20:09.736] [warn]  The resource https://discordapp.com/assets/189422196a4f8b53.woff2 was preloaded using link preload but not used within a few seconds from the window's load event. Please make sure it has an appropriate `as` value and it is preloaded intentionally.
[2025-05-23 17:20:09.737] [warn]  The resource https://discordapp.com/assets/dd24010f3cf7def7.woff2 was preloaded using link preload but not used within a few seconds from the window's load event. Please make sure it has an appropriate `as` value and it is preloaded intentionally.
[2025-05-23 17:20:09.737] [warn]  The resource https://discordapp.com/assets/7a6a566c2e88a35d.woff2 was preloaded using link preload but not used within a few seconds from the window's load event. Please make sure it has an appropriate `as` value and it is preloaded intentionally.
[2025-05-23 17:20:09.737] [warn]  The resource https://discordapp.com/assets/e52f0cba712e2fb4.woff2 was preloaded using link preload but not used within a few seconds from the window's load event. Please make sure it has an appropriate `as` value and it is preloaded intentionally.
[2025-05-23 17:20:09.737] [warn]  The resource https://discordapp.com/assets/ce3b8055f5114434.woff2 was preloaded using link preload but not used within a few seconds from the window's load event. Please make sure it has an appropriate `as` value and it is preloaded intentionally.
[2025-05-23 17:20:09.738] [warn]  The resource https://discordapp.com/assets/cb2006dbced0e246.woff2 was preloaded using link preload but not used within a few seconds from the window's load event. Please make sure it has an appropriate `as` value and it is preloaded intentionally.
[2025-05-23 17:20:10.311] [info]  [HDStreamingConsumableModal] Setting bitrates 
[2025-05-23 17:20:10.312] [info]  [HDStreamingConsumableModal] Setting bitrates 
[2025-05-23 17:20:16.143] [info]  [RTCControlSocket(default)] Sending heartbeat with last received sequence number: 36
[2025-05-23 17:20:16.335] [info]  [RTCControlSocket(default)] Heartbeat ACK received
[2025-05-23 17:20:20.360] [info]  [HDStreamingConsumableModal] Setting bitrates 
[2025-05-23 17:20:20.360] [info]  [HDStreamingConsumableModal] Setting bitrates 
[2025-05-23 17:20:29.893] [info]  [RTCControlSocket(default)] Sending heartbeat with last received sequence number: 36
[2025-05-23 17:20:29.978] [info]  [RTCControlSocket(default)] Heartbeat ACK received
[2025-05-23 17:20:30.398] [info]  [HDStreamingConsumableModal] Setting bitrates 
[2025-05-23 17:20:30.398] [info]  [HDStreamingConsumableModal] Setting bitrates 
[2025-05-23 17:20:40.434] [info]  [HDStreamingConsumableModal] Setting bitrates 
[2025-05-23 17:20:40.435] [info]  [HDStreamingConsumableModal] Setting bitrates 
[2025-05-23 17:20:43.643] [info]  [RTCControlSocket(default)] Sending heartbeat with last received sequence number: 36
[2025-05-23 17:20:43.943] [info]  [RTCControlSocket(default)] Heartbeat ACK received
[2025-05-23 17:20:50.473] [info]  [HDStreamingConsumableModal] Setting bitrates 
[2025-05-23 17:20:50.474] [info]  [HDStreamingConsumableModal] Setting bitrates 
[2025-05-23 17:20:57.393] [info]  [RTCControlSocket(default)] Sending heartbeat with last received sequence number: 36
[2025-05-23 17:20:57.505] [info]  [RTCControlSocket(default)] Heartbeat ACK received
[2025-05-23 17:21:00.511] [info]  [HDStreamingConsumableModal] Setting bitrates 
[2025-05-23 17:21:00.512] [info]  [HDStreamingConsumableModal] Setting bitrates 
[2025-05-23 17:21:10.552] [info]  [HDStreamingConsumableModal] Setting bitrates 
[2025-05-23 17:21:10.553] [info]  [HDStreamingConsumableModal] Setting bitrates 
[2025-05-23 17:21:11.143] [info]  [RTCControlSocket(default)] Sending heartbeat with last received sequence number: 36
[2025-05-23 17:21:11.215] [info]  [RTCControlSocket(default)] Heartbeat ACK received
[2025-05-23 17:21:20.591] [info]  [HDStreamingConsumableModal] Setting bitrates 
[2025-05-23 17:21:20.592] [info]  [HDStreamingConsumableModal] Setting bitrates 
[2025-05-23 17:21:24.893] [info]  [RTCControlSocket(default)] Sending heartbeat with last received sequence number: 36
[2025-05-23 17:21:24.967] [info]  [RTCControlSocket(default)] Heartbeat ACK received
[2025-05-23 17:21:30.632] [info]  [HDStreamingConsumableModal] Setting bitrates 
[2025-05-23 17:21:30.633] [info]  [HDStreamingConsumableModal] Setting bitrates 
[2025-05-23 17:21:38.643] [info]  [RTCControlSocket(default)] Sending heartbeat with last received sequence number: 36
[2025-05-23 17:21:38.725] [info]  [RTCControlSocket(default)] Heartbeat ACK received
[2025-05-23 17:21:40.670] [info]  [HDStreamingConsumableModal] Setting bitrates 
[2025-05-23 17:21:40.671] [info]  [HDStreamingConsumableModal] Setting bitrates 
[2025-05-23 17:21:50.709] [info]  [HDStreamingConsumableModal] Setting bitrates 
[2025-05-23 17:21:50.710] [info]  [HDStreamingConsumableModal] Setting bitrates 
[2025-05-23 17:21:52.393] [info]  [RTCControlSocket(default)] Sending heartbeat with last received sequence number: 36
[2025-05-23 17:21:52.468] [info]  [RTCControlSocket(default)] Heartbeat ACK received
[2025-05-23 17:22:00.746] [info]  [HDStreamingConsumableModal] Setting bitrates 
[2025-05-23 17:22:00.747] [info]  [HDStreamingConsumableModal] Setting bitrates 
[2025-05-23 17:22:06.143] [info]  [RTCControlSocket(default)] Sending heartbeat with last received sequence number: 36
[2025-05-23 17:22:06.220] [info]  [RTCControlSocket(default)] Heartbeat ACK received
[2025-05-23 17:22:10.787] [info]  [HDStreamingConsumableModal] Setting bitrates 
[2025-05-23 17:22:10.788] [info]  [HDStreamingConsumableModal] Setting bitrates 
[2025-05-23 17:22:19.893] [info]  [RTCControlSocket(default)] Sending heartbeat with last received sequence number: 36
[2025-05-23 17:22:19.975] [info]  [RTCControlSocket(default)] Heartbeat ACK received
[2025-05-23 17:22:20.825] [info]  [HDStreamingConsumableModal] Setting bitrates 
[2025-05-23 17:22:20.826] [info]  [HDStreamingConsumableModal] Setting bitrates 
[2025-05-23 17:22:30.863] [info]  [HDStreamingConsumableModal] Setting bitrates 
[2025-05-23 17:22:30.864] [info]  [HDStreamingConsumableModal] Setting bitrates 
[2025-05-23 17:22:33.644] [info]  [RTCControlSocket(default)] Sending heartbeat with last received sequence number: 36
[2025-05-23 17:22:33.716] [info]  [RTCControlSocket(default)] Heartbeat ACK received
[2025-05-23 17:22:40.904] [info]  [HDStreamingConsumableModal] Setting bitrates 
[2025-05-23 17:22:40.905] [info]  [HDStreamingConsumableModal] Setting bitrates 
[2025-05-23 17:22:47.393] [info]  [RTCControlSocket(default)] Sending heartbeat with last received sequence number: 36
[2025-05-23 17:22:47.468] [info]  [RTCControlSocket(default)] Heartbeat ACK received
[2025-05-23 17:22:50.944] [info]  [HDStreamingConsumableModal] Setting bitrates 
[2025-05-23 17:22:50.944] [info]  [HDStreamingConsumableModal] Setting bitrates 
[2025-05-23 17:23:00.981] [info]  [HDStreamingConsumableModal] Setting bitrates 
[2025-05-23 17:23:00.982] [info]  [HDStreamingConsumableModal] Setting bitrates 
[2025-05-23 17:23:01.143] [info]  [RTCControlSocket(default)] Sending heartbeat with last received sequence number: 36
[2025-05-23 17:23:01.232] [info]  [RTCControlSocket(default)] Heartbeat ACK received
[2025-05-23 17:23:11.019] [info]  [HDStreamingConsumableModal] Setting bitrates 
[2025-05-23 17:23:11.020] [info]  [HDStreamingConsumableModal] Setting bitrates 
[2025-05-23 17:23:14.893] [info]  [RTCControlSocket(default)] Sending heartbeat with last received sequence number: 36
[2025-05-23 17:23:14.965] [info]  [RTCControlSocket(default)] Heartbeat ACK received
[2025-05-23 17:23:21.057] [info]  [HDStreamingConsumableModal] Setting bitrates 
[2025-05-23 17:23:21.058] [info]  [HDStreamingConsumableModal] Setting bitrates 
[2025-05-23 17:23:28.643] [info]  [RTCControlSocket(default)] Sending heartbeat with last received sequence number: 36
[2025-05-23 17:23:28.712] [info]  [RTCControlSocket(default)] Heartbeat ACK received
[2025-05-23 17:23:31.092] [info]  [HDStreamingConsumableModal] Setting bitrates 
[2025-05-23 17:23:31.092] [info]  [HDStreamingConsumableModal] Setting bitrates 
[2025-05-23 17:23:41.130] [info]  [HDStreamingConsumableModal] Setting bitrates 
[2025-05-23 17:23:41.131] [info]  [HDStreamingConsumableModal] Setting bitrates 
[2025-05-23 17:23:42.393] [info]  [RTCControlSocket(default)] Sending heartbeat with last received sequence number: 36
[2025-05-23 17:23:42.466] [info]  [RTCControlSocket(default)] Heartbeat ACK received
[2025-05-23 17:23:51.170] [info]  [HDStreamingConsumableModal] Setting bitrates 
[2025-05-23 17:23:51.171] [info]  [HDStreamingConsumableModal] Setting bitrates 
[2025-05-23 17:23:56.143] [info]  [RTCControlSocket(default)] Sending heartbeat with last received sequence number: 36
[2025-05-23 17:23:56.209] [info]  [RTCControlSocket(default)] Heartbeat ACK received
[2025-05-23 17:24:01.213] [info]  [HDStreamingConsumableModal] Setting bitrates 
[2025-05-23 17:24:01.214] [info]  [HDStreamingConsumableModal] Setting bitrates 
[2025-05-23 17:24:09.893] [info]  [RTCControlSocket(default)] Sending heartbeat with last received sequence number: 36
[2025-05-23 17:24:10.180] [info]  [RTCControlSocket(default)] Heartbeat ACK received
[2025-05-23 17:24:11.253] [info]  [HDStreamingConsumableModal] Setting bitrates 
[2025-05-23 17:24:11.253] [info]  [HDStreamingConsumableModal] Setting bitrates 
[2025-05-23 17:24:21.293] [info]  [HDStreamingConsumableModal] Setting bitrates 
[2025-05-23 17:24:21.293] [info]  [HDStreamingConsumableModal] Setting bitrates 
[2025-05-23 17:24:23.643] [info]  [RTCControlSocket(default)] Sending heartbeat with last received sequence number: 36
[2025-05-23 17:24:23.718] [info]  [RTCControlSocket(default)] Heartbeat ACK received
[2025-05-23 17:24:31.331] [info]  [HDStreamingConsumableModal] Setting bitrates 
[2025-05-23 17:24:31.332] [info]  [HDStreamingConsumableModal] Setting bitrates 
[2025-05-23 17:24:37.393] [info]  [RTCControlSocket(default)] Sending heartbeat with last received sequence number: 36
[2025-05-23 17:24:37.474] [info]  [RTCControlSocket(default)] Heartbeat ACK received
[2025-05-23 17:24:41.376] [info]  [HDStreamingConsumableModal] Setting bitrates 
[2025-05-23 17:24:41.377] [info]  [HDStreamingConsumableModal] Setting bitrates 
[2025-05-23 17:24:51.143] [info]  [RTCControlSocket(default)] Sending heartbeat with last received sequence number: 36
[2025-05-23 17:24:51.224] [info]  [RTCControlSocket(default)] Heartbeat ACK received
[2025-05-23 17:24:51.417] [info]  [HDStreamingConsumableModal] Setting bitrates 
[2025-05-23 17:24:51.418] [info]  [HDStreamingConsumableModal] Setting bitrates 
[2025-05-23 17:25:01.455] [info]  [HDStreamingConsumableModal] Setting bitrates 
[2025-05-23 17:25:01.456] [info]  [HDStreamingConsumableModal] Setting bitrates 
[2025-05-23 17:25:04.893] [info]  [RTCControlSocket(default)] Sending heartbeat with last received sequence number: 36
[2025-05-23 17:25:05.084] [info]  [RTCControlSocket(default)] Heartbeat ACK received
[2025-05-23 17:25:11.494] [info]  [HDStreamingConsumableModal] Setting bitrates 
[2025-05-23 17:25:11.494] [info]  [HDStreamingConsumableModal] Setting bitrates 
[2025-05-23 17:25:18.643] [info]  [RTCControlSocket(default)] Sending heartbeat with last received sequence number: 36
[2025-05-23 17:25:18.708] [info]  [RTCControlSocket(default)] Heartbeat ACK received
[2025-05-23 17:25:21.530] [info]  [HDStreamingConsumableModal] Setting bitrates 
[2025-05-23 17:25:21.531] [info]  [HDStreamingConsumableModal] Setting bitrates 
[2025-05-23 17:25:23.576] [info]  [RTCConnection(741237973663612969, default)] Destroy RTCConnection
[2025-05-23 17:25:23.577] [info]  [RTCControlSocket(default)] CLOSE
[2025-05-23 17:25:23.577] [info]  [RTCConnection(741237973663612969, default)] Disconnected from RTC server, clean: true, code: 1000, reason: Force Close, state: RTC_CONNECTED
[2025-05-23 17:25:23.580] [info]  [Connection(default)] Connection state change: CONNECTED => DISCONNECTED
[2025-05-23 17:25:23.580] [info]  [RTCConnection(741237973663612969, default)] RTC media connection state change: RTC_CONNECTED => DISCONNECTED
[2025-05-23 17:25:23.580] [info]  [RTCConnection(741237973663612969, default)] RTC connection state: RTC_CONNECTED => RTC_DISCONNECTED
[2025-05-23 17:25:23.580] [info]  [Connection(default)] Connection state change: DISCONNECTED => DISCONNECTED
[2025-05-23 17:25:23.580] [info]  [RTCConnection(741237973663612969, default)] RTC media connection state change: RTC_DISCONNECTED => DISCONNECTED
[2025-05-23 17:25:23.581] [info]  [RTCConnection(741237973663612969, default)] RTC connection state: RTC_DISCONNECTED => RTC_DISCONNECTED
[2025-05-23 17:25:23.581] [info]  [RTCConnection(741237973663612969, default)] RTC connection state: RTC_DISCONNECTED => DISCONNECTED
[2025-05-23 17:25:23.597] [warn]  [RTCConnection(741237973663612969, default)] Error: codec survey is not available
[2025-05-23 17:25:29.909] [warn]  The resource https://discordapp.com/assets/189422196a4f8b53.woff2 was preloaded using link preload but not used within a few seconds from the window's load event. Please make sure it has an appropriate `as` value and it is preloaded intentionally.
[2025-05-23 17:25:29.910] [warn]  The resource https://discordapp.com/assets/dd24010f3cf7def7.woff2 was preloaded using link preload but not used within a few seconds from the window's load event. Please make sure it has an appropriate `as` value and it is preloaded intentionally.
[2025-05-23 17:25:29.910] [warn]  The resource https://discordapp.com/assets/7a6a566c2e88a35d.woff2 was preloaded using link preload but not used within a few seconds from the window's load event. Please make sure it has an appropriate `as` value and it is preloaded intentionally.
[2025-05-23 17:25:29.910] [warn]  The resource https://discordapp.com/assets/e52f0cba712e2fb4.woff2 was preloaded using link preload but not used within a few seconds from the window's load event. Please make sure it has an appropriate `as` value and it is preloaded intentionally.
[2025-05-23 17:25:29.911] [warn]  The resource https://discordapp.com/assets/ce3b8055f5114434.woff2 was preloaded using link preload but not used within a few seconds from the window's load event. Please make sure it has an appropriate `as` value and it is preloaded intentionally.
[2025-05-23 17:25:29.911] [warn]  The resource https://discordapp.com/assets/cb2006dbced0e246.woff2 was preloaded using link preload but not used within a few seconds from the window's load event. Please make sure it has an appropriate `as` value and it is preloaded intentionally.
[2025-05-23 17:27:05.440] [warn]  The resource https://discordapp.com/assets/189422196a4f8b53.woff2 was preloaded using link preload but not used within a few seconds from the window's load event. Please make sure it has an appropriate `as` value and it is preloaded intentionally.
[2025-05-23 17:27:05.440] [warn]  The resource https://discordapp.com/assets/dd24010f3cf7def7.woff2 was preloaded using link preload but not used within a few seconds from the window's load event. Please make sure it has an appropriate `as` value and it is preloaded intentionally.
[2025-05-23 17:27:05.441] [warn]  The resource https://discordapp.com/assets/7a6a566c2e88a35d.woff2 was preloaded using link preload but not used within a few seconds from the window's load event. Please make sure it has an appropriate `as` value and it is preloaded intentionally.
[2025-05-23 17:27:05.442] [warn]  The resource https://discordapp.com/assets/e52f0cba712e2fb4.woff2 was preloaded using link preload but not used within a few seconds from the window's load event. Please make sure it has an appropriate `as` value and it is preloaded intentionally.
[2025-05-23 17:27:05.442] [warn]  The resource https://discordapp.com/assets/ce3b8055f5114434.woff2 was preloaded using link preload but not used within a few seconds from the window's load event. Please make sure it has an appropriate `as` value and it is preloaded intentionally.
[2025-05-23 17:27:05.442] [warn]  The resource https://discordapp.com/assets/cb2006dbced0e246.woff2 was preloaded using link preload but not used within a few seconds from the window's load event. Please make sure it has an appropriate `as` value and it is preloaded intentionally.
[2025-05-23 17:27:15.133] [warn]  The resource https://discordapp.com/assets/189422196a4f8b53.woff2 was preloaded using link preload but not used within a few seconds from the window's load event. Please make sure it has an appropriate `as` value and it is preloaded intentionally.
[2025-05-23 17:27:15.133] [warn]  The resource https://discordapp.com/assets/dd24010f3cf7def7.woff2 was preloaded using link preload but not used within a few seconds from the window's load event. Please make sure it has an appropriate `as` value and it is preloaded intentionally.
[2025-05-23 17:27:15.134] [warn]  The resource https://discordapp.com/assets/7a6a566c2e88a35d.woff2 was preloaded using link preload but not used within a few seconds from the window's load event. Please make sure it has an appropriate `as` value and it is preloaded intentionally.
[2025-05-23 17:27:15.134] [warn]  The resource https://discordapp.com/assets/e52f0cba712e2fb4.woff2 was preloaded using link preload but not used within a few seconds from the window's load event. Please make sure it has an appropriate `as` value and it is preloaded intentionally.
[2025-05-23 17:27:15.134] [warn]  The resource https://discordapp.com/assets/ce3b8055f5114434.woff2 was preloaded using link preload but not used within a few seconds from the window's load event. Please make sure it has an appropriate `as` value and it is preloaded intentionally.
[2025-05-23 17:27:15.134] [warn]  The resource https://discordapp.com/assets/cb2006dbced0e246.woff2 was preloaded using link preload but not used within a few seconds from the window's load event. Please make sure it has an appropriate `as` value and it is preloaded intentionally.
[2025-05-23 17:29:49.958] [info]  [Routing/Utils] transitionTo - Transitioning to /channels/741237973663612969/1204077631184699402
[2025-05-23 17:30:34.115] [warn]  The resource https://discordapp.com/assets/189422196a4f8b53.woff2 was preloaded using link preload but not used within a few seconds from the window's load event. Please make sure it has an appropriate `as` value and it is preloaded intentionally.
[2025-05-23 17:30:34.116] [warn]  The resource https://discordapp.com/assets/dd24010f3cf7def7.woff2 was preloaded using link preload but not used within a few seconds from the window's load event. Please make sure it has an appropriate `as` value and it is preloaded intentionally.
[2025-05-23 17:30:34.121] [warn]  The resource https://discordapp.com/assets/7a6a566c2e88a35d.woff2 was preloaded using link preload but not used within a few seconds from the window's load event. Please make sure it has an appropriate `as` value and it is preloaded intentionally.
[2025-05-23 17:30:34.122] [warn]  The resource https://discordapp.com/assets/e52f0cba712e2fb4.woff2 was preloaded using link preload but not used within a few seconds from the window's load event. Please make sure it has an appropriate `as` value and it is preloaded intentionally.
[2025-05-23 17:30:34.122] [warn]  The resource https://discordapp.com/assets/ce3b8055f5114434.woff2 was preloaded using link preload but not used within a few seconds from the window's load event. Please make sure it has an appropriate `as` value and it is preloaded intentionally.
[2025-05-23 17:30:34.122] [warn]  The resource https://discordapp.com/assets/cb2006dbced0e246.woff2 was preloaded using link preload but not used within a few seconds from the window's load event. Please make sure it has an appropriate `as` value and it is preloaded intentionally.
[2025-05-23 17:30:57.464] [info]  [Routing/Utils] transitionTo - Transitioning to /channels/741237973663612969/1204077631184699402/threads/1265224253633200252
[2025-05-23 17:30:57.469] [info]  [MessageManager] Jumping to start of thread 1265224253633200252
[2025-05-23 17:30:57.469] [info]  [MessageActionCreators] Fetching messages for 1265224253633200252 between undefined and undefined. jump={"messageId":"1265224253633200252","flash":false}
[2025-05-23 17:30:58.579] [info]  [MessageActionCreators] Fetched 26 messages for 1265224253633200252 isBefore:false isAfter:false
[2025-05-23 17:30:58.582] [info]  [ChannelMessages] loadComplete: resetting state for channelId=1265224253633200252, sending.length=0
[2025-05-23 17:30:58.665] [info]  [MessageActionCreators] Fetching messages for 1265224253633200252 between undefined and 1267565047446634638. jump=undefined
[2025-05-23 17:31:01.586] [warn]  The resource https://discordapp.com/assets/189422196a4f8b53.woff2 was preloaded using link preload but not used within a few seconds from the window's load event. Please make sure it has an appropriate `as` value and it is preloaded intentionally.
[2025-05-23 17:31:01.587] [warn]  The resource https://discordapp.com/assets/dd24010f3cf7def7.woff2 was preloaded using link preload but not used within a few seconds from the window's load event. Please make sure it has an appropriate `as` value and it is preloaded intentionally.
[2025-05-23 17:31:01.587] [warn]  The resource https://discordapp.com/assets/7a6a566c2e88a35d.woff2 was preloaded using link preload but not used within a few seconds from the window's load event. Please make sure it has an appropriate `as` value and it is preloaded intentionally.
[2025-05-23 17:31:01.587] [warn]  The resource https://discordapp.com/assets/e52f0cba712e2fb4.woff2 was preloaded using link preload but not used within a few seconds from the window's load event. Please make sure it has an appropriate `as` value and it is preloaded intentionally.
[2025-05-23 17:31:01.588] [warn]  The resource https://discordapp.com/assets/ce3b8055f5114434.woff2 was preloaded using link preload but not used within a few seconds from the window's load event. Please make sure it has an appropriate `as` value and it is preloaded intentionally.
[2025-05-23 17:31:01.588] [warn]  The resource https://discordapp.com/assets/cb2006dbced0e246.woff2 was preloaded using link preload but not used within a few seconds from the window's load event. Please make sure it has an appropriate `as` value and it is preloaded intentionally.
[2025-05-23 17:31:05.929] [info]  [MessageActionCreators] Fetching messages for 1129023312509546566 between undefined and undefined. jump={"jumpType":"ANIMATED"}
[2025-05-23 17:31:05.999] [info]  [Routing/Utils] transitionTo - Transitioning to /channels/741237973663612969/1129023312509546566
[2025-05-23 17:31:09.653] [info]  [MessageActionCreators] Fetched 50 messages for 1265224253633200252 isBefore:false isAfter:true
[2025-05-23 17:31:10.095] [info]  [MessageActionCreators] Fetched 50 messages for 1129023312509546566 isBefore:false isAfter:false
[2025-05-23 17:31:10.100] [info]  [ChannelMessages] loadComplete: resetting state for channelId=1129023312509546566, sending.length=0
[2025-05-23 17:31:30.302] [info]  [MessageActionCreators] Fetching messages for 1129023312509546566 between 1372343658510286869 and undefined. jump=undefined
[2025-05-23 17:31:31.416] [warn]  [GatewaySocket] [ACK TIMEOUT] reconnecting in 2.94 seconds.
[2025-05-23 17:31:34.361] [info]  [GatewaySocket] [CONNECT] wss://gateway-us-east1-d.discord.gg, encoding: etf, version: 9, compression: zstd-stream
[2025-05-23 17:31:34.496] [warn]  The resource https://discordapp.com/assets/189422196a4f8b53.woff2 was preloaded using link preload but not used within a few seconds from the window's load event. Please make sure it has an appropriate `as` value and it is preloaded intentionally.
[2025-05-23 17:31:34.497] [warn]  The resource https://discordapp.com/assets/dd24010f3cf7def7.woff2 was preloaded using link preload but not used within a few seconds from the window's load event. Please make sure it has an appropriate `as` value and it is preloaded intentionally.
[2025-05-23 17:31:34.498] [warn]  The resource https://discordapp.com/assets/7a6a566c2e88a35d.woff2 was preloaded using link preload but not used within a few seconds from the window's load event. Please make sure it has an appropriate `as` value and it is preloaded intentionally.
[2025-05-23 17:31:34.498] [warn]  The resource https://discordapp.com/assets/e52f0cba712e2fb4.woff2 was preloaded using link preload but not used within a few seconds from the window's load event. Please make sure it has an appropriate `as` value and it is preloaded intentionally.
[2025-05-23 17:31:34.498] [warn]  The resource https://discordapp.com/assets/ce3b8055f5114434.woff2 was preloaded using link preload but not used within a few seconds from the window's load event. Please make sure it has an appropriate `as` value and it is preloaded intentionally.
[2025-05-23 17:31:34.499] [warn]  The resource https://discordapp.com/assets/cb2006dbced0e246.woff2 was preloaded using link preload but not used within a few seconds from the window's load event. Please make sure it has an appropriate `as` value and it is preloaded intentionally.
[2025-05-23 17:31:41.069] [info]  [MessageActionCreators] Fetched 50 messages for 1129023312509546566 isBefore:true isAfter:false
[2025-05-23 17:31:41.202] [info]  [GatewaySocket] [CONNECTED] wss://gateway-us-east1-d.discord.gg/?encoding=etf&v=9&compress=zstd-stream in 6841 ms
[2025-05-23 17:31:41.202] [info]  [GatewaySocket] [RESUME] resuming session 443ba21e269665038e32325eab03f44a, seq: 681
[2025-05-23 17:31:42.104] [info]  [Flux] Dispatching CONNECTION_RESUMED
[2025-05-23 17:31:42.109] [info]  [GatewaySocket] [RESUMED] took 7749ms, replayed 0 events, new seq: 685
[2025-05-23 17:31:46.807] [info]  [MessageActionCreators] Fetching messages for 1129023312509546566 between 1371677761839693889 and undefined. jump=undefined
[2025-05-23 17:31:50.632] [info]  [discord_protos.discord_users.v1.FrecencyUserSettings] Scheduling save from markDirty
[2025-05-23 17:31:50.632] [info]  [discord_protos.discord_users.v1.FrecencyUserSettings] Persisting proto
[2025-05-23 17:31:57.503] [info]  [MessageActionCreators] Fetched 50 messages for 1129023312509546566 isBefore:true isAfter:false
[2025-05-23 17:32:28.068] [info]  [MessageActionCreators] Fetching messages for 1129023312509546566 between 1369967264857591869 and undefined. jump=undefined
[2025-05-23 17:32:32.410] [info]  [MessageActionCreators] Fetched 50 messages for 1129023312509546566 isBefore:true isAfter:false
[2025-05-23 17:32:33.357] [info]  [MessageActionCreators] Fetching messages for 1129023312509546566 between 1368056403851214979 and undefined. jump=undefined
[2025-05-23 17:32:50.730] [info]  [MessageActionCreators] Fetched 50 messages for 1129023312509546566 isBefore:true isAfter:false
[2025-05-23 17:33:17.242] [info]  [Routing/Utils] transitionTo - Transitioning to /channels/741237973663612969/1204077631184699402
[2025-05-23 17:33:44.864] [warn]  The resource https://discordapp.com/assets/189422196a4f8b53.woff2 was preloaded using link preload but not used within a few seconds from the window's load event. Please make sure it has an appropriate `as` value and it is preloaded intentionally.
[2025-05-23 17:33:44.865] [warn]  The resource https://discordapp.com/assets/dd24010f3cf7def7.woff2 was preloaded using link preload but not used within a few seconds from the window's load event. Please make sure it has an appropriate `as` value and it is preloaded intentionally.
[2025-05-23 17:33:44.866] [warn]  The resource https://discordapp.com/assets/7a6a566c2e88a35d.woff2 was preloaded using link preload but not used within a few seconds from the window's load event. Please make sure it has an appropriate `as` value and it is preloaded intentionally.
[2025-05-23 17:33:44.866] [warn]  The resource https://discordapp.com/assets/e52f0cba712e2fb4.woff2 was preloaded using link preload but not used within a few seconds from the window's load event. Please make sure it has an appropriate `as` value and it is preloaded intentionally.
[2025-05-23 17:33:44.866] [warn]  The resource https://discordapp.com/assets/ce3b8055f5114434.woff2 was preloaded using link preload but not used within a few seconds from the window's load event. Please make sure it has an appropriate `as` value and it is preloaded intentionally.
[2025-05-23 17:33:44.867] [warn]  The resource https://discordapp.com/assets/cb2006dbced0e246.woff2 was preloaded using link preload but not used within a few seconds from the window's load event. Please make sure it has an appropriate `as` value and it is preloaded intentionally.
[2025-05-23 17:33:49.455] [warn]  The resource https://discordapp.com/assets/189422196a4f8b53.woff2 was preloaded using link preload but not used within a few seconds from the window's load event. Please make sure it has an appropriate `as` value and it is preloaded intentionally.
[2025-05-23 17:33:49.456] [warn]  The resource https://discordapp.com/assets/dd24010f3cf7def7.woff2 was preloaded using link preload but not used within a few seconds from the window's load event. Please make sure it has an appropriate `as` value and it is preloaded intentionally.
[2025-05-23 17:33:49.456] [warn]  The resource https://discordapp.com/assets/7a6a566c2e88a35d.woff2 was preloaded using link preload but not used within a few seconds from the window's load event. Please make sure it has an appropriate `as` value and it is preloaded intentionally.
[2025-05-23 17:33:49.457] [warn]  The resource https://discordapp.com/assets/e52f0cba712e2fb4.woff2 was preloaded using link preload but not used within a few seconds from the window's load event. Please make sure it has an appropriate `as` value and it is preloaded intentionally.
[2025-05-23 17:33:49.457] [warn]  The resource https://discordapp.com/assets/ce3b8055f5114434.woff2 was preloaded using link preload but not used within a few seconds from the window's load event. Please make sure it has an appropriate `as` value and it is preloaded intentionally.
[2025-05-23 17:33:49.457] [warn]  The resource https://discordapp.com/assets/cb2006dbced0e246.woff2 was preloaded using link preload but not used within a few seconds from the window's load event. Please make sure it has an appropriate `as` value and it is preloaded intentionally.
[2025-05-23 17:33:54.464] [warn]  The resource https://discordapp.com/assets/189422196a4f8b53.woff2 was preloaded using link preload but not used within a few seconds from the window's load event. Please make sure it has an appropriate `as` value and it is preloaded intentionally.
[2025-05-23 17:33:54.465] [warn]  The resource https://discordapp.com/assets/dd24010f3cf7def7.woff2 was preloaded using link preload but not used within a few seconds from the window's load event. Please make sure it has an appropriate `as` value and it is preloaded intentionally.
[2025-05-23 17:33:54.465] [warn]  The resource https://discordapp.com/assets/7a6a566c2e88a35d.woff2 was preloaded using link preload but not used within a few seconds from the window's load event. Please make sure it has an appropriate `as` value and it is preloaded intentionally.
[2025-05-23 17:33:54.466] [warn]  The resource https://discordapp.com/assets/e52f0cba712e2fb4.woff2 was preloaded using link preload but not used within a few seconds from the window's load event. Please make sure it has an appropriate `as` value and it is preloaded intentionally.
[2025-05-23 17:33:54.466] [warn]  The resource https://discordapp.com/assets/ce3b8055f5114434.woff2 was preloaded using link preload but not used within a few seconds from the window's load event. Please make sure it has an appropriate `as` value and it is preloaded intentionally.
[2025-05-23 17:33:54.466] [warn]  The resource https://discordapp.com/assets/cb2006dbced0e246.woff2 was preloaded using link preload but not used within a few seconds from the window's load event. Please make sure it has an appropriate `as` value and it is preloaded intentionally.
[2025-05-23 17:33:59.633] [warn]  The resource https://discordapp.com/assets/189422196a4f8b53.woff2 was preloaded using link preload but not used within a few seconds from the window's load event. Please make sure it has an appropriate `as` value and it is preloaded intentionally.
[2025-05-23 17:33:59.634] [warn]  The resource https://discordapp.com/assets/dd24010f3cf7def7.woff2 was preloaded using link preload but not used within a few seconds from the window's load event. Please make sure it has an appropriate `as` value and it is preloaded intentionally.
[2025-05-23 17:33:59.634] [warn]  The resource https://discordapp.com/assets/7a6a566c2e88a35d.woff2 was preloaded using link preload but not used within a few seconds from the window's load event. Please make sure it has an appropriate `as` value and it is preloaded intentionally.
[2025-05-23 17:33:59.634] [warn]  The resource https://discordapp.com/assets/e52f0cba712e2fb4.woff2 was preloaded using link preload but not used within a few seconds from the window's load event. Please make sure it has an appropriate `as` value and it is preloaded intentionally.
[2025-05-23 17:33:59.635] [warn]  The resource https://discordapp.com/assets/ce3b8055f5114434.woff2 was preloaded using link preload but not used within a few seconds from the window's load event. Please make sure it has an appropriate `as` value and it is preloaded intentionally.
[2025-05-23 17:33:59.635] [warn]  The resource https://discordapp.com/assets/cb2006dbced0e246.woff2 was preloaded using link preload but not used within a few seconds from the window's load event. Please make sure it has an appropriate `as` value and it is preloaded intentionally.
[2025-05-23 17:36:05.364] [warn]  The resource https://discordapp.com/assets/189422196a4f8b53.woff2 was preloaded using link preload but not used within a few seconds from the window's load event. Please make sure it has an appropriate `as` value and it is preloaded intentionally.
[2025-05-23 17:36:05.365] [warn]  The resource https://discordapp.com/assets/dd24010f3cf7def7.woff2 was preloaded using link preload but not used within a few seconds from the window's load event. Please make sure it has an appropriate `as` value and it is preloaded intentionally.
[2025-05-23 17:36:05.365] [warn]  The resource https://discordapp.com/assets/7a6a566c2e88a35d.woff2 was preloaded using link preload but not used within a few seconds from the window's load event. Please make sure it has an appropriate `as` value and it is preloaded intentionally.
[2025-05-23 17:36:05.365] [warn]  The resource https://discordapp.com/assets/e52f0cba712e2fb4.woff2 was preloaded using link preload but not used within a few seconds from the window's load event. Please make sure it has an appropriate `as` value and it is preloaded intentionally.
[2025-05-23 17:36:05.366] [warn]  The resource https://discordapp.com/assets/ce3b8055f5114434.woff2 was preloaded using link preload but not used within a few seconds from the window's load event. Please make sure it has an appropriate `as` value and it is preloaded intentionally.
[2025-05-23 17:36:05.366] [warn]  The resource https://discordapp.com/assets/cb2006dbced0e246.woff2 was preloaded using link preload but not used within a few seconds from the window's load event. Please make sure it has an appropriate `as` value and it is preloaded intentionally.
[2025-05-23 17:36:51.649] [warn]  The resource https://discordapp.com/assets/189422196a4f8b53.woff2 was preloaded using link preload but not used within a few seconds from the window's load event. Please make sure it has an appropriate `as` value and it is preloaded intentionally.
[2025-05-23 17:36:51.650] [warn]  The resource https://discordapp.com/assets/dd24010f3cf7def7.woff2 was preloaded using link preload but not used within a few seconds from the window's load event. Please make sure it has an appropriate `as` value and it is preloaded intentionally.
[2025-05-23 17:36:51.651] [warn]  The resource https://discordapp.com/assets/7a6a566c2e88a35d.woff2 was preloaded using link preload but not used within a few seconds from the window's load event. Please make sure it has an appropriate `as` value and it is preloaded intentionally.
[2025-05-23 17:36:51.651] [warn]  The resource https://discordapp.com/assets/e52f0cba712e2fb4.woff2 was preloaded using link preload but not used within a few seconds from the window's load event. Please make sure it has an appropriate `as` value and it is preloaded intentionally.
[2025-05-23 17:36:51.652] [warn]  The resource https://discordapp.com/assets/ce3b8055f5114434.woff2 was preloaded using link preload but not used within a few seconds from the window's load event. Please make sure it has an appropriate `as` value and it is preloaded intentionally.
[2025-05-23 17:36:51.652] [warn]  The resource https://discordapp.com/assets/cb2006dbced0e246.woff2 was preloaded using link preload but not used within a few seconds from the window's load event. Please make sure it has an appropriate `as` value and it is preloaded intentionally.
[2025-05-23 17:37:08.322] [warn]  The resource https://discordapp.com/assets/189422196a4f8b53.woff2 was preloaded using link preload but not used within a few seconds from the window's load event. Please make sure it has an appropriate `as` value and it is preloaded intentionally.
[2025-05-23 17:37:08.323] [warn]  The resource https://discordapp.com/assets/dd24010f3cf7def7.woff2 was preloaded using link preload but not used within a few seconds from the window's load event. Please make sure it has an appropriate `as` value and it is preloaded intentionally.
[2025-05-23 17:37:08.324] [warn]  The resource https://discordapp.com/assets/7a6a566c2e88a35d.woff2 was preloaded using link preload but not used within a few seconds from the window's load event. Please make sure it has an appropriate `as` value and it is preloaded intentionally.
[2025-05-23 17:37:08.324] [warn]  The resource https://discordapp.com/assets/e52f0cba712e2fb4.woff2 was preloaded using link preload but not used within a few seconds from the window's load event. Please make sure it has an appropriate `as` value and it is preloaded intentionally.
[2025-05-23 17:37:08.324] [warn]  The resource https://discordapp.com/assets/ce3b8055f5114434.woff2 was preloaded using link preload but not used within a few seconds from the window's load event. Please make sure it has an appropriate `as` value and it is preloaded intentionally.
[2025-05-23 17:37:08.324] [warn]  The resource https://discordapp.com/assets/cb2006dbced0e246.woff2 was preloaded using link preload but not used within a few seconds from the window's load event. Please make sure it has an appropriate `as` value and it is preloaded intentionally.
[2025-05-23 17:37:20.138] [warn]  The resource https://discordapp.com/assets/189422196a4f8b53.woff2 was preloaded using link preload but not used within a few seconds from the window's load event. Please make sure it has an appropriate `as` value and it is preloaded intentionally.
[2025-05-23 17:37:20.139] [warn]  The resource https://discordapp.com/assets/dd24010f3cf7def7.woff2 was preloaded using link preload but not used within a few seconds from the window's load event. Please make sure it has an appropriate `as` value and it is preloaded intentionally.
[2025-05-23 17:37:20.139] [warn]  The resource https://discordapp.com/assets/7a6a566c2e88a35d.woff2 was preloaded using link preload but not used within a few seconds from the window's load event. Please make sure it has an appropriate `as` value and it is preloaded intentionally.
[2025-05-23 17:37:20.140] [warn]  The resource https://discordapp.com/assets/e52f0cba712e2fb4.woff2 was preloaded using link preload but not used within a few seconds from the window's load event. Please make sure it has an appropriate `as` value and it is preloaded intentionally.
[2025-05-23 17:37:20.140] [warn]  The resource https://discordapp.com/assets/ce3b8055f5114434.woff2 was preloaded using link preload but not used within a few seconds from the window's load event. Please make sure it has an appropriate `as` value and it is preloaded intentionally.
[2025-05-23 17:37:20.140] [warn]  The resource https://discordapp.com/assets/cb2006dbced0e246.woff2 was preloaded using link preload but not used within a few seconds from the window's load event. Please make sure it has an appropriate `as` value and it is preloaded intentionally.
[2025-05-23 17:38:31.337] [warn]  The resource https://discordapp.com/assets/189422196a4f8b53.woff2 was preloaded using link preload but not used within a few seconds from the window's load event. Please make sure it has an appropriate `as` value and it is preloaded intentionally.
[2025-05-23 17:38:31.337] [warn]  The resource https://discordapp.com/assets/dd24010f3cf7def7.woff2 was preloaded using link preload but not used within a few seconds from the window's load event. Please make sure it has an appropriate `as` value and it is preloaded intentionally.
[2025-05-23 17:38:31.338] [warn]  The resource https://discordapp.com/assets/7a6a566c2e88a35d.woff2 was preloaded using link preload but not used within a few seconds from the window's load event. Please make sure it has an appropriate `as` value and it is preloaded intentionally.
[2025-05-23 17:38:31.338] [warn]  The resource https://discordapp.com/assets/e52f0cba712e2fb4.woff2 was preloaded using link preload but not used within a few seconds from the window's load event. Please make sure it has an appropriate `as` value and it is preloaded intentionally.
[2025-05-23 17:38:31.338] [warn]  The resource https://discordapp.com/assets/ce3b8055f5114434.woff2 was preloaded using link preload but not used within a few seconds from the window's load event. Please make sure it has an appropriate `as` value and it is preloaded intentionally.
[2025-05-23 17:38:31.339] [warn]  The resource https://discordapp.com/assets/cb2006dbced0e246.woff2 was preloaded using link preload but not used within a few seconds from the window's load event. Please make sure it has an appropriate `as` value and it is preloaded intentionally.
[2025-05-23 17:38:37.618] [warn]  The resource https://discordapp.com/assets/189422196a4f8b53.woff2 was preloaded using link preload but not used within a few seconds from the window's load event. Please make sure it has an appropriate `as` value and it is preloaded intentionally.
[2025-05-23 17:38:37.618] [warn]  The resource https://discordapp.com/assets/dd24010f3cf7def7.woff2 was preloaded using link preload but not used within a few seconds from the window's load event. Please make sure it has an appropriate `as` value and it is preloaded intentionally.
[2025-05-23 17:38:37.619] [warn]  The resource https://discordapp.com/assets/7a6a566c2e88a35d.woff2 was preloaded using link preload but not used within a few seconds from the window's load event. Please make sure it has an appropriate `as` value and it is preloaded intentionally.
[2025-05-23 17:38:37.619] [warn]  The resource https://discordapp.com/assets/e52f0cba712e2fb4.woff2 was preloaded using link preload but not used within a few seconds from the window's load event. Please make sure it has an appropriate `as` value and it is preloaded intentionally.
[2025-05-23 17:38:37.620] [warn]  The resource https://discordapp.com/assets/ce3b8055f5114434.woff2 was preloaded using link preload but not used within a few seconds from the window's load event. Please make sure it has an appropriate `as` value and it is preloaded intentionally.
[2025-05-23 17:38:37.620] [warn]  The resource https://discordapp.com/assets/cb2006dbced0e246.woff2 was preloaded using link preload but not used within a few seconds from the window's load event. Please make sure it has an appropriate `as` value and it is preloaded intentionally.
[2025-05-23 17:38:46.290] [warn]  The resource https://discordapp.com/assets/189422196a4f8b53.woff2 was preloaded using link preload but not used within a few seconds from the window's load event. Please make sure it has an appropriate `as` value and it is preloaded intentionally.
[2025-05-23 17:38:46.291] [warn]  The resource https://discordapp.com/assets/dd24010f3cf7def7.woff2 was preloaded using link preload but not used within a few seconds from the window's load event. Please make sure it has an appropriate `as` value and it is preloaded intentionally.
[2025-05-23 17:38:46.292] [warn]  The resource https://discordapp.com/assets/7a6a566c2e88a35d.woff2 was preloaded using link preload but not used within a few seconds from the window's load event. Please make sure it has an appropriate `as` value and it is preloaded intentionally.
[2025-05-23 17:38:46.292] [warn]  The resource https://discordapp.com/assets/e52f0cba712e2fb4.woff2 was preloaded using link preload but not used within a few seconds from the window's load event. Please make sure it has an appropriate `as` value and it is preloaded intentionally.
[2025-05-23 17:38:46.293] [warn]  The resource https://discordapp.com/assets/ce3b8055f5114434.woff2 was preloaded using link preload but not used within a few seconds from the window's load event. Please make sure it has an appropriate `as` value and it is preloaded intentionally.
[2025-05-23 17:38:46.293] [warn]  The resource https://discordapp.com/assets/cb2006dbced0e246.woff2 was preloaded using link preload but not used within a few seconds from the window's load event. Please make sure it has an appropriate `as` value and it is preloaded intentionally.
[2025-05-23 17:39:06.258] [warn]  The resource https://discordapp.com/assets/189422196a4f8b53.woff2 was preloaded using link preload but not used within a few seconds from the window's load event. Please make sure it has an appropriate `as` value and it is preloaded intentionally.
[2025-05-23 17:39:06.259] [warn]  The resource https://discordapp.com/assets/dd24010f3cf7def7.woff2 was preloaded using link preload but not used within a few seconds from the window's load event. Please make sure it has an appropriate `as` value and it is preloaded intentionally.
[2025-05-23 17:39:06.260] [warn]  The resource https://discordapp.com/assets/7a6a566c2e88a35d.woff2 was preloaded using link preload but not used within a few seconds from the window's load event. Please make sure it has an appropriate `as` value and it is preloaded intentionally.
[2025-05-23 17:39:06.260] [warn]  The resource https://discordapp.com/assets/e52f0cba712e2fb4.woff2 was preloaded using link preload but not used within a few seconds from the window's load event. Please make sure it has an appropriate `as` value and it is preloaded intentionally.
[2025-05-23 17:39:06.260] [warn]  The resource https://discordapp.com/assets/ce3b8055f5114434.woff2 was preloaded using link preload but not used within a few seconds from the window's load event. Please make sure it has an appropriate `as` value and it is preloaded intentionally.
[2025-05-23 17:39:06.261] [warn]  The resource https://discordapp.com/assets/cb2006dbced0e246.woff2 was preloaded using link preload but not used within a few seconds from the window's load event. Please make sure it has an appropriate `as` value and it is preloaded intentionally.
[2025-05-23 17:39:17.650] [warn]  The resource https://discordapp.com/assets/189422196a4f8b53.woff2 was preloaded using link preload but not used within a few seconds from the window's load event. Please make sure it has an appropriate `as` value and it is preloaded intentionally.
[2025-05-23 17:39:17.651] [warn]  The resource https://discordapp.com/assets/dd24010f3cf7def7.woff2 was preloaded using link preload but not used within a few seconds from the window's load event. Please make sure it has an appropriate `as` value and it is preloaded intentionally.
[2025-05-23 17:39:17.652] [warn]  The resource https://discordapp.com/assets/7a6a566c2e88a35d.woff2 was preloaded using link preload but not used within a few seconds from the window's load event. Please make sure it has an appropriate `as` value and it is preloaded intentionally.
[2025-05-23 17:39:17.652] [warn]  The resource https://discordapp.com/assets/e52f0cba712e2fb4.woff2 was preloaded using link preload but not used within a few seconds from the window's load event. Please make sure it has an appropriate `as` value and it is preloaded intentionally.
[2025-05-23 17:39:17.652] [warn]  The resource https://discordapp.com/assets/ce3b8055f5114434.woff2 was preloaded using link preload but not used within a few seconds from the window's load event. Please make sure it has an appropriate `as` value and it is preloaded intentionally.
[2025-05-23 17:39:17.652] [warn]  The resource https://discordapp.com/assets/cb2006dbced0e246.woff2 was preloaded using link preload but not used within a few seconds from the window's load event. Please make sure it has an appropriate `as` value and it is preloaded intentionally.
[2025-05-23 17:39:35.138] [warn]  The resource https://discordapp.com/assets/189422196a4f8b53.woff2 was preloaded using link preload but not used within a few seconds from the window's load event. Please make sure it has an appropriate `as` value and it is preloaded intentionally.
[2025-05-23 17:39:35.139] [warn]  The resource https://discordapp.com/assets/dd24010f3cf7def7.woff2 was preloaded using link preload but not used within a few seconds from the window's load event. Please make sure it has an appropriate `as` value and it is preloaded intentionally.
[2025-05-23 17:39:35.140] [warn]  The resource https://discordapp.com/assets/7a6a566c2e88a35d.woff2 was preloaded using link preload but not used within a few seconds from the window's load event. Please make sure it has an appropriate `as` value and it is preloaded intentionally.
[2025-05-23 17:39:35.141] [warn]  The resource https://discordapp.com/assets/e52f0cba712e2fb4.woff2 was preloaded using link preload but not used within a few seconds from the window's load event. Please make sure it has an appropriate `as` value and it is preloaded intentionally.
[2025-05-23 17:39:35.141] [warn]  The resource https://discordapp.com/assets/ce3b8055f5114434.woff2 was preloaded using link preload but not used within a few seconds from the window's load event. Please make sure it has an appropriate `as` value and it is preloaded intentionally.
[2025-05-23 17:39:35.141] [warn]  The resource https://discordapp.com/assets/cb2006dbced0e246.woff2 was preloaded using link preload but not used within a few seconds from the window's load event. Please make sure it has an appropriate `as` value and it is preloaded intentionally.
[2025-05-23 17:39:49.915] [warn]  The resource https://discordapp.com/assets/189422196a4f8b53.woff2 was preloaded using link preload but not used within a few seconds from the window's load event. Please make sure it has an appropriate `as` value and it is preloaded intentionally.
[2025-05-23 17:39:49.916] [warn]  The resource https://discordapp.com/assets/dd24010f3cf7def7.woff2 was preloaded using link preload but not used within a few seconds from the window's load event. Please make sure it has an appropriate `as` value and it is preloaded intentionally.
[2025-05-23 17:39:49.917] [warn]  The resource https://discordapp.com/assets/7a6a566c2e88a35d.woff2 was preloaded using link preload but not used within a few seconds from the window's load event. Please make sure it has an appropriate `as` value and it is preloaded intentionally.
[2025-05-23 17:39:49.917] [warn]  The resource https://discordapp.com/assets/e52f0cba712e2fb4.woff2 was preloaded using link preload but not used within a few seconds from the window's load event. Please make sure it has an appropriate `as` value and it is preloaded intentionally.
[2025-05-23 17:39:49.917] [warn]  The resource https://discordapp.com/assets/ce3b8055f5114434.woff2 was preloaded using link preload but not used within a few seconds from the window's load event. Please make sure it has an appropriate `as` value and it is preloaded intentionally.
[2025-05-23 17:39:49.918] [warn]  The resource https://discordapp.com/assets/cb2006dbced0e246.woff2 was preloaded using link preload but not used within a few seconds from the window's load event. Please make sure it has an appropriate `as` value and it is preloaded intentionally.
[2025-05-23 17:39:58.994] [warn]  The resource https://discordapp.com/assets/189422196a4f8b53.woff2 was preloaded using link preload but not used within a few seconds from the window's load event. Please make sure it has an appropriate `as` value and it is preloaded intentionally.
[2025-05-23 17:39:58.994] [warn]  The resource https://discordapp.com/assets/dd24010f3cf7def7.woff2 was preloaded using link preload but not used within a few seconds from the window's load event. Please make sure it has an appropriate `as` value and it is preloaded intentionally.
[2025-05-23 17:39:58.995] [warn]  The resource https://discordapp.com/assets/7a6a566c2e88a35d.woff2 was preloaded using link preload but not used within a few seconds from the window's load event. Please make sure it has an appropriate `as` value and it is preloaded intentionally.
[2025-05-23 17:39:58.995] [warn]  The resource https://discordapp.com/assets/e52f0cba712e2fb4.woff2 was preloaded using link preload but not used within a few seconds from the window's load event. Please make sure it has an appropriate `as` value and it is preloaded intentionally.
[2025-05-23 17:39:58.995] [warn]  The resource https://discordapp.com/assets/ce3b8055f5114434.woff2 was preloaded using link preload but not used within a few seconds from the window's load event. Please make sure it has an appropriate `as` value and it is preloaded intentionally.
[2025-05-23 17:39:58.996] [warn]  The resource https://discordapp.com/assets/cb2006dbced0e246.woff2 was preloaded using link preload but not used within a few seconds from the window's load event. Please make sure it has an appropriate `as` value and it is preloaded intentionally.
[2025-05-23 17:45:58.141] [warn]  The resource https://discordapp.com/assets/189422196a4f8b53.woff2 was preloaded using link preload but not used within a few seconds from the window's load event. Please make sure it has an appropriate `as` value and it is preloaded intentionally.
[2025-05-23 17:45:58.142] [warn]  The resource https://discordapp.com/assets/dd24010f3cf7def7.woff2 was preloaded using link preload but not used within a few seconds from the window's load event. Please make sure it has an appropriate `as` value and it is preloaded intentionally.
[2025-05-23 17:45:58.142] [warn]  The resource https://discordapp.com/assets/7a6a566c2e88a35d.woff2 was preloaded using link preload but not used within a few seconds from the window's load event. Please make sure it has an appropriate `as` value and it is preloaded intentionally.
[2025-05-23 17:45:58.143] [warn]  The resource https://discordapp.com/assets/e52f0cba712e2fb4.woff2 was preloaded using link preload but not used within a few seconds from the window's load event. Please make sure it has an appropriate `as` value and it is preloaded intentionally.
[2025-05-23 17:45:58.143] [warn]  The resource https://discordapp.com/assets/ce3b8055f5114434.woff2 was preloaded using link preload but not used within a few seconds from the window's load event. Please make sure it has an appropriate `as` value and it is preloaded intentionally.
[2025-05-23 17:45:58.143] [warn]  The resource https://discordapp.com/assets/cb2006dbced0e246.woff2 was preloaded using link preload but not used within a few seconds from the window's load event. Please make sure it has an appropriate `as` value and it is preloaded intentionally.
[2025-05-23 17:54:18.537] [warn]  The resource https://discordapp.com/assets/189422196a4f8b53.woff2 was preloaded using link preload but not used within a few seconds from the window's load event. Please make sure it has an appropriate `as` value and it is preloaded intentionally.
[2025-05-23 17:54:18.538] [warn]  The resource https://discordapp.com/assets/dd24010f3cf7def7.woff2 was preloaded using link preload but not used within a few seconds from the window's load event. Please make sure it has an appropriate `as` value and it is preloaded intentionally.
[2025-05-23 17:54:18.539] [warn]  The resource https://discordapp.com/assets/7a6a566c2e88a35d.woff2 was preloaded using link preload but not used within a few seconds from the window's load event. Please make sure it has an appropriate `as` value and it is preloaded intentionally.
[2025-05-23 17:54:18.539] [warn]  The resource https://discordapp.com/assets/e52f0cba712e2fb4.woff2 was preloaded using link preload but not used within a few seconds from the window's load event. Please make sure it has an appropriate `as` value and it is preloaded intentionally.
[2025-05-23 17:54:18.540] [warn]  The resource https://discordapp.com/assets/ce3b8055f5114434.woff2 was preloaded using link preload but not used within a few seconds from the window's load event. Please make sure it has an appropriate `as` value and it is preloaded intentionally.
[2025-05-23 17:54:18.541] [warn]  The resource https://discordapp.com/assets/cb2006dbced0e246.woff2 was preloaded using link preload but not used within a few seconds from the window's load event. Please make sure it has an appropriate `as` value and it is preloaded intentionally.
[2025-05-23 17:58:55.112] [warn]  The resource https://discordapp.com/assets/189422196a4f8b53.woff2 was preloaded using link preload but not used within a few seconds from the window's load event. Please make sure it has an appropriate `as` value and it is preloaded intentionally.
[2025-05-23 17:58:55.113] [warn]  The resource https://discordapp.com/assets/dd24010f3cf7def7.woff2 was preloaded using link preload but not used within a few seconds from the window's load event. Please make sure it has an appropriate `as` value and it is preloaded intentionally.
[2025-05-23 17:58:55.113] [warn]  The resource https://discordapp.com/assets/7a6a566c2e88a35d.woff2 was preloaded using link preload but not used within a few seconds from the window's load event. Please make sure it has an appropriate `as` value and it is preloaded intentionally.
[2025-05-23 17:58:55.114] [warn]  The resource https://discordapp.com/assets/e52f0cba712e2fb4.woff2 was preloaded using link preload but not used within a few seconds from the window's load event. Please make sure it has an appropriate `as` value and it is preloaded intentionally.
[2025-05-23 17:58:55.115] [warn]  The resource https://discordapp.com/assets/ce3b8055f5114434.woff2 was preloaded using link preload but not used within a few seconds from the window's load event. Please make sure it has an appropriate `as` value and it is preloaded intentionally.
[2025-05-23 17:58:55.115] [warn]  The resource https://discordapp.com/assets/cb2006dbced0e246.woff2 was preloaded using link preload but not used within a few seconds from the window's load event. Please make sure it has an appropriate `as` value and it is preloaded intentionally.
[2025-05-23 18:00:52.910] [warn]  The resource https://discordapp.com/assets/189422196a4f8b53.woff2 was preloaded using link preload but not used within a few seconds from the window's load event. Please make sure it has an appropriate `as` value and it is preloaded intentionally.
[2025-05-23 18:00:52.911] [warn]  The resource https://discordapp.com/assets/dd24010f3cf7def7.woff2 was preloaded using link preload but not used within a few seconds from the window's load event. Please make sure it has an appropriate `as` value and it is preloaded intentionally.
[2025-05-23 18:00:52.911] [warn]  The resource https://discordapp.com/assets/7a6a566c2e88a35d.woff2 was preloaded using link preload but not used within a few seconds from the window's load event. Please make sure it has an appropriate `as` value and it is preloaded intentionally.
[2025-05-23 18:00:52.912] [warn]  The resource https://discordapp.com/assets/e52f0cba712e2fb4.woff2 was preloaded using link preload but not used within a few seconds from the window's load event. Please make sure it has an appropriate `as` value and it is preloaded intentionally.
[2025-05-23 18:00:52.912] [warn]  The resource https://discordapp.com/assets/ce3b8055f5114434.woff2 was preloaded using link preload but not used within a few seconds from the window's load event. Please make sure it has an appropriate `as` value and it is preloaded intentionally.
[2025-05-23 18:00:52.913] [warn]  The resource https://discordapp.com/assets/cb2006dbced0e246.woff2 was preloaded using link preload but not used within a few seconds from the window's load event. Please make sure it has an appropriate `as` value and it is preloaded intentionally.
[2025-05-23 18:03:53.385] [warn]  The resource https://discordapp.com/assets/189422196a4f8b53.woff2 was preloaded using link preload but not used within a few seconds from the window's load event. Please make sure it has an appropriate `as` value and it is preloaded intentionally.
[2025-05-23 18:03:53.386] [warn]  The resource https://discordapp.com/assets/dd24010f3cf7def7.woff2 was preloaded using link preload but not used within a few seconds from the window's load event. Please make sure it has an appropriate `as` value and it is preloaded intentionally.
[2025-05-23 18:03:53.386] [warn]  The resource https://discordapp.com/assets/7a6a566c2e88a35d.woff2 was preloaded using link preload but not used within a few seconds from the window's load event. Please make sure it has an appropriate `as` value and it is preloaded intentionally.
[2025-05-23 18:03:53.386] [warn]  The resource https://discordapp.com/assets/e52f0cba712e2fb4.woff2 was preloaded using link preload but not used within a few seconds from the window's load event. Please make sure it has an appropriate `as` value and it is preloaded intentionally.
[2025-05-23 18:03:53.387] [warn]  The resource https://discordapp.com/assets/ce3b8055f5114434.woff2 was preloaded using link preload but not used within a few seconds from the window's load event. Please make sure it has an appropriate `as` value and it is preloaded intentionally.
[2025-05-23 18:03:53.387] [warn]  The resource https://discordapp.com/assets/cb2006dbced0e246.woff2 was preloaded using link preload but not used within a few seconds from the window's load event. Please make sure it has an appropriate `as` value and it is preloaded intentionally.
[2025-05-23 18:33:15.126] [warn]  The resource https://discordapp.com/assets/189422196a4f8b53.woff2 was preloaded using link preload but not used within a few seconds from the window's load event. Please make sure it has an appropriate `as` value and it is preloaded intentionally.
[2025-05-23 18:33:15.126] [warn]  The resource https://discordapp.com/assets/dd24010f3cf7def7.woff2 was preloaded using link preload but not used within a few seconds from the window's load event. Please make sure it has an appropriate `as` value and it is preloaded intentionally.
[2025-05-23 18:33:15.127] [warn]  The resource https://discordapp.com/assets/7a6a566c2e88a35d.woff2 was preloaded using link preload but not used within a few seconds from the window's load event. Please make sure it has an appropriate `as` value and it is preloaded intentionally.
[2025-05-23 18:33:15.127] [warn]  The resource https://discordapp.com/assets/e52f0cba712e2fb4.woff2 was preloaded using link preload but not used within a few seconds from the window's load event. Please make sure it has an appropriate `as` value and it is preloaded intentionally.
[2025-05-23 18:33:15.127] [warn]  The resource https://discordapp.com/assets/ce3b8055f5114434.woff2 was preloaded using link preload but not used within a few seconds from the window's load event. Please make sure it has an appropriate `as` value and it is preloaded intentionally.
[2025-05-23 18:33:15.128] [warn]  The resource https://discordapp.com/assets/cb2006dbced0e246.woff2 was preloaded using link preload but not used within a few seconds from the window's load event. Please make sure it has an appropriate `as` value and it is preloaded intentionally.
[2025-05-23 18:45:58.631] [warn]  The resource https://discordapp.com/assets/189422196a4f8b53.woff2 was preloaded using link preload but not used within a few seconds from the window's load event. Please make sure it has an appropriate `as` value and it is preloaded intentionally.
[2025-05-23 18:45:58.632] [warn]  The resource https://discordapp.com/assets/dd24010f3cf7def7.woff2 was preloaded using link preload but not used within a few seconds from the window's load event. Please make sure it has an appropriate `as` value and it is preloaded intentionally.
[2025-05-23 18:45:58.632] [warn]  The resource https://discordapp.com/assets/7a6a566c2e88a35d.woff2 was preloaded using link preload but not used within a few seconds from the window's load event. Please make sure it has an appropriate `as` value and it is preloaded intentionally.
[2025-05-23 18:45:58.632] [warn]  The resource https://discordapp.com/assets/e52f0cba712e2fb4.woff2 was preloaded using link preload but not used within a few seconds from the window's load event. Please make sure it has an appropriate `as` value and it is preloaded intentionally.
[2025-05-23 18:45:58.633] [warn]  The resource https://discordapp.com/assets/ce3b8055f5114434.woff2 was preloaded using link preload but not used within a few seconds from the window's load event. Please make sure it has an appropriate `as` value and it is preloaded intentionally.
[2025-05-23 18:45:58.633] [warn]  The resource https://discordapp.com/assets/cb2006dbced0e246.woff2 was preloaded using link preload but not used within a few seconds from the window's load event. Please make sure it has an appropriate `as` value and it is preloaded intentionally.
[2025-05-23 18:46:05.259] [warn]  The resource https://discordapp.com/assets/189422196a4f8b53.woff2 was preloaded using link preload but not used within a few seconds from the window's load event. Please make sure it has an appropriate `as` value and it is preloaded intentionally.
[2025-05-23 18:46:05.259] [warn]  The resource https://discordapp.com/assets/dd24010f3cf7def7.woff2 was preloaded using link preload but not used within a few seconds from the window's load event. Please make sure it has an appropriate `as` value and it is preloaded intentionally.
[2025-05-23 18:46:05.260] [warn]  The resource https://discordapp.com/assets/7a6a566c2e88a35d.woff2 was preloaded using link preload but not used within a few seconds from the window's load event. Please make sure it has an appropriate `as` value and it is preloaded intentionally.
[2025-05-23 18:46:05.260] [warn]  The resource https://discordapp.com/assets/e52f0cba712e2fb4.woff2 was preloaded using link preload but not used within a few seconds from the window's load event. Please make sure it has an appropriate `as` value and it is preloaded intentionally.
[2025-05-23 18:46:05.260] [warn]  The resource https://discordapp.com/assets/ce3b8055f5114434.woff2 was preloaded using link preload but not used within a few seconds from the window's load event. Please make sure it has an appropriate `as` value and it is preloaded intentionally.
[2025-05-23 18:46:05.261] [warn]  The resource https://discordapp.com/assets/cb2006dbced0e246.woff2 was preloaded using link preload but not used within a few seconds from the window's load event. Please make sure it has an appropriate `as` value and it is preloaded intentionally.
[2025-05-23 18:47:01.815] [warn]  The resource https://discordapp.com/assets/189422196a4f8b53.woff2 was preloaded using link preload but not used within a few seconds from the window's load event. Please make sure it has an appropriate `as` value and it is preloaded intentionally.
[2025-05-23 18:47:01.815] [warn]  The resource https://discordapp.com/assets/dd24010f3cf7def7.woff2 was preloaded using link preload but not used within a few seconds from the window's load event. Please make sure it has an appropriate `as` value and it is preloaded intentionally.
[2025-05-23 18:47:01.816] [warn]  The resource https://discordapp.com/assets/7a6a566c2e88a35d.woff2 was preloaded using link preload but not used within a few seconds from the window's load event. Please make sure it has an appropriate `as` value and it is preloaded intentionally.
[2025-05-23 18:47:01.816] [warn]  The resource https://discordapp.com/assets/e52f0cba712e2fb4.woff2 was preloaded using link preload but not used within a few seconds from the window's load event. Please make sure it has an appropriate `as` value and it is preloaded intentionally.
[2025-05-23 18:47:01.816] [warn]  The resource https://discordapp.com/assets/ce3b8055f5114434.woff2 was preloaded using link preload but not used within a few seconds from the window's load event. Please make sure it has an appropriate `as` value and it is preloaded intentionally.
[2025-05-23 18:47:01.817] [warn]  The resource https://discordapp.com/assets/cb2006dbced0e246.woff2 was preloaded using link preload but not used within a few seconds from the window's load event. Please make sure it has an appropriate `as` value and it is preloaded intentionally.
[2025-05-23 19:16:32.464] [warn]  The resource https://discordapp.com/assets/189422196a4f8b53.woff2 was preloaded using link preload but not used within a few seconds from the window's load event. Please make sure it has an appropriate `as` value and it is preloaded intentionally.
[2025-05-23 19:16:32.464] [warn]  The resource https://discordapp.com/assets/dd24010f3cf7def7.woff2 was preloaded using link preload but not used within a few seconds from the window's load event. Please make sure it has an appropriate `as` value and it is preloaded intentionally.
[2025-05-23 19:16:32.465] [warn]  The resource https://discordapp.com/assets/7a6a566c2e88a35d.woff2 was preloaded using link preload but not used within a few seconds from the window's load event. Please make sure it has an appropriate `as` value and it is preloaded intentionally.
[2025-05-23 19:16:32.465] [warn]  The resource https://discordapp.com/assets/e52f0cba712e2fb4.woff2 was preloaded using link preload but not used within a few seconds from the window's load event. Please make sure it has an appropriate `as` value and it is preloaded intentionally.
[2025-05-23 19:16:32.465] [warn]  The resource https://discordapp.com/assets/ce3b8055f5114434.woff2 was preloaded using link preload but not used within a few seconds from the window's load event. Please make sure it has an appropriate `as` value and it is preloaded intentionally.
[2025-05-23 19:16:32.466] [warn]  The resource https://discordapp.com/assets/cb2006dbced0e246.woff2 was preloaded using link preload but not used within a few seconds from the window's load event. Please make sure it has an appropriate `as` value and it is preloaded intentionally.
[2025-05-23 19:19:46.033] [warn]  The resource https://discordapp.com/assets/189422196a4f8b53.woff2 was preloaded using link preload but not used within a few seconds from the window's load event. Please make sure it has an appropriate `as` value and it is preloaded intentionally.
[2025-05-23 19:19:46.034] [warn]  The resource https://discordapp.com/assets/dd24010f3cf7def7.woff2 was preloaded using link preload but not used within a few seconds from the window's load event. Please make sure it has an appropriate `as` value and it is preloaded intentionally.
[2025-05-23 19:19:46.034] [warn]  The resource https://discordapp.com/assets/7a6a566c2e88a35d.woff2 was preloaded using link preload but not used within a few seconds from the window's load event. Please make sure it has an appropriate `as` value and it is preloaded intentionally.
[2025-05-23 19:19:46.035] [warn]  The resource https://discordapp.com/assets/e52f0cba712e2fb4.woff2 was preloaded using link preload but not used within a few seconds from the window's load event. Please make sure it has an appropriate `as` value and it is preloaded intentionally.
[2025-05-23 19:19:46.035] [warn]  The resource https://discordapp.com/assets/ce3b8055f5114434.woff2 was preloaded using link preload but not used within a few seconds from the window's load event. Please make sure it has an appropriate `as` value and it is preloaded intentionally.
[2025-05-23 19:19:46.035] [warn]  The resource https://discordapp.com/assets/cb2006dbced0e246.woff2 was preloaded using link preload but not used within a few seconds from the window's load event. Please make sure it has an appropriate `as` value and it is preloaded intentionally.
[2025-05-23 19:22:34.191] [warn]  The resource https://discordapp.com/assets/189422196a4f8b53.woff2 was preloaded using link preload but not used within a few seconds from the window's load event. Please make sure it has an appropriate `as` value and it is preloaded intentionally.
[2025-05-23 19:22:34.192] [warn]  The resource https://discordapp.com/assets/dd24010f3cf7def7.woff2 was preloaded using link preload but not used within a few seconds from the window's load event. Please make sure it has an appropriate `as` value and it is preloaded intentionally.
[2025-05-23 19:22:34.193] [warn]  The resource https://discordapp.com/assets/7a6a566c2e88a35d.woff2 was preloaded using link preload but not used within a few seconds from the window's load event. Please make sure it has an appropriate `as` value and it is preloaded intentionally.
[2025-05-23 19:22:34.193] [warn]  The resource https://discordapp.com/assets/e52f0cba712e2fb4.woff2 was preloaded using link preload but not used within a few seconds from the window's load event. Please make sure it has an appropriate `as` value and it is preloaded intentionally.
[2025-05-23 19:22:34.193] [warn]  The resource https://discordapp.com/assets/ce3b8055f5114434.woff2 was preloaded using link preload but not used within a few seconds from the window's load event. Please make sure it has an appropriate `as` value and it is preloaded intentionally.
[2025-05-23 19:22:34.193] [warn]  The resource https://discordapp.com/assets/cb2006dbced0e246.woff2 was preloaded using link preload but not used within a few seconds from the window's load event. Please make sure it has an appropriate `as` value and it is preloaded intentionally.
[2025-05-23 19:33:55.501] [warn]  The resource https://discordapp.com/assets/189422196a4f8b53.woff2 was preloaded using link preload but not used within a few seconds from the window's load event. Please make sure it has an appropriate `as` value and it is preloaded intentionally.
[2025-05-23 19:33:55.502] [warn]  The resource https://discordapp.com/assets/dd24010f3cf7def7.woff2 was preloaded using link preload but not used within a few seconds from the window's load event. Please make sure it has an appropriate `as` value and it is preloaded intentionally.
[2025-05-23 19:33:55.503] [warn]  The resource https://discordapp.com/assets/7a6a566c2e88a35d.woff2 was preloaded using link preload but not used within a few seconds from the window's load event. Please make sure it has an appropriate `as` value and it is preloaded intentionally.
[2025-05-23 19:33:55.503] [warn]  The resource https://discordapp.com/assets/e52f0cba712e2fb4.woff2 was preloaded using link preload but not used within a few seconds from the window's load event. Please make sure it has an appropriate `as` value and it is preloaded intentionally.
[2025-05-23 19:33:55.504] [warn]  The resource https://discordapp.com/assets/ce3b8055f5114434.woff2 was preloaded using link preload but not used within a few seconds from the window's load event. Please make sure it has an appropriate `as` value and it is preloaded intentionally.
[2025-05-23 19:33:55.504] [warn]  The resource https://discordapp.com/assets/cb2006dbced0e246.woff2 was preloaded using link preload but not used within a few seconds from the window's load event. Please make sure it has an appropriate `as` value and it is preloaded intentionally.
[2025-05-23 19:39:08.019] [info]  [discord_protos.discord_users.v1.FrecencyUserSettings] Scheduling save from markDirty
[2025-05-23 19:39:08.023] [info]  [discord_protos.discord_users.v1.FrecencyUserSettings] Persisting proto
[2025-05-23 19:39:12.725] [warn]  The resource https://discordapp.com/assets/189422196a4f8b53.woff2 was preloaded using link preload but not used within a few seconds from the window's load event. Please make sure it has an appropriate `as` value and it is preloaded intentionally.
[2025-05-23 19:39:12.726] [warn]  The resource https://discordapp.com/assets/dd24010f3cf7def7.woff2 was preloaded using link preload but not used within a few seconds from the window's load event. Please make sure it has an appropriate `as` value and it is preloaded intentionally.
[2025-05-23 19:39:12.726] [warn]  The resource https://discordapp.com/assets/7a6a566c2e88a35d.woff2 was preloaded using link preload but not used within a few seconds from the window's load event. Please make sure it has an appropriate `as` value and it is preloaded intentionally.
[2025-05-23 19:39:12.727] [warn]  The resource https://discordapp.com/assets/e52f0cba712e2fb4.woff2 was preloaded using link preload but not used within a few seconds from the window's load event. Please make sure it has an appropriate `as` value and it is preloaded intentionally.
[2025-05-23 19:39:12.727] [warn]  The resource https://discordapp.com/assets/ce3b8055f5114434.woff2 was preloaded using link preload but not used within a few seconds from the window's load event. Please make sure it has an appropriate `as` value and it is preloaded intentionally.
[2025-05-23 19:39:12.727] [warn]  The resource https://discordapp.com/assets/cb2006dbced0e246.woff2 was preloaded using link preload but not used within a few seconds from the window's load event. Please make sure it has an appropriate `as` value and it is preloaded intentionally.
[2025-05-23 19:42:01.487] [warn]  The resource https://discordapp.com/assets/189422196a4f8b53.woff2 was preloaded using link preload but not used within a few seconds from the window's load event. Please make sure it has an appropriate `as` value and it is preloaded intentionally.
[2025-05-23 19:42:01.488] [warn]  The resource https://discordapp.com/assets/dd24010f3cf7def7.woff2 was preloaded using link preload but not used within a few seconds from the window's load event. Please make sure it has an appropriate `as` value and it is preloaded intentionally.
[2025-05-23 19:42:01.489] [warn]  The resource https://discordapp.com/assets/7a6a566c2e88a35d.woff2 was preloaded using link preload but not used within a few seconds from the window's load event. Please make sure it has an appropriate `as` value and it is preloaded intentionally.
[2025-05-23 19:42:01.489] [warn]  The resource https://discordapp.com/assets/e52f0cba712e2fb4.woff2 was preloaded using link preload but not used within a few seconds from the window's load event. Please make sure it has an appropriate `as` value and it is preloaded intentionally.
[2025-05-23 19:42:01.489] [warn]  The resource https://discordapp.com/assets/ce3b8055f5114434.woff2 was preloaded using link preload but not used within a few seconds from the window's load event. Please make sure it has an appropriate `as` value and it is preloaded intentionally.
[2025-05-23 19:42:01.489] [warn]  The resource https://discordapp.com/assets/cb2006dbced0e246.woff2 was preloaded using link preload but not used within a few seconds from the window's load event. Please make sure it has an appropriate `as` value and it is preloaded intentionally.
[2025-05-23 19:46:00.153] [warn]  The resource https://discordapp.com/assets/189422196a4f8b53.woff2 was preloaded using link preload but not used within a few seconds from the window's load event. Please make sure it has an appropriate `as` value and it is preloaded intentionally.
[2025-05-23 19:46:00.154] [warn]  The resource https://discordapp.com/assets/dd24010f3cf7def7.woff2 was preloaded using link preload but not used within a few seconds from the window's load event. Please make sure it has an appropriate `as` value and it is preloaded intentionally.
[2025-05-23 19:46:00.154] [warn]  The resource https://discordapp.com/assets/7a6a566c2e88a35d.woff2 was preloaded using link preload but not used within a few seconds from the window's load event. Please make sure it has an appropriate `as` value and it is preloaded intentionally.
[2025-05-23 19:46:00.156] [warn]  The resource https://discordapp.com/assets/e52f0cba712e2fb4.woff2 was preloaded using link preload but not used within a few seconds from the window's load event. Please make sure it has an appropriate `as` value and it is preloaded intentionally.
[2025-05-23 19:46:00.157] [warn]  The resource https://discordapp.com/assets/ce3b8055f5114434.woff2 was preloaded using link preload but not used within a few seconds from the window's load event. Please make sure it has an appropriate `as` value and it is preloaded intentionally.
[2025-05-23 19:46:00.157] [warn]  The resource https://discordapp.com/assets/cb2006dbced0e246.woff2 was preloaded using link preload but not used within a few seconds from the window's load event. Please make sure it has an appropriate `as` value and it is preloaded intentionally.
[2025-05-23 19:51:41.015] [warn]  [GatewaySocket] [ACK TIMEOUT] reconnecting in 2.91 seconds.
[2025-05-23 19:51:43.924] [info]  [GatewaySocket] [CONNECT] wss://gateway-us-east1-d.discord.gg, encoding: etf, version: 9, compression: zstd-stream
[2025-05-23 19:51:50.394] [info]  [GatewaySocket] [CONNECTED] wss://gateway-us-east1-d.discord.gg/?encoding=etf&v=9&compress=zstd-stream in 6471 ms
[2025-05-23 19:51:50.395] [info]  [GatewaySocket] [RESUME] resuming session 443ba21e269665038e32325eab03f44a, seq: 2694
[2025-05-23 19:51:50.687] [info]  [Flux] Dispatching CONNECTION_RESUMED
[2025-05-23 19:51:50.692] [info]  [GatewaySocket] [RESUMED] took 6769ms, replayed 0 events, new seq: 2714
[2025-05-23 19:56:56.027] [warn]  The resource https://discordapp.com/assets/189422196a4f8b53.woff2 was preloaded using link preload but not used within a few seconds from the window's load event. Please make sure it has an appropriate `as` value and it is preloaded intentionally.
[2025-05-23 19:56:56.028] [warn]  The resource https://discordapp.com/assets/dd24010f3cf7def7.woff2 was preloaded using link preload but not used within a few seconds from the window's load event. Please make sure it has an appropriate `as` value and it is preloaded intentionally.
[2025-05-23 19:56:56.028] [warn]  The resource https://discordapp.com/assets/7a6a566c2e88a35d.woff2 was preloaded using link preload but not used within a few seconds from the window's load event. Please make sure it has an appropriate `as` value and it is preloaded intentionally.
[2025-05-23 19:56:56.028] [warn]  The resource https://discordapp.com/assets/e52f0cba712e2fb4.woff2 was preloaded using link preload but not used within a few seconds from the window's load event. Please make sure it has an appropriate `as` value and it is preloaded intentionally.
[2025-05-23 19:56:56.029] [warn]  The resource https://discordapp.com/assets/ce3b8055f5114434.woff2 was preloaded using link preload but not used within a few seconds from the window's load event. Please make sure it has an appropriate `as` value and it is preloaded intentionally.
[2025-05-23 19:56:56.029] [warn]  The resource https://discordapp.com/assets/cb2006dbced0e246.woff2 was preloaded using link preload but not used within a few seconds from the window's load event. Please make sure it has an appropriate `as` value and it is preloaded intentionally.
[2025-05-23 19:58:40.177] [warn]  [GatewaySocket] [ACK TIMEOUT] reconnecting in 2.57 seconds.
[2025-05-23 19:58:42.745] [info]  [GatewaySocket] [CONNECT] wss://gateway-us-east1-d.discord.gg, encoding: etf, version: 9, compression: zstd-stream
[2025-05-23 19:58:43.269] [info]  [GatewaySocket] [CONNECTED] wss://gateway-us-east1-d.discord.gg/?encoding=etf&v=9&compress=zstd-stream in 524 ms
[2025-05-23 19:58:43.270] [info]  [GatewaySocket] [RESUME] resuming session 443ba21e269665038e32325eab03f44a, seq: 2771
[2025-05-23 19:58:43.603] [info]  [Flux] Dispatching CONNECTION_RESUMED
[2025-05-23 19:58:43.611] [info]  [GatewaySocket] [RESUMED] took 867ms, replayed 0 events, new seq: 2788
[2025-05-23 19:58:54.966] [warn]  The resource https://discordapp.com/assets/189422196a4f8b53.woff2 was preloaded using link preload but not used within a few seconds from the window's load event. Please make sure it has an appropriate `as` value and it is preloaded intentionally.
[2025-05-23 19:58:54.967] [warn]  The resource https://discordapp.com/assets/dd24010f3cf7def7.woff2 was preloaded using link preload but not used within a few seconds from the window's load event. Please make sure it has an appropriate `as` value and it is preloaded intentionally.
[2025-05-23 19:58:54.967] [warn]  The resource https://discordapp.com/assets/7a6a566c2e88a35d.woff2 was preloaded using link preload but not used within a few seconds from the window's load event. Please make sure it has an appropriate `as` value and it is preloaded intentionally.
[2025-05-23 19:58:54.967] [warn]  The resource https://discordapp.com/assets/e52f0cba712e2fb4.woff2 was preloaded using link preload but not used within a few seconds from the window's load event. Please make sure it has an appropriate `as` value and it is preloaded intentionally.
[2025-05-23 19:58:54.967] [warn]  The resource https://discordapp.com/assets/ce3b8055f5114434.woff2 was preloaded using link preload but not used within a few seconds from the window's load event. Please make sure it has an appropriate `as` value and it is preloaded intentionally.
[2025-05-23 19:58:54.968] [warn]  The resource https://discordapp.com/assets/cb2006dbced0e246.woff2 was preloaded using link preload but not used within a few seconds from the window's load event. Please make sure it has an appropriate `as` value and it is preloaded intentionally.
[2025-05-23 20:02:08.021] [warn]  [GatewaySocket] [ACK TIMEOUT] reconnecting in 1.64 seconds.
[2025-05-23 20:02:09.660] [info]  [GatewaySocket] [CONNECT] wss://gateway-us-east1-d.discord.gg, encoding: etf, version: 9, compression: zstd-stream
[2025-05-23 20:02:23.342] [info]  [GatewaySocket] [CONNECTED] wss://gateway-us-east1-d.discord.gg/?encoding=etf&v=9&compress=zstd-stream in 13682 ms
[2025-05-23 20:02:23.343] [info]  [GatewaySocket] [RESUME] resuming session 443ba21e269665038e32325eab03f44a, seq: 2865
[2025-05-23 20:02:23.728] [info]  [Flux] Dispatching CONNECTION_RESUMED
[2025-05-23 20:02:23.733] [info]  [GatewaySocket] [RESUMED] took 14074ms, replayed 0 events, new seq: 2882
[2025-05-23 20:02:27.198] [warn]  The resource https://discordapp.com/assets/189422196a4f8b53.woff2 was preloaded using link preload but not used within a few seconds from the window's load event. Please make sure it has an appropriate `as` value and it is preloaded intentionally.
[2025-05-23 20:02:27.199] [warn]  The resource https://discordapp.com/assets/dd24010f3cf7def7.woff2 was preloaded using link preload but not used within a few seconds from the window's load event. Please make sure it has an appropriate `as` value and it is preloaded intentionally.
[2025-05-23 20:02:27.199] [warn]  The resource https://discordapp.com/assets/7a6a566c2e88a35d.woff2 was preloaded using link preload but not used within a few seconds from the window's load event. Please make sure it has an appropriate `as` value and it is preloaded intentionally.
[2025-05-23 20:02:27.200] [warn]  The resource https://discordapp.com/assets/e52f0cba712e2fb4.woff2 was preloaded using link preload but not used within a few seconds from the window's load event. Please make sure it has an appropriate `as` value and it is preloaded intentionally.
[2025-05-23 20:02:27.200] [warn]  The resource https://discordapp.com/assets/ce3b8055f5114434.woff2 was preloaded using link preload but not used within a few seconds from the window's load event. Please make sure it has an appropriate `as` value and it is preloaded intentionally.
[2025-05-23 20:02:27.200] [warn]  The resource https://discordapp.com/assets/cb2006dbced0e246.woff2 was preloaded using link preload but not used within a few seconds from the window's load event. Please make sure it has an appropriate `as` value and it is preloaded intentionally.
[2025-05-23 20:03:31.695] [warn]  [GatewaySocket] [ACK TIMEOUT] reconnecting in 1.59 seconds.
[2025-05-23 20:03:33.281] [info]  [GatewaySocket] [CONNECT] wss://gateway-us-east1-d.discord.gg, encoding: etf, version: 9, compression: zstd-stream
[2025-05-23 20:03:36.918] [info]  [GatewaySocket] [CONNECTED] wss://gateway-us-east1-d.discord.gg/?encoding=etf&v=9&compress=zstd-stream in 3638 ms
[2025-05-23 20:03:36.919] [info]  [GatewaySocket] [RESUME] resuming session 443ba21e269665038e32325eab03f44a, seq: 2899
[2025-05-23 20:03:37.439] [info]  [Flux] Dispatching CONNECTION_RESUMED
[2025-05-23 20:03:37.442] [info]  [GatewaySocket] [RESUMED] took 4162ms, replayed 0 events, new seq: 2903
[2025-05-23 20:03:46.828] [warn]  The resource https://discordapp.com/assets/189422196a4f8b53.woff2 was preloaded using link preload but not used within a few seconds from the window's load event. Please make sure it has an appropriate `as` value and it is preloaded intentionally.
[2025-05-23 20:03:46.829] [warn]  The resource https://discordapp.com/assets/dd24010f3cf7def7.woff2 was preloaded using link preload but not used within a few seconds from the window's load event. Please make sure it has an appropriate `as` value and it is preloaded intentionally.
[2025-05-23 20:03:46.829] [warn]  The resource https://discordapp.com/assets/7a6a566c2e88a35d.woff2 was preloaded using link preload but not used within a few seconds from the window's load event. Please make sure it has an appropriate `as` value and it is preloaded intentionally.
[2025-05-23 20:03:46.830] [warn]  The resource https://discordapp.com/assets/e52f0cba712e2fb4.woff2 was preloaded using link preload but not used within a few seconds from the window's load event. Please make sure it has an appropriate `as` value and it is preloaded intentionally.
[2025-05-23 20:03:46.830] [warn]  The resource https://discordapp.com/assets/ce3b8055f5114434.woff2 was preloaded using link preload but not used within a few seconds from the window's load event. Please make sure it has an appropriate `as` value and it is preloaded intentionally.
[2025-05-23 20:03:46.830] [warn]  The resource https://discordapp.com/assets/cb2006dbced0e246.woff2 was preloaded using link preload but not used within a few seconds from the window's load event. Please make sure it has an appropriate `as` value and it is preloaded intentionally.
[2025-05-23 20:20:20.937] [warn]  The resource https://discordapp.com/assets/189422196a4f8b53.woff2 was preloaded using link preload but not used within a few seconds from the window's load event. Please make sure it has an appropriate `as` value and it is preloaded intentionally.
[2025-05-23 20:20:20.938] [warn]  The resource https://discordapp.com/assets/dd24010f3cf7def7.woff2 was preloaded using link preload but not used within a few seconds from the window's load event. Please make sure it has an appropriate `as` value and it is preloaded intentionally.
[2025-05-23 20:20:20.939] [warn]  The resource https://discordapp.com/assets/7a6a566c2e88a35d.woff2 was preloaded using link preload but not used within a few seconds from the window's load event. Please make sure it has an appropriate `as` value and it is preloaded intentionally.
[2025-05-23 20:20:20.939] [warn]  The resource https://discordapp.com/assets/e52f0cba712e2fb4.woff2 was preloaded using link preload but not used within a few seconds from the window's load event. Please make sure it has an appropriate `as` value and it is preloaded intentionally.
[2025-05-23 20:20:20.940] [warn]  The resource https://discordapp.com/assets/ce3b8055f5114434.woff2 was preloaded using link preload but not used within a few seconds from the window's load event. Please make sure it has an appropriate `as` value and it is preloaded intentionally.
[2025-05-23 20:20:20.941] [warn]  The resource https://discordapp.com/assets/cb2006dbced0e246.woff2 was preloaded using link preload but not used within a few seconds from the window's load event. Please make sure it has an appropriate `as` value and it is preloaded intentionally.
[2025-05-23 20:21:42.846] [warn]  The resource https://discordapp.com/assets/189422196a4f8b53.woff2 was preloaded using link preload but not used within a few seconds from the window's load event. Please make sure it has an appropriate `as` value and it is preloaded intentionally.
[2025-05-23 20:21:42.847] [warn]  The resource https://discordapp.com/assets/dd24010f3cf7def7.woff2 was preloaded using link preload but not used within a few seconds from the window's load event. Please make sure it has an appropriate `as` value and it is preloaded intentionally.
[2025-05-23 20:21:42.847] [warn]  The resource https://discordapp.com/assets/7a6a566c2e88a35d.woff2 was preloaded using link preload but not used within a few seconds from the window's load event. Please make sure it has an appropriate `as` value and it is preloaded intentionally.
[2025-05-23 20:21:42.848] [warn]  The resource https://discordapp.com/assets/e52f0cba712e2fb4.woff2 was preloaded using link preload but not used within a few seconds from the window's load event. Please make sure it has an appropriate `as` value and it is preloaded intentionally.
[2025-05-23 20:21:42.848] [warn]  The resource https://discordapp.com/assets/ce3b8055f5114434.woff2 was preloaded using link preload but not used within a few seconds from the window's load event. Please make sure it has an appropriate `as` value and it is preloaded intentionally.
[2025-05-23 20:21:42.848] [warn]  The resource https://discordapp.com/assets/cb2006dbced0e246.woff2 was preloaded using link preload but not used within a few seconds from the window's load event. Please make sure it has an appropriate `as` value and it is preloaded intentionally.
[2025-05-23 20:29:38.902] [warn]  [GatewaySocket] [ACK TIMEOUT] reconnecting in 2.92 seconds.
[2025-05-23 20:29:41.820] [info]  [GatewaySocket] [CONNECT] wss://gateway-us-east1-d.discord.gg, encoding: etf, version: 9, compression: zstd-stream
[2025-05-23 20:29:44.279] [info]  [GatewaySocket] [CONNECTED] wss://gateway-us-east1-d.discord.gg/?encoding=etf&v=9&compress=zstd-stream in 2459 ms
[2025-05-23 20:29:44.280] [info]  [GatewaySocket] [RESUME] resuming session 443ba21e269665038e32325eab03f44a, seq: 3263
[2025-05-23 20:29:44.617] [info]  [Flux] Dispatching CONNECTION_RESUMED
[2025-05-23 20:29:44.628] [info]  [GatewaySocket] [RESUMED] took 2809ms, replayed 0 events, new seq: 3269
[2025-05-23 20:29:48.021] [warn]  The resource https://discordapp.com/assets/189422196a4f8b53.woff2 was preloaded using link preload but not used within a few seconds from the window's load event. Please make sure it has an appropriate `as` value and it is preloaded intentionally.
[2025-05-23 20:29:48.022] [warn]  The resource https://discordapp.com/assets/dd24010f3cf7def7.woff2 was preloaded using link preload but not used within a few seconds from the window's load event. Please make sure it has an appropriate `as` value and it is preloaded intentionally.
[2025-05-23 20:29:48.023] [warn]  The resource https://discordapp.com/assets/7a6a566c2e88a35d.woff2 was preloaded using link preload but not used within a few seconds from the window's load event. Please make sure it has an appropriate `as` value and it is preloaded intentionally.
[2025-05-23 20:29:48.023] [warn]  The resource https://discordapp.com/assets/e52f0cba712e2fb4.woff2 was preloaded using link preload but not used within a few seconds from the window's load event. Please make sure it has an appropriate `as` value and it is preloaded intentionally.
[2025-05-23 20:29:48.023] [warn]  The resource https://discordapp.com/assets/ce3b8055f5114434.woff2 was preloaded using link preload but not used within a few seconds from the window's load event. Please make sure it has an appropriate `as` value and it is preloaded intentionally.
[2025-05-23 20:29:48.023] [warn]  The resource https://discordapp.com/assets/cb2006dbced0e246.woff2 was preloaded using link preload but not used within a few seconds from the window's load event. Please make sure it has an appropriate `as` value and it is preloaded intentionally.
[2025-05-23 20:30:15.593] [warn]  [GatewaySocket] [ACK TIMEOUT] reconnecting in 2.82 seconds.
[2025-05-23 20:30:18.418] [info]  [GatewaySocket] [CONNECT] wss://gateway-us-east1-d.discord.gg, encoding: etf, version: 9, compression: zstd-stream
[2025-05-23 20:30:18.769] [info]  [GatewaySocket] [CONNECTED] wss://gateway-us-east1-d.discord.gg/?encoding=etf&v=9&compress=zstd-stream in 353 ms
[2025-05-23 20:30:18.770] [info]  [GatewaySocket] [RESUME] resuming session 443ba21e269665038e32325eab03f44a, seq: 3271
[2025-05-23 20:30:19.027] [info]  [Flux] Dispatching CONNECTION_RESUMED
[2025-05-23 20:30:19.031] [info]  [GatewaySocket] [RESUMED] took 615ms, replayed 0 events, new seq: 3274
[2025-05-23 20:37:17.982] [warn]  The resource https://discordapp.com/assets/189422196a4f8b53.woff2 was preloaded using link preload but not used within a few seconds from the window's load event. Please make sure it has an appropriate `as` value and it is preloaded intentionally.
[2025-05-23 20:37:17.982] [warn]  The resource https://discordapp.com/assets/dd24010f3cf7def7.woff2 was preloaded using link preload but not used within a few seconds from the window's load event. Please make sure it has an appropriate `as` value and it is preloaded intentionally.
[2025-05-23 20:37:17.988] [warn]  The resource https://discordapp.com/assets/7a6a566c2e88a35d.woff2 was preloaded using link preload but not used within a few seconds from the window's load event. Please make sure it has an appropriate `as` value and it is preloaded intentionally.
[2025-05-23 20:37:17.988] [warn]  The resource https://discordapp.com/assets/e52f0cba712e2fb4.woff2 was preloaded using link preload but not used within a few seconds from the window's load event. Please make sure it has an appropriate `as` value and it is preloaded intentionally.
[2025-05-23 20:37:17.989] [warn]  The resource https://discordapp.com/assets/ce3b8055f5114434.woff2 was preloaded using link preload but not used within a few seconds from the window's load event. Please make sure it has an appropriate `as` value and it is preloaded intentionally.
[2025-05-23 20:37:17.989] [warn]  The resource https://discordapp.com/assets/cb2006dbced0e246.woff2 was preloaded using link preload but not used within a few seconds from the window's load event. Please make sure it has an appropriate `as` value and it is preloaded intentionally.
[2025-05-23 20:42:40.852] [warn]  [GatewaySocket] [ACK TIMEOUT] reconnecting in 2.94 seconds.
[2025-05-23 20:42:43.793] [info]  [GatewaySocket] [CONNECT] wss://gateway-us-east1-d.discord.gg, encoding: etf, version: 9, compression: zstd-stream
[2025-05-23 20:42:44.467] [info]  [GatewaySocket] [CONNECTED] wss://gateway-us-east1-d.discord.gg/?encoding=etf&v=9&compress=zstd-stream in 674 ms
[2025-05-23 20:42:44.468] [info]  [GatewaySocket] [RESUME] resuming session 443ba21e269665038e32325eab03f44a, seq: 3441
[2025-05-23 20:42:44.820] [info]  [Flux] Dispatching CONNECTION_RESUMED
[2025-05-23 20:42:44.823] [info]  [GatewaySocket] [RESUMED] took 1031ms, replayed 0 events, new seq: 3452
[2025-05-23 20:44:51.509] [warn]  [GatewaySocket] [ACK TIMEOUT] reconnecting in 2.81 seconds.
[2025-05-23 20:44:54.318] [info]  [GatewaySocket] [CONNECT] wss://gateway-us-east1-d.discord.gg, encoding: etf, version: 9, compression: zstd-stream
[2025-05-23 20:44:59.811] [info]  [GatewaySocket] [CONNECTED] wss://gateway-us-east1-d.discord.gg/?encoding=etf&v=9&compress=zstd-stream in 5494 ms
[2025-05-23 20:44:59.813] [info]  [GatewaySocket] [RESUME] resuming session 443ba21e269665038e32325eab03f44a, seq: 3455
[2025-05-23 20:45:01.443] [info]  [Flux] Dispatching CONNECTION_RESUMED
[2025-05-23 20:45:01.443] [info]  [GatewaySocket] [RESUMED] took 7126ms, replayed 0 events, new seq: 3459
[2025-05-23 20:46:02.548] [warn]  The resource https://discordapp.com/assets/189422196a4f8b53.woff2 was preloaded using link preload but not used within a few seconds from the window's load event. Please make sure it has an appropriate `as` value and it is preloaded intentionally.
[2025-05-23 20:46:02.549] [warn]  The resource https://discordapp.com/assets/dd24010f3cf7def7.woff2 was preloaded using link preload but not used within a few seconds from the window's load event. Please make sure it has an appropriate `as` value and it is preloaded intentionally.
[2025-05-23 20:46:02.550] [warn]  The resource https://discordapp.com/assets/7a6a566c2e88a35d.woff2 was preloaded using link preload but not used within a few seconds from the window's load event. Please make sure it has an appropriate `as` value and it is preloaded intentionally.
[2025-05-23 20:46:02.550] [warn]  The resource https://discordapp.com/assets/e52f0cba712e2fb4.woff2 was preloaded using link preload but not used within a few seconds from the window's load event. Please make sure it has an appropriate `as` value and it is preloaded intentionally.
[2025-05-23 20:46:02.550] [warn]  The resource https://discordapp.com/assets/ce3b8055f5114434.woff2 was preloaded using link preload but not used within a few seconds from the window's load event. Please make sure it has an appropriate `as` value and it is preloaded intentionally.
[2025-05-23 20:46:02.550] [warn]  The resource https://discordapp.com/assets/cb2006dbced0e246.woff2 was preloaded using link preload but not used within a few seconds from the window's load event. Please make sure it has an appropriate `as` value and it is preloaded intentionally.
[2025-05-23 20:46:10.999] [info]  [libdiscore] [BlockedDomainsStore] Successfully fetched blocked domains
[2025-05-23 20:46:13.987] [warn]  The resource https://discordapp.com/assets/189422196a4f8b53.woff2 was preloaded using link preload but not used within a few seconds from the window's load event. Please make sure it has an appropriate `as` value and it is preloaded intentionally.
[2025-05-23 20:46:13.988] [warn]  The resource https://discordapp.com/assets/dd24010f3cf7def7.woff2 was preloaded using link preload but not used within a few seconds from the window's load event. Please make sure it has an appropriate `as` value and it is preloaded intentionally.
[2025-05-23 20:46:13.988] [warn]  The resource https://discordapp.com/assets/7a6a566c2e88a35d.woff2 was preloaded using link preload but not used within a few seconds from the window's load event. Please make sure it has an appropriate `as` value and it is preloaded intentionally.
[2025-05-23 20:46:13.988] [warn]  The resource https://discordapp.com/assets/e52f0cba712e2fb4.woff2 was preloaded using link preload but not used within a few seconds from the window's load event. Please make sure it has an appropriate `as` value and it is preloaded intentionally.
[2025-05-23 20:46:13.989] [warn]  The resource https://discordapp.com/assets/ce3b8055f5114434.woff2 was preloaded using link preload but not used within a few seconds from the window's load event. Please make sure it has an appropriate `as` value and it is preloaded intentionally.
[2025-05-23 20:46:13.989] [warn]  The resource https://discordapp.com/assets/cb2006dbced0e246.woff2 was preloaded using link preload but not used within a few seconds from the window's load event. Please make sure it has an appropriate `as` value and it is preloaded intentionally.
[2025-05-23 21:08:36.953] [info]  [GatewaySocket] [CONNECT] wss://gateway-us-east1-d.discord.gg, encoding: etf, version: 9, compression: zstd-stream
[2025-05-23 21:08:38.952] [info]  [GatewaySocket] [CONNECTED] wss://gateway-us-east1-d.discord.gg/?encoding=etf&v=9&compress=zstd-stream in 2000 ms
[2025-05-23 21:08:38.953] [info]  [GatewaySocket] [RESUME] resuming session 443ba21e269665038e32325eab03f44a, seq: 3690
[2025-05-23 21:08:39.496] [info]  [Flux] Dispatching CONNECTION_RESUMED
[2025-05-23 21:08:39.506] [info]  [GatewaySocket] [RESUMED] took 2553ms, replayed 0 events, new seq: 3691
[2025-05-23 21:08:42.835] [warn]  The resource https://discordapp.com/assets/189422196a4f8b53.woff2 was preloaded using link preload but not used within a few seconds from the window's load event. Please make sure it has an appropriate `as` value and it is preloaded intentionally.
[2025-05-23 21:08:42.835] [warn]  The resource https://discordapp.com/assets/dd24010f3cf7def7.woff2 was preloaded using link preload but not used within a few seconds from the window's load event. Please make sure it has an appropriate `as` value and it is preloaded intentionally.
[2025-05-23 21:08:42.841] [warn]  The resource https://discordapp.com/assets/7a6a566c2e88a35d.woff2 was preloaded using link preload but not used within a few seconds from the window's load event. Please make sure it has an appropriate `as` value and it is preloaded intentionally.
[2025-05-23 21:08:42.842] [warn]  The resource https://discordapp.com/assets/e52f0cba712e2fb4.woff2 was preloaded using link preload but not used within a few seconds from the window's load event. Please make sure it has an appropriate `as` value and it is preloaded intentionally.
[2025-05-23 21:08:42.842] [warn]  The resource https://discordapp.com/assets/ce3b8055f5114434.woff2 was preloaded using link preload but not used within a few seconds from the window's load event. Please make sure it has an appropriate `as` value and it is preloaded intentionally.
[2025-05-23 21:08:42.842] [warn]  The resource https://discordapp.com/assets/cb2006dbced0e246.woff2 was preloaded using link preload but not used within a few seconds from the window's load event. Please make sure it has an appropriate `as` value and it is preloaded intentionally.
[2025-05-23 21:08:51.376] [warn]  The resource https://discordapp.com/assets/189422196a4f8b53.woff2 was preloaded using link preload but not used within a few seconds from the window's load event. Please make sure it has an appropriate `as` value and it is preloaded intentionally.
[2025-05-23 21:08:51.377] [warn]  The resource https://discordapp.com/assets/dd24010f3cf7def7.woff2 was preloaded using link preload but not used within a few seconds from the window's load event. Please make sure it has an appropriate `as` value and it is preloaded intentionally.
[2025-05-23 21:08:51.378] [warn]  The resource https://discordapp.com/assets/7a6a566c2e88a35d.woff2 was preloaded using link preload but not used within a few seconds from the window's load event. Please make sure it has an appropriate `as` value and it is preloaded intentionally.
[2025-05-23 21:08:51.378] [warn]  The resource https://discordapp.com/assets/e52f0cba712e2fb4.woff2 was preloaded using link preload but not used within a few seconds from the window's load event. Please make sure it has an appropriate `as` value and it is preloaded intentionally.
[2025-05-23 21:08:51.378] [warn]  The resource https://discordapp.com/assets/ce3b8055f5114434.woff2 was preloaded using link preload but not used within a few seconds from the window's load event. Please make sure it has an appropriate `as` value and it is preloaded intentionally.
[2025-05-23 21:08:51.378] [warn]  The resource https://discordapp.com/assets/cb2006dbced0e246.woff2 was preloaded using link preload but not used within a few seconds from the window's load event. Please make sure it has an appropriate `as` value and it is preloaded intentionally.
[2025-05-23 21:10:47.663] [warn]  The resource https://discordapp.com/assets/189422196a4f8b53.woff2 was preloaded using link preload but not used within a few seconds from the window's load event. Please make sure it has an appropriate `as` value and it is preloaded intentionally.
[2025-05-23 21:10:47.664] [warn]  The resource https://discordapp.com/assets/dd24010f3cf7def7.woff2 was preloaded using link preload but not used within a few seconds from the window's load event. Please make sure it has an appropriate `as` value and it is preloaded intentionally.
[2025-05-23 21:10:47.664] [warn]  The resource https://discordapp.com/assets/7a6a566c2e88a35d.woff2 was preloaded using link preload but not used within a few seconds from the window's load event. Please make sure it has an appropriate `as` value and it is preloaded intentionally.
[2025-05-23 21:10:47.664] [warn]  The resource https://discordapp.com/assets/e52f0cba712e2fb4.woff2 was preloaded using link preload but not used within a few seconds from the window's load event. Please make sure it has an appropriate `as` value and it is preloaded intentionally.
[2025-05-23 21:10:47.665] [warn]  The resource https://discordapp.com/assets/ce3b8055f5114434.woff2 was preloaded using link preload but not used within a few seconds from the window's load event. Please make sure it has an appropriate `as` value and it is preloaded intentionally.
[2025-05-23 21:10:47.665] [warn]  The resource https://discordapp.com/assets/cb2006dbced0e246.woff2 was preloaded using link preload but not used within a few seconds from the window's load event. Please make sure it has an appropriate `as` value and it is preloaded intentionally.
[2025-05-23 21:11:22.465] [error] Uncaught (in promise) ChunkLoadError: Loading css chunk 83536 failed.
(error: undefined)
[2025-05-23 21:11:22.465] [error] Uncaught (in promise) ChunkLoadError: Loading css chunk 83536 failed.
(error: undefined)
[2025-05-23 21:11:25.469] [warn]  The resource https://discordapp.com/assets/189422196a4f8b53.woff2 was preloaded using link preload but not used within a few seconds from the window's load event. Please make sure it has an appropriate `as` value and it is preloaded intentionally.
[2025-05-23 21:11:25.470] [warn]  The resource https://discordapp.com/assets/dd24010f3cf7def7.woff2 was preloaded using link preload but not used within a few seconds from the window's load event. Please make sure it has an appropriate `as` value and it is preloaded intentionally.
[2025-05-23 21:11:25.470] [warn]  The resource https://discordapp.com/assets/7a6a566c2e88a35d.woff2 was preloaded using link preload but not used within a few seconds from the window's load event. Please make sure it has an appropriate `as` value and it is preloaded intentionally.
[2025-05-23 21:11:25.471] [warn]  The resource https://discordapp.com/assets/e52f0cba712e2fb4.woff2 was preloaded using link preload but not used within a few seconds from the window's load event. Please make sure it has an appropriate `as` value and it is preloaded intentionally.
[2025-05-23 21:11:25.471] [warn]  The resource https://discordapp.com/assets/ce3b8055f5114434.woff2 was preloaded using link preload but not used within a few seconds from the window's load event. Please make sure it has an appropriate `as` value and it is preloaded intentionally.
[2025-05-23 21:11:25.471] [warn]  The resource https://discordapp.com/assets/cb2006dbced0e246.woff2 was preloaded using link preload but not used within a few seconds from the window's load event. Please make sure it has an appropriate `as` value and it is preloaded intentionally.
[2025-05-23 21:11:36.918] [warn]  [GatewaySocket] [ACK TIMEOUT] reconnecting in 1.30 seconds.
[2025-05-23 21:11:38.218] [info]  [GatewaySocket] [CONNECT] wss://gateway-us-east1-d.discord.gg, encoding: etf, version: 9, compression: zstd-stream
[2025-05-23 21:11:45.012] [info]  [GatewaySocket] [CONNECTED] wss://gateway-us-east1-d.discord.gg/?encoding=etf&v=9&compress=zstd-stream in 6794 ms
[2025-05-23 21:11:45.027] [info]  [GatewaySocket] [RESUME] resuming session 443ba21e269665038e32325eab03f44a, seq: 3744
[2025-05-23 21:11:45.297] [info]  [Flux] Dispatching CONNECTION_RESUMED
[2025-05-23 21:11:45.303] [info]  [GatewaySocket] [RESUMED] took 7086ms, replayed 0 events, new seq: 3755
[2025-05-23 21:11:48.811] [warn]  The resource https://discordapp.com/assets/189422196a4f8b53.woff2 was preloaded using link preload but not used within a few seconds from the window's load event. Please make sure it has an appropriate `as` value and it is preloaded intentionally.
[2025-05-23 21:11:48.812] [warn]  The resource https://discordapp.com/assets/dd24010f3cf7def7.woff2 was preloaded using link preload but not used within a few seconds from the window's load event. Please make sure it has an appropriate `as` value and it is preloaded intentionally.
[2025-05-23 21:11:48.813] [warn]  The resource https://discordapp.com/assets/7a6a566c2e88a35d.woff2 was preloaded using link preload but not used within a few seconds from the window's load event. Please make sure it has an appropriate `as` value and it is preloaded intentionally.
[2025-05-23 21:11:48.813] [warn]  The resource https://discordapp.com/assets/e52f0cba712e2fb4.woff2 was preloaded using link preload but not used within a few seconds from the window's load event. Please make sure it has an appropriate `as` value and it is preloaded intentionally.
[2025-05-23 21:11:48.814] [warn]  The resource https://discordapp.com/assets/ce3b8055f5114434.woff2 was preloaded using link preload but not used within a few seconds from the window's load event. Please make sure it has an appropriate `as` value and it is preloaded intentionally.
[2025-05-23 21:11:48.814] [warn]  The resource https://discordapp.com/assets/cb2006dbced0e246.woff2 was preloaded using link preload but not used within a few seconds from the window's load event. Please make sure it has an appropriate `as` value and it is preloaded intentionally.
[2025-05-23 21:12:06.400] [warn]  The resource https://discordapp.com/assets/189422196a4f8b53.woff2 was preloaded using link preload but not used within a few seconds from the window's load event. Please make sure it has an appropriate `as` value and it is preloaded intentionally.
[2025-05-23 21:12:06.401] [warn]  The resource https://discordapp.com/assets/dd24010f3cf7def7.woff2 was preloaded using link preload but not used within a few seconds from the window's load event. Please make sure it has an appropriate `as` value and it is preloaded intentionally.
[2025-05-23 21:12:06.401] [warn]  The resource https://discordapp.com/assets/7a6a566c2e88a35d.woff2 was preloaded using link preload but not used within a few seconds from the window's load event. Please make sure it has an appropriate `as` value and it is preloaded intentionally.
[2025-05-23 21:12:06.402] [warn]  The resource https://discordapp.com/assets/e52f0cba712e2fb4.woff2 was preloaded using link preload but not used within a few seconds from the window's load event. Please make sure it has an appropriate `as` value and it is preloaded intentionally.
[2025-05-23 21:12:06.402] [warn]  The resource https://discordapp.com/assets/ce3b8055f5114434.woff2 was preloaded using link preload but not used within a few seconds from the window's load event. Please make sure it has an appropriate `as` value and it is preloaded intentionally.
[2025-05-23 21:12:06.402] [warn]  The resource https://discordapp.com/assets/cb2006dbced0e246.woff2 was preloaded using link preload but not used within a few seconds from the window's load event. Please make sure it has an appropriate `as` value and it is preloaded intentionally.
[2025-05-23 21:12:25.058] [warn]  The resource https://discordapp.com/assets/189422196a4f8b53.woff2 was preloaded using link preload but not used within a few seconds from the window's load event. Please make sure it has an appropriate `as` value and it is preloaded intentionally.
[2025-05-23 21:12:25.059] [warn]  The resource https://discordapp.com/assets/dd24010f3cf7def7.woff2 was preloaded using link preload but not used within a few seconds from the window's load event. Please make sure it has an appropriate `as` value and it is preloaded intentionally.
[2025-05-23 21:12:25.060] [warn]  The resource https://discordapp.com/assets/7a6a566c2e88a35d.woff2 was preloaded using link preload but not used within a few seconds from the window's load event. Please make sure it has an appropriate `as` value and it is preloaded intentionally.
[2025-05-23 21:12:25.060] [warn]  The resource https://discordapp.com/assets/e52f0cba712e2fb4.woff2 was preloaded using link preload but not used within a few seconds from the window's load event. Please make sure it has an appropriate `as` value and it is preloaded intentionally.
[2025-05-23 21:12:25.060] [warn]  The resource https://discordapp.com/assets/ce3b8055f5114434.woff2 was preloaded using link preload but not used within a few seconds from the window's load event. Please make sure it has an appropriate `as` value and it is preloaded intentionally.
[2025-05-23 21:12:25.061] [warn]  The resource https://discordapp.com/assets/cb2006dbced0e246.woff2 was preloaded using link preload but not used within a few seconds from the window's load event. Please make sure it has an appropriate `as` value and it is preloaded intentionally.
[2025-05-23 21:12:35.324] [warn]  The resource https://discordapp.com/assets/189422196a4f8b53.woff2 was preloaded using link preload but not used within a few seconds from the window's load event. Please make sure it has an appropriate `as` value and it is preloaded intentionally.
[2025-05-23 21:12:35.325] [warn]  The resource https://discordapp.com/assets/dd24010f3cf7def7.woff2 was preloaded using link preload but not used within a few seconds from the window's load event. Please make sure it has an appropriate `as` value and it is preloaded intentionally.
[2025-05-23 21:12:35.325] [warn]  The resource https://discordapp.com/assets/7a6a566c2e88a35d.woff2 was preloaded using link preload but not used within a few seconds from the window's load event. Please make sure it has an appropriate `as` value and it is preloaded intentionally.
[2025-05-23 21:12:35.326] [warn]  The resource https://discordapp.com/assets/e52f0cba712e2fb4.woff2 was preloaded using link preload but not used within a few seconds from the window's load event. Please make sure it has an appropriate `as` value and it is preloaded intentionally.
[2025-05-23 21:12:35.326] [warn]  The resource https://discordapp.com/assets/ce3b8055f5114434.woff2 was preloaded using link preload but not used within a few seconds from the window's load event. Please make sure it has an appropriate `as` value and it is preloaded intentionally.
[2025-05-23 21:12:35.326] [warn]  The resource https://discordapp.com/assets/cb2006dbced0e246.woff2 was preloaded using link preload but not used within a few seconds from the window's load event. Please make sure it has an appropriate `as` value and it is preloaded intentionally.
[2025-05-23 21:12:39.901] [warn]  The resource https://discordapp.com/assets/189422196a4f8b53.woff2 was preloaded using link preload but not used within a few seconds from the window's load event. Please make sure it has an appropriate `as` value and it is preloaded intentionally.
[2025-05-23 21:12:39.902] [warn]  The resource https://discordapp.com/assets/dd24010f3cf7def7.woff2 was preloaded using link preload but not used within a few seconds from the window's load event. Please make sure it has an appropriate `as` value and it is preloaded intentionally.
[2025-05-23 21:12:39.902] [warn]  The resource https://discordapp.com/assets/7a6a566c2e88a35d.woff2 was preloaded using link preload but not used within a few seconds from the window's load event. Please make sure it has an appropriate `as` value and it is preloaded intentionally.
[2025-05-23 21:12:39.902] [warn]  The resource https://discordapp.com/assets/e52f0cba712e2fb4.woff2 was preloaded using link preload but not used within a few seconds from the window's load event. Please make sure it has an appropriate `as` value and it is preloaded intentionally.
[2025-05-23 21:12:39.903] [warn]  The resource https://discordapp.com/assets/ce3b8055f5114434.woff2 was preloaded using link preload but not used within a few seconds from the window's load event. Please make sure it has an appropriate `as` value and it is preloaded intentionally.
[2025-05-23 21:12:39.903] [warn]  The resource https://discordapp.com/assets/cb2006dbced0e246.woff2 was preloaded using link preload but not used within a few seconds from the window's load event. Please make sure it has an appropriate `as` value and it is preloaded intentionally.
[2025-05-23 21:13:06.710] [info]  [MessageActionCreators] Fetching messages for 1259666097905471538 between undefined and undefined. jump={"jumpType":"ANIMATED"}
[2025-05-23 21:13:06.803] [info]  [Routing/Utils] transitionTo - Transitioning to /channels/1210029148911960164/1259666097905471538
[2025-05-23 21:13:07.665] [info]  [MessageActionCreators] Fetched 50 messages for 1259666097905471538 isBefore:false isAfter:false
[2025-05-23 21:13:07.678] [info]  [ChannelMessages] loadComplete: resetting state for channelId=1259666097905471538, sending.length=0
[2025-05-23 21:13:08.903] [warn]  The resource https://discordapp.com/assets/189422196a4f8b53.woff2 was preloaded using link preload but not used within a few seconds from the window's load event. Please make sure it has an appropriate `as` value and it is preloaded intentionally.
[2025-05-23 21:13:08.904] [warn]  The resource https://discordapp.com/assets/dd24010f3cf7def7.woff2 was preloaded using link preload but not used within a few seconds from the window's load event. Please make sure it has an appropriate `as` value and it is preloaded intentionally.
[2025-05-23 21:13:08.904] [warn]  The resource https://discordapp.com/assets/7a6a566c2e88a35d.woff2 was preloaded using link preload but not used within a few seconds from the window's load event. Please make sure it has an appropriate `as` value and it is preloaded intentionally.
[2025-05-23 21:13:08.904] [warn]  The resource https://discordapp.com/assets/e52f0cba712e2fb4.woff2 was preloaded using link preload but not used within a few seconds from the window's load event. Please make sure it has an appropriate `as` value and it is preloaded intentionally.
[2025-05-23 21:13:08.904] [warn]  The resource https://discordapp.com/assets/ce3b8055f5114434.woff2 was preloaded using link preload but not used within a few seconds from the window's load event. Please make sure it has an appropriate `as` value and it is preloaded intentionally.
[2025-05-23 21:13:08.904] [warn]  The resource https://discordapp.com/assets/cb2006dbced0e246.woff2 was preloaded using link preload but not used within a few seconds from the window's load event. Please make sure it has an appropriate `as` value and it is preloaded intentionally.
[2025-05-23 21:13:11.848] [info]  [MessageActionCreators] Fetching messages for 547160138360815623 between undefined and undefined. jump={"jumpType":"ANIMATED"}
[2025-05-23 21:13:11.951] [info]  [Routing/Utils] transitionTo - Transitioning to /channels/478925420616482816/547160138360815623
[2025-05-23 21:13:12.635] [info]  [MessageActionCreators] Fetched 0 messages for 547160138360815623 isBefore:false isAfter:false
[2025-05-23 21:13:12.635] [info]  [ChannelMessages] loadComplete: resetting state for channelId=547160138360815623, sending.length=0
[2025-05-23 21:13:14.498] [warn]  The resource https://discordapp.com/assets/189422196a4f8b53.woff2 was preloaded using link preload but not used within a few seconds from the window's load event. Please make sure it has an appropriate `as` value and it is preloaded intentionally.
[2025-05-23 21:13:14.499] [warn]  The resource https://discordapp.com/assets/dd24010f3cf7def7.woff2 was preloaded using link preload but not used within a few seconds from the window's load event. Please make sure it has an appropriate `as` value and it is preloaded intentionally.
[2025-05-23 21:13:14.500] [warn]  The resource https://discordapp.com/assets/7a6a566c2e88a35d.woff2 was preloaded using link preload but not used within a few seconds from the window's load event. Please make sure it has an appropriate `as` value and it is preloaded intentionally.
[2025-05-23 21:13:14.500] [warn]  The resource https://discordapp.com/assets/e52f0cba712e2fb4.woff2 was preloaded using link preload but not used within a few seconds from the window's load event. Please make sure it has an appropriate `as` value and it is preloaded intentionally.
[2025-05-23 21:13:14.501] [warn]  The resource https://discordapp.com/assets/ce3b8055f5114434.woff2 was preloaded using link preload but not used within a few seconds from the window's load event. Please make sure it has an appropriate `as` value and it is preloaded intentionally.
[2025-05-23 21:13:14.501] [warn]  The resource https://discordapp.com/assets/cb2006dbced0e246.woff2 was preloaded using link preload but not used within a few seconds from the window's load event. Please make sure it has an appropriate `as` value and it is preloaded intentionally.
[2025-05-23 21:13:20.294] [warn]  The resource https://discordapp.com/assets/189422196a4f8b53.woff2 was preloaded using link preload but not used within a few seconds from the window's load event. Please make sure it has an appropriate `as` value and it is preloaded intentionally.
[2025-05-23 21:13:20.295] [warn]  The resource https://discordapp.com/assets/dd24010f3cf7def7.woff2 was preloaded using link preload but not used within a few seconds from the window's load event. Please make sure it has an appropriate `as` value and it is preloaded intentionally.
[2025-05-23 21:13:20.295] [warn]  The resource https://discordapp.com/assets/7a6a566c2e88a35d.woff2 was preloaded using link preload but not used within a few seconds from the window's load event. Please make sure it has an appropriate `as` value and it is preloaded intentionally.
[2025-05-23 21:13:20.296] [warn]  The resource https://discordapp.com/assets/e52f0cba712e2fb4.woff2 was preloaded using link preload but not used within a few seconds from the window's load event. Please make sure it has an appropriate `as` value and it is preloaded intentionally.
[2025-05-23 21:13:20.297] [warn]  The resource https://discordapp.com/assets/ce3b8055f5114434.woff2 was preloaded using link preload but not used within a few seconds from the window's load event. Please make sure it has an appropriate `as` value and it is preloaded intentionally.
[2025-05-23 21:13:20.297] [warn]  The resource https://discordapp.com/assets/cb2006dbced0e246.woff2 was preloaded using link preload but not used within a few seconds from the window's load event. Please make sure it has an appropriate `as` value and it is preloaded intentionally.
[2025-05-23 21:13:23.735] [info]  [Routing/Utils] transitionTo - Transitioning to /channels/736298460231499817/821655741614129183
[2025-05-23 21:13:25.631] [warn]  The resource https://discordapp.com/assets/189422196a4f8b53.woff2 was preloaded using link preload but not used within a few seconds from the window's load event. Please make sure it has an appropriate `as` value and it is preloaded intentionally.
[2025-05-23 21:13:25.631] [warn]  The resource https://discordapp.com/assets/dd24010f3cf7def7.woff2 was preloaded using link preload but not used within a few seconds from the window's load event. Please make sure it has an appropriate `as` value and it is preloaded intentionally.
[2025-05-23 21:13:25.631] [warn]  The resource https://discordapp.com/assets/7a6a566c2e88a35d.woff2 was preloaded using link preload but not used within a few seconds from the window's load event. Please make sure it has an appropriate `as` value and it is preloaded intentionally.
[2025-05-23 21:13:25.631] [warn]  The resource https://discordapp.com/assets/e52f0cba712e2fb4.woff2 was preloaded using link preload but not used within a few seconds from the window's load event. Please make sure it has an appropriate `as` value and it is preloaded intentionally.
[2025-05-23 21:13:25.631] [warn]  The resource https://discordapp.com/assets/ce3b8055f5114434.woff2 was preloaded using link preload but not used within a few seconds from the window's load event. Please make sure it has an appropriate `as` value and it is preloaded intentionally.
[2025-05-23 21:13:25.631] [warn]  The resource https://discordapp.com/assets/cb2006dbced0e246.woff2 was preloaded using link preload but not used within a few seconds from the window's load event. Please make sure it has an appropriate `as` value and it is preloaded intentionally.
[2025-05-23 21:13:35.440] [warn]  The resource https://discordapp.com/assets/189422196a4f8b53.woff2 was preloaded using link preload but not used within a few seconds from the window's load event. Please make sure it has an appropriate `as` value and it is preloaded intentionally.
[2025-05-23 21:13:35.441] [warn]  The resource https://discordapp.com/assets/dd24010f3cf7def7.woff2 was preloaded using link preload but not used within a few seconds from the window's load event. Please make sure it has an appropriate `as` value and it is preloaded intentionally.
[2025-05-23 21:13:35.441] [warn]  The resource https://discordapp.com/assets/7a6a566c2e88a35d.woff2 was preloaded using link preload but not used within a few seconds from the window's load event. Please make sure it has an appropriate `as` value and it is preloaded intentionally.
[2025-05-23 21:13:35.441] [warn]  The resource https://discordapp.com/assets/e52f0cba712e2fb4.woff2 was preloaded using link preload but not used within a few seconds from the window's load event. Please make sure it has an appropriate `as` value and it is preloaded intentionally.
[2025-05-23 21:13:35.441] [warn]  The resource https://discordapp.com/assets/ce3b8055f5114434.woff2 was preloaded using link preload but not used within a few seconds from the window's load event. Please make sure it has an appropriate `as` value and it is preloaded intentionally.
[2025-05-23 21:13:35.441] [warn]  The resource https://discordapp.com/assets/cb2006dbced0e246.woff2 was preloaded using link preload but not used within a few seconds from the window's load event. Please make sure it has an appropriate `as` value and it is preloaded intentionally.
[2025-05-23 21:15:53.318] [warn]  The resource https://discordapp.com/assets/189422196a4f8b53.woff2 was preloaded using link preload but not used within a few seconds from the window's load event. Please make sure it has an appropriate `as` value and it is preloaded intentionally.
[2025-05-23 21:15:53.319] [warn]  The resource https://discordapp.com/assets/dd24010f3cf7def7.woff2 was preloaded using link preload but not used within a few seconds from the window's load event. Please make sure it has an appropriate `as` value and it is preloaded intentionally.
[2025-05-23 21:15:53.319] [warn]  The resource https://discordapp.com/assets/7a6a566c2e88a35d.woff2 was preloaded using link preload but not used within a few seconds from the window's load event. Please make sure it has an appropriate `as` value and it is preloaded intentionally.
[2025-05-23 21:15:53.320] [warn]  The resource https://discordapp.com/assets/e52f0cba712e2fb4.woff2 was preloaded using link preload but not used within a few seconds from the window's load event. Please make sure it has an appropriate `as` value and it is preloaded intentionally.
[2025-05-23 21:15:53.320] [warn]  The resource https://discordapp.com/assets/ce3b8055f5114434.woff2 was preloaded using link preload but not used within a few seconds from the window's load event. Please make sure it has an appropriate `as` value and it is preloaded intentionally.
[2025-05-23 21:15:53.320] [warn]  The resource https://discordapp.com/assets/cb2006dbced0e246.woff2 was preloaded using link preload but not used within a few seconds from the window's load event. Please make sure it has an appropriate `as` value and it is preloaded intentionally.
[2025-05-23 21:16:31.455] [warn]  The resource https://discordapp.com/assets/189422196a4f8b53.woff2 was preloaded using link preload but not used within a few seconds from the window's load event. Please make sure it has an appropriate `as` value and it is preloaded intentionally.
[2025-05-23 21:16:31.456] [warn]  The resource https://discordapp.com/assets/dd24010f3cf7def7.woff2 was preloaded using link preload but not used within a few seconds from the window's load event. Please make sure it has an appropriate `as` value and it is preloaded intentionally.
[2025-05-23 21:16:31.457] [warn]  The resource https://discordapp.com/assets/7a6a566c2e88a35d.woff2 was preloaded using link preload but not used within a few seconds from the window's load event. Please make sure it has an appropriate `as` value and it is preloaded intentionally.
[2025-05-23 21:16:31.457] [warn]  The resource https://discordapp.com/assets/e52f0cba712e2fb4.woff2 was preloaded using link preload but not used within a few seconds from the window's load event. Please make sure it has an appropriate `as` value and it is preloaded intentionally.
[2025-05-23 21:16:31.458] [warn]  The resource https://discordapp.com/assets/ce3b8055f5114434.woff2 was preloaded using link preload but not used within a few seconds from the window's load event. Please make sure it has an appropriate `as` value and it is preloaded intentionally.
[2025-05-23 21:16:31.458] [warn]  The resource https://discordapp.com/assets/cb2006dbced0e246.woff2 was preloaded using link preload but not used within a few seconds from the window's load event. Please make sure it has an appropriate `as` value and it is preloaded intentionally.
[2025-05-23 21:16:55.216] [info]  [MessageActionCreators] Fetching messages for 821655741614129183 between undefined and undefined. jump={"messageId":"1375140491540041739","flash":true,"returnMessageId":"1375545625541611712"}
[2025-05-23 21:16:59.620] [warn]  The resource https://discordapp.com/assets/189422196a4f8b53.woff2 was preloaded using link preload but not used within a few seconds from the window's load event. Please make sure it has an appropriate `as` value and it is preloaded intentionally.
[2025-05-23 21:16:59.621] [warn]  The resource https://discordapp.com/assets/dd24010f3cf7def7.woff2 was preloaded using link preload but not used within a few seconds from the window's load event. Please make sure it has an appropriate `as` value and it is preloaded intentionally.
[2025-05-23 21:16:59.626] [warn]  The resource https://discordapp.com/assets/7a6a566c2e88a35d.woff2 was preloaded using link preload but not used within a few seconds from the window's load event. Please make sure it has an appropriate `as` value and it is preloaded intentionally.
[2025-05-23 21:16:59.626] [warn]  The resource https://discordapp.com/assets/e52f0cba712e2fb4.woff2 was preloaded using link preload but not used within a few seconds from the window's load event. Please make sure it has an appropriate `as` value and it is preloaded intentionally.
[2025-05-23 21:16:59.627] [warn]  The resource https://discordapp.com/assets/ce3b8055f5114434.woff2 was preloaded using link preload but not used within a few seconds from the window's load event. Please make sure it has an appropriate `as` value and it is preloaded intentionally.
[2025-05-23 21:16:59.627] [warn]  The resource https://discordapp.com/assets/cb2006dbced0e246.woff2 was preloaded using link preload but not used within a few seconds from the window's load event. Please make sure it has an appropriate `as` value and it is preloaded intentionally.
[2025-05-23 21:17:05.291] [info]  [Routing/Utils] transitionTo - Transitioning to /channels/478925420616482816/547160138360815623
[2025-05-23 21:17:08.466] [info]  [Routing/Utils] transitionTo - Transitioning to /channels/741237973663612969/1204077631184699402
[2025-05-23 21:17:08.638] [info]  [MessageActionCreators] Fetching messages for 1265224253633200252 between undefined and 1285580681371451486. jump=undefined
[2025-05-23 21:17:09.378] [error] ResizeObserver loop completed with undelivered notifications.
[2025-05-23 21:17:09.504] [info]  [MessageActionCreators] Fetched 50 messages for 1265224253633200252 isBefore:false isAfter:true
[2025-05-23 21:17:12.526] [warn]  The resource https://discordapp.com/assets/189422196a4f8b53.woff2 was preloaded using link preload but not used within a few seconds from the window's load event. Please make sure it has an appropriate `as` value and it is preloaded intentionally.
[2025-05-23 21:17:12.526] [warn]  The resource https://discordapp.com/assets/dd24010f3cf7def7.woff2 was preloaded using link preload but not used within a few seconds from the window's load event. Please make sure it has an appropriate `as` value and it is preloaded intentionally.
[2025-05-23 21:17:12.526] [warn]  The resource https://discordapp.com/assets/7a6a566c2e88a35d.woff2 was preloaded using link preload but not used within a few seconds from the window's load event. Please make sure it has an appropriate `as` value and it is preloaded intentionally.
[2025-05-23 21:17:12.526] [warn]  The resource https://discordapp.com/assets/e52f0cba712e2fb4.woff2 was preloaded using link preload but not used within a few seconds from the window's load event. Please make sure it has an appropriate `as` value and it is preloaded intentionally.
[2025-05-23 21:17:12.526] [warn]  The resource https://discordapp.com/assets/ce3b8055f5114434.woff2 was preloaded using link preload but not used within a few seconds from the window's load event. Please make sure it has an appropriate `as` value and it is preloaded intentionally.
[2025-05-23 21:17:12.526] [warn]  The resource https://discordapp.com/assets/cb2006dbced0e246.woff2 was preloaded using link preload but not used within a few seconds from the window's load event. Please make sure it has an appropriate `as` value and it is preloaded intentionally.
[2025-05-23 21:17:22.669] [warn]  The resource https://discordapp.com/assets/189422196a4f8b53.woff2 was preloaded using link preload but not used within a few seconds from the window's load event. Please make sure it has an appropriate `as` value and it is preloaded intentionally.
[2025-05-23 21:17:22.670] [warn]  The resource https://discordapp.com/assets/dd24010f3cf7def7.woff2 was preloaded using link preload but not used within a few seconds from the window's load event. Please make sure it has an appropriate `as` value and it is preloaded intentionally.
[2025-05-23 21:17:22.670] [warn]  The resource https://discordapp.com/assets/7a6a566c2e88a35d.woff2 was preloaded using link preload but not used within a few seconds from the window's load event. Please make sure it has an appropriate `as` value and it is preloaded intentionally.
[2025-05-23 21:17:22.671] [warn]  The resource https://discordapp.com/assets/e52f0cba712e2fb4.woff2 was preloaded using link preload but not used within a few seconds from the window's load event. Please make sure it has an appropriate `as` value and it is preloaded intentionally.
[2025-05-23 21:17:22.671] [warn]  The resource https://discordapp.com/assets/ce3b8055f5114434.woff2 was preloaded using link preload but not used within a few seconds from the window's load event. Please make sure it has an appropriate `as` value and it is preloaded intentionally.
[2025-05-23 21:17:22.672] [warn]  The resource https://discordapp.com/assets/cb2006dbced0e246.woff2 was preloaded using link preload but not used within a few seconds from the window's load event. Please make sure it has an appropriate `as` value and it is preloaded intentionally.
[2025-05-23 21:17:27.717] [warn]  The resource https://discordapp.com/assets/189422196a4f8b53.woff2 was preloaded using link preload but not used within a few seconds from the window's load event. Please make sure it has an appropriate `as` value and it is preloaded intentionally.
[2025-05-23 21:17:27.717] [warn]  The resource https://discordapp.com/assets/dd24010f3cf7def7.woff2 was preloaded using link preload but not used within a few seconds from the window's load event. Please make sure it has an appropriate `as` value and it is preloaded intentionally.
[2025-05-23 21:17:27.718] [warn]  The resource https://discordapp.com/assets/7a6a566c2e88a35d.woff2 was preloaded using link preload but not used within a few seconds from the window's load event. Please make sure it has an appropriate `as` value and it is preloaded intentionally.
[2025-05-23 21:17:27.718] [warn]  The resource https://discordapp.com/assets/e52f0cba712e2fb4.woff2 was preloaded using link preload but not used within a few seconds from the window's load event. Please make sure it has an appropriate `as` value and it is preloaded intentionally.
[2025-05-23 21:17:27.718] [warn]  The resource https://discordapp.com/assets/ce3b8055f5114434.woff2 was preloaded using link preload but not used within a few seconds from the window's load event. Please make sure it has an appropriate `as` value and it is preloaded intentionally.
[2025-05-23 21:17:27.719] [warn]  The resource https://discordapp.com/assets/cb2006dbced0e246.woff2 was preloaded using link preload but not used within a few seconds from the window's load event. Please make sure it has an appropriate `as` value and it is preloaded intentionally.
[2025-05-23 21:17:32.765] [warn]  The resource https://discordapp.com/assets/189422196a4f8b53.woff2 was preloaded using link preload but not used within a few seconds from the window's load event. Please make sure it has an appropriate `as` value and it is preloaded intentionally.
[2025-05-23 21:17:32.765] [warn]  The resource https://discordapp.com/assets/dd24010f3cf7def7.woff2 was preloaded using link preload but not used within a few seconds from the window's load event. Please make sure it has an appropriate `as` value and it is preloaded intentionally.
[2025-05-23 21:17:32.766] [warn]  The resource https://discordapp.com/assets/7a6a566c2e88a35d.woff2 was preloaded using link preload but not used within a few seconds from the window's load event. Please make sure it has an appropriate `as` value and it is preloaded intentionally.
[2025-05-23 21:17:32.766] [warn]  The resource https://discordapp.com/assets/e52f0cba712e2fb4.woff2 was preloaded using link preload but not used within a few seconds from the window's load event. Please make sure it has an appropriate `as` value and it is preloaded intentionally.
[2025-05-23 21:17:32.766] [warn]  The resource https://discordapp.com/assets/ce3b8055f5114434.woff2 was preloaded using link preload but not used within a few seconds from the window's load event. Please make sure it has an appropriate `as` value and it is preloaded intentionally.
[2025-05-23 21:17:32.766] [warn]  The resource https://discordapp.com/assets/cb2006dbced0e246.woff2 was preloaded using link preload but not used within a few seconds from the window's load event. Please make sure it has an appropriate `as` value and it is preloaded intentionally.
[2025-05-23 21:17:52.948] [warn]  The resource https://discordapp.com/assets/189422196a4f8b53.woff2 was preloaded using link preload but not used within a few seconds from the window's load event. Please make sure it has an appropriate `as` value and it is preloaded intentionally.
[2025-05-23 21:17:52.949] [warn]  The resource https://discordapp.com/assets/dd24010f3cf7def7.woff2 was preloaded using link preload but not used within a few seconds from the window's load event. Please make sure it has an appropriate `as` value and it is preloaded intentionally.
[2025-05-23 21:17:52.949] [warn]  The resource https://discordapp.com/assets/7a6a566c2e88a35d.woff2 was preloaded using link preload but not used within a few seconds from the window's load event. Please make sure it has an appropriate `as` value and it is preloaded intentionally.
[2025-05-23 21:17:52.949] [warn]  The resource https://discordapp.com/assets/e52f0cba712e2fb4.woff2 was preloaded using link preload but not used within a few seconds from the window's load event. Please make sure it has an appropriate `as` value and it is preloaded intentionally.
[2025-05-23 21:17:52.950] [warn]  The resource https://discordapp.com/assets/ce3b8055f5114434.woff2 was preloaded using link preload but not used within a few seconds from the window's load event. Please make sure it has an appropriate `as` value and it is preloaded intentionally.
[2025-05-23 21:17:52.950] [warn]  The resource https://discordapp.com/assets/cb2006dbced0e246.woff2 was preloaded using link preload but not used within a few seconds from the window's load event. Please make sure it has an appropriate `as` value and it is preloaded intentionally.
[2025-05-23 21:19:56.209] [info]  [MessageActionCreators] Fetching messages for 753105234686902335 between undefined and undefined. jump={"jumpType":"ANIMATED"}
[2025-05-23 21:19:56.573] [warn]  The resource https://discordapp.com/assets/189422196a4f8b53.woff2 was preloaded using link preload but not used within a few seconds from the window's load event. Please make sure it has an appropriate `as` value and it is preloaded intentionally.
[2025-05-23 21:19:56.573] [warn]  The resource https://discordapp.com/assets/dd24010f3cf7def7.woff2 was preloaded using link preload but not used within a few seconds from the window's load event. Please make sure it has an appropriate `as` value and it is preloaded intentionally.
[2025-05-23 21:19:56.573] [warn]  The resource https://discordapp.com/assets/7a6a566c2e88a35d.woff2 was preloaded using link preload but not used within a few seconds from the window's load event. Please make sure it has an appropriate `as` value and it is preloaded intentionally.
[2025-05-23 21:19:56.573] [warn]  The resource https://discordapp.com/assets/e52f0cba712e2fb4.woff2 was preloaded using link preload but not used within a few seconds from the window's load event. Please make sure it has an appropriate `as` value and it is preloaded intentionally.
[2025-05-23 21:19:56.574] [warn]  The resource https://discordapp.com/assets/ce3b8055f5114434.woff2 was preloaded using link preload but not used within a few seconds from the window's load event. Please make sure it has an appropriate `as` value and it is preloaded intentionally.
[2025-05-23 21:19:56.574] [warn]  The resource https://discordapp.com/assets/cb2006dbced0e246.woff2 was preloaded using link preload but not used within a few seconds from the window's load event. Please make sure it has an appropriate `as` value and it is preloaded intentionally.
[2025-05-23 21:20:10.020] [info]  [MessageActionCreators] Fetched 50 messages for 753105234686902335 isBefore:false isAfter:false
[2025-05-23 21:20:10.034] [info]  [ChannelMessages] loadComplete: resetting state for channelId=753105234686902335, sending.length=0
[2025-05-23 21:20:17.237] [warn]  The resource https://discordapp.com/assets/189422196a4f8b53.woff2 was preloaded using link preload but not used within a few seconds from the window's load event. Please make sure it has an appropriate `as` value and it is preloaded intentionally.
[2025-05-23 21:20:17.237] [warn]  The resource https://discordapp.com/assets/dd24010f3cf7def7.woff2 was preloaded using link preload but not used within a few seconds from the window's load event. Please make sure it has an appropriate `as` value and it is preloaded intentionally.
[2025-05-23 21:20:17.237] [warn]  The resource https://discordapp.com/assets/7a6a566c2e88a35d.woff2 was preloaded using link preload but not used within a few seconds from the window's load event. Please make sure it has an appropriate `as` value and it is preloaded intentionally.
[2025-05-23 21:20:17.237] [warn]  The resource https://discordapp.com/assets/e52f0cba712e2fb4.woff2 was preloaded using link preload but not used within a few seconds from the window's load event. Please make sure it has an appropriate `as` value and it is preloaded intentionally.
[2025-05-23 21:20:17.237] [warn]  The resource https://discordapp.com/assets/ce3b8055f5114434.woff2 was preloaded using link preload but not used within a few seconds from the window's load event. Please make sure it has an appropriate `as` value and it is preloaded intentionally.
[2025-05-23 21:20:17.237] [warn]  The resource https://discordapp.com/assets/cb2006dbced0e246.woff2 was preloaded using link preload but not used within a few seconds from the window's load event. Please make sure it has an appropriate `as` value and it is preloaded intentionally.
[2025-05-23 21:21:22.425] [warn]  The resource https://discordapp.com/assets/189422196a4f8b53.woff2 was preloaded using link preload but not used within a few seconds from the window's load event. Please make sure it has an appropriate `as` value and it is preloaded intentionally.
[2025-05-23 21:21:22.425] [warn]  The resource https://discordapp.com/assets/dd24010f3cf7def7.woff2 was preloaded using link preload but not used within a few seconds from the window's load event. Please make sure it has an appropriate `as` value and it is preloaded intentionally.
[2025-05-23 21:21:22.426] [warn]  The resource https://discordapp.com/assets/7a6a566c2e88a35d.woff2 was preloaded using link preload but not used within a few seconds from the window's load event. Please make sure it has an appropriate `as` value and it is preloaded intentionally.
[2025-05-23 21:21:22.426] [warn]  The resource https://discordapp.com/assets/e52f0cba712e2fb4.woff2 was preloaded using link preload but not used within a few seconds from the window's load event. Please make sure it has an appropriate `as` value and it is preloaded intentionally.
[2025-05-23 21:21:22.426] [warn]  The resource https://discordapp.com/assets/ce3b8055f5114434.woff2 was preloaded using link preload but not used within a few seconds from the window's load event. Please make sure it has an appropriate `as` value and it is preloaded intentionally.
[2025-05-23 21:21:22.427] [warn]  The resource https://discordapp.com/assets/cb2006dbced0e246.woff2 was preloaded using link preload but not used within a few seconds from the window's load event. Please make sure it has an appropriate `as` value and it is preloaded intentionally.
[2025-05-23 21:21:41.692] [warn]  The resource https://discordapp.com/assets/189422196a4f8b53.woff2 was preloaded using link preload but not used within a few seconds from the window's load event. Please make sure it has an appropriate `as` value and it is preloaded intentionally.
[2025-05-23 21:21:41.693] [warn]  The resource https://discordapp.com/assets/dd24010f3cf7def7.woff2 was preloaded using link preload but not used within a few seconds from the window's load event. Please make sure it has an appropriate `as` value and it is preloaded intentionally.
[2025-05-23 21:21:41.693] [warn]  The resource https://discordapp.com/assets/7a6a566c2e88a35d.woff2 was preloaded using link preload but not used within a few seconds from the window's load event. Please make sure it has an appropriate `as` value and it is preloaded intentionally.
[2025-05-23 21:21:41.693] [warn]  The resource https://discordapp.com/assets/e52f0cba712e2fb4.woff2 was preloaded using link preload but not used within a few seconds from the window's load event. Please make sure it has an appropriate `as` value and it is preloaded intentionally.
[2025-05-23 21:21:41.693] [warn]  The resource https://discordapp.com/assets/ce3b8055f5114434.woff2 was preloaded using link preload but not used within a few seconds from the window's load event. Please make sure it has an appropriate `as` value and it is preloaded intentionally.
[2025-05-23 21:21:41.693] [warn]  The resource https://discordapp.com/assets/cb2006dbced0e246.woff2 was preloaded using link preload but not used within a few seconds from the window's load event. Please make sure it has an appropriate `as` value and it is preloaded intentionally.
[2025-05-23 21:21:45.798] [warn]  The resource https://discordapp.com/assets/189422196a4f8b53.woff2 was preloaded using link preload but not used within a few seconds from the window's load event. Please make sure it has an appropriate `as` value and it is preloaded intentionally.
[2025-05-23 21:21:45.799] [warn]  The resource https://discordapp.com/assets/dd24010f3cf7def7.woff2 was preloaded using link preload but not used within a few seconds from the window's load event. Please make sure it has an appropriate `as` value and it is preloaded intentionally.
[2025-05-23 21:21:45.799] [warn]  The resource https://discordapp.com/assets/7a6a566c2e88a35d.woff2 was preloaded using link preload but not used within a few seconds from the window's load event. Please make sure it has an appropriate `as` value and it is preloaded intentionally.
[2025-05-23 21:21:45.799] [warn]  The resource https://discordapp.com/assets/e52f0cba712e2fb4.woff2 was preloaded using link preload but not used within a few seconds from the window's load event. Please make sure it has an appropriate `as` value and it is preloaded intentionally.
[2025-05-23 21:21:45.800] [warn]  The resource https://discordapp.com/assets/ce3b8055f5114434.woff2 was preloaded using link preload but not used within a few seconds from the window's load event. Please make sure it has an appropriate `as` value and it is preloaded intentionally.
[2025-05-23 21:21:45.800] [warn]  The resource https://discordapp.com/assets/cb2006dbced0e246.woff2 was preloaded using link preload but not used within a few seconds from the window's load event. Please make sure it has an appropriate `as` value and it is preloaded intentionally.
[2025-05-23 21:27:44.543] [info]  [Routing/Utils] transitionTo - Transitioning to /channels/741237973663612969/1204077631184699402
[2025-05-23 21:27:49.167] [warn]  The resource https://discordapp.com/assets/189422196a4f8b53.woff2 was preloaded using link preload but not used within a few seconds from the window's load event. Please make sure it has an appropriate `as` value and it is preloaded intentionally.
[2025-05-23 21:27:49.168] [warn]  The resource https://discordapp.com/assets/dd24010f3cf7def7.woff2 was preloaded using link preload but not used within a few seconds from the window's load event. Please make sure it has an appropriate `as` value and it is preloaded intentionally.
[2025-05-23 21:27:49.168] [warn]  The resource https://discordapp.com/assets/7a6a566c2e88a35d.woff2 was preloaded using link preload but not used within a few seconds from the window's load event. Please make sure it has an appropriate `as` value and it is preloaded intentionally.
[2025-05-23 21:27:49.169] [warn]  The resource https://discordapp.com/assets/e52f0cba712e2fb4.woff2 was preloaded using link preload but not used within a few seconds from the window's load event. Please make sure it has an appropriate `as` value and it is preloaded intentionally.
[2025-05-23 21:27:49.169] [warn]  The resource https://discordapp.com/assets/ce3b8055f5114434.woff2 was preloaded using link preload but not used within a few seconds from the window's load event. Please make sure it has an appropriate `as` value and it is preloaded intentionally.
[2025-05-23 21:27:49.169] [warn]  The resource https://discordapp.com/assets/cb2006dbced0e246.woff2 was preloaded using link preload but not used within a few seconds from the window's load event. Please make sure it has an appropriate `as` value and it is preloaded intentionally.
[2025-05-23 21:27:51.211] [error] ResizeObserver loop completed with undelivered notifications.
[2025-05-23 21:27:51.328] [error] ResizeObserver loop completed with undelivered notifications.
[2025-05-23 21:27:54.489] [warn]  The resource https://discordapp.com/assets/189422196a4f8b53.woff2 was preloaded using link preload but not used within a few seconds from the window's load event. Please make sure it has an appropriate `as` value and it is preloaded intentionally.
[2025-05-23 21:27:54.490] [warn]  The resource https://discordapp.com/assets/dd24010f3cf7def7.woff2 was preloaded using link preload but not used within a few seconds from the window's load event. Please make sure it has an appropriate `as` value and it is preloaded intentionally.
[2025-05-23 21:27:54.490] [warn]  The resource https://discordapp.com/assets/7a6a566c2e88a35d.woff2 was preloaded using link preload but not used within a few seconds from the window's load event. Please make sure it has an appropriate `as` value and it is preloaded intentionally.
[2025-05-23 21:27:54.490] [warn]  The resource https://discordapp.com/assets/e52f0cba712e2fb4.woff2 was preloaded using link preload but not used within a few seconds from the window's load event. Please make sure it has an appropriate `as` value and it is preloaded intentionally.
[2025-05-23 21:27:54.491] [warn]  The resource https://discordapp.com/assets/ce3b8055f5114434.woff2 was preloaded using link preload but not used within a few seconds from the window's load event. Please make sure it has an appropriate `as` value and it is preloaded intentionally.
[2025-05-23 21:27:54.491] [warn]  The resource https://discordapp.com/assets/cb2006dbced0e246.woff2 was preloaded using link preload but not used within a few seconds from the window's load event. Please make sure it has an appropriate `as` value and it is preloaded intentionally.
[2025-05-23 21:28:28.408] [warn]  The resource https://discordapp.com/assets/189422196a4f8b53.woff2 was preloaded using link preload but not used within a few seconds from the window's load event. Please make sure it has an appropriate `as` value and it is preloaded intentionally.
[2025-05-23 21:28:28.409] [warn]  The resource https://discordapp.com/assets/dd24010f3cf7def7.woff2 was preloaded using link preload but not used within a few seconds from the window's load event. Please make sure it has an appropriate `as` value and it is preloaded intentionally.
[2025-05-23 21:28:28.409] [warn]  The resource https://discordapp.com/assets/7a6a566c2e88a35d.woff2 was preloaded using link preload but not used within a few seconds from the window's load event. Please make sure it has an appropriate `as` value and it is preloaded intentionally.
[2025-05-23 21:28:28.409] [warn]  The resource https://discordapp.com/assets/e52f0cba712e2fb4.woff2 was preloaded using link preload but not used within a few seconds from the window's load event. Please make sure it has an appropriate `as` value and it is preloaded intentionally.
[2025-05-23 21:28:28.409] [warn]  The resource https://discordapp.com/assets/ce3b8055f5114434.woff2 was preloaded using link preload but not used within a few seconds from the window's load event. Please make sure it has an appropriate `as` value and it is preloaded intentionally.
[2025-05-23 21:28:28.410] [warn]  The resource https://discordapp.com/assets/cb2006dbced0e246.woff2 was preloaded using link preload but not used within a few seconds from the window's load event. Please make sure it has an appropriate `as` value and it is preloaded intentionally.
[2025-05-23 21:35:34.665] [warn]  The resource https://discordapp.com/assets/189422196a4f8b53.woff2 was preloaded using link preload but not used within a few seconds from the window's load event. Please make sure it has an appropriate `as` value and it is preloaded intentionally.
[2025-05-23 21:35:34.665] [warn]  The resource https://discordapp.com/assets/dd24010f3cf7def7.woff2 was preloaded using link preload but not used within a few seconds from the window's load event. Please make sure it has an appropriate `as` value and it is preloaded intentionally.
[2025-05-23 21:35:34.666] [warn]  The resource https://discordapp.com/assets/7a6a566c2e88a35d.woff2 was preloaded using link preload but not used within a few seconds from the window's load event. Please make sure it has an appropriate `as` value and it is preloaded intentionally.
[2025-05-23 21:35:34.666] [warn]  The resource https://discordapp.com/assets/e52f0cba712e2fb4.woff2 was preloaded using link preload but not used within a few seconds from the window's load event. Please make sure it has an appropriate `as` value and it is preloaded intentionally.
[2025-05-23 21:35:34.666] [warn]  The resource https://discordapp.com/assets/ce3b8055f5114434.woff2 was preloaded using link preload but not used within a few seconds from the window's load event. Please make sure it has an appropriate `as` value and it is preloaded intentionally.
[2025-05-23 21:35:34.667] [warn]  The resource https://discordapp.com/assets/cb2006dbced0e246.woff2 was preloaded using link preload but not used within a few seconds from the window's load event. Please make sure it has an appropriate `as` value and it is preloaded intentionally.
[2025-05-23 21:35:46.969] [warn]  [GatewaySocket] [ACK TIMEOUT] reconnecting in 2.00 seconds.
[2025-05-23 21:35:48.966] [info]  [GatewaySocket] [CONNECT] wss://gateway-us-east1-d.discord.gg, encoding: etf, version: 9, compression: zstd-stream
[2025-05-23 21:36:04.506] [info]  [MessageActionCreators] Fetching messages for 835855546426851339 between undefined and undefined. jump={"jumpType":"ANIMATED"}
[2025-05-23 21:36:04.633] [info]  [Routing/Utils] transitionTo - Transitioning to /channels/741237973663612969/835855546426851339
[2025-05-23 21:36:07.570] [info]  [MessageActionCreators] Fetching messages for 741237974108340226 between undefined and undefined. jump={"jumpType":"ANIMATED"}
[2025-05-23 21:36:07.687] [info]  [Routing/Utils] transitionTo - Transitioning to /channels/741237973663612969/741237974108340226
[2025-05-23 21:36:17.003] [info]  [GatewaySocket] [WS CLOSED] (false, 0, An error with the websocket occurred) retrying in 2.59 seconds.
[2025-05-23 21:36:19.598] [info]  [GatewaySocket] [CONNECT] wss://gateway.discord.gg, encoding: etf, version: 9, compression: zstd-stream
[2025-05-23 21:36:35.027] [info]  [GatewaySocket] [CONNECTED] wss://gateway.discord.gg/?encoding=etf&v=9&compress=zstd-stream in 15429 ms
[2025-05-23 21:36:35.028] [info]  [GatewaySocket] [RESUME] resuming session 443ba21e269665038e32325eab03f44a, seq: 3987
[2025-05-23 21:36:35.288] [info]  [GatewaySocket] [INVALID_SESSION]
[2025-05-23 21:36:37.877] [info]  [GatewaySocket] [READY] took 18280ms, as 8f96c2010cf73d16b8524fec12678c8f
[2025-05-23 21:36:37.895] [info]  [Flux] Dispatching CONNECTION_OPEN
[2025-05-23 21:36:37.897] [info]  [DatabaseManager] removing database (user: 459735510655696896, database: null)
[2025-05-23 21:36:37.902] [warn]  [NativeDispatchUtils] Tried getting Dispatch instance before instantiated
[2025-05-23 21:36:37.910] [info]  [MessageActionCreators] Fetching messages for 741237974108340226 between undefined and undefined. jump={"jumpType":"ANIMATED"}
[2025-05-23 21:36:38.632] [info]  [GatewaySocket] [READY_SUPPLEMENTAL] took 19035ms
[2025-05-23 21:36:40.851] [error] Access to XMLHttpRequest at 'https://cdn.discordapp.com/changelogs/config_0.json?x=7' from origin 'https://discordapp.com' has been blocked by CORS policy: No 'Access-Control-Allow-Origin' header is present on the requested resource.
[2025-05-23 21:36:40.853] [error] Uncaught (in promise) Error: Request has been terminated
Possible causes: the network is offline, Origin is not allowed by Access-Control-Allow-Origin, the page is being unloaded, etc.
[2025-05-23 21:36:46.435] [info]  [MessageActionCreators] Fetched 50 messages for 835855546426851339 isBefore:false isAfter:false
[2025-05-23 21:36:46.438] [info]  [ChannelMessages] loadComplete: resetting state for channelId=835855546426851339, sending.length=0
[2025-05-23 21:36:47.907] [info]  [ReadStateStore] Deleting ReadState 753127576771493959 0 [object Object]
[2025-05-23 21:36:48.006] [info]  [ReadStateStore] Deleting ReadState 1079223773389139999 0 [object Object]
[2025-05-23 21:36:49.441] [warn]  The resource https://discordapp.com/assets/189422196a4f8b53.woff2 was preloaded using link preload but not used within a few seconds from the window's load event. Please make sure it has an appropriate `as` value and it is preloaded intentionally.
[2025-05-23 21:36:49.442] [warn]  The resource https://discordapp.com/assets/dd24010f3cf7def7.woff2 was preloaded using link preload but not used within a few seconds from the window's load event. Please make sure it has an appropriate `as` value and it is preloaded intentionally.
[2025-05-23 21:36:49.442] [warn]  The resource https://discordapp.com/assets/7a6a566c2e88a35d.woff2 was preloaded using link preload but not used within a few seconds from the window's load event. Please make sure it has an appropriate `as` value and it is preloaded intentionally.
[2025-05-23 21:36:49.442] [warn]  The resource https://discordapp.com/assets/e52f0cba712e2fb4.woff2 was preloaded using link preload but not used within a few seconds from the window's load event. Please make sure it has an appropriate `as` value and it is preloaded intentionally.
[2025-05-23 21:36:49.443] [warn]  The resource https://discordapp.com/assets/ce3b8055f5114434.woff2 was preloaded using link preload but not used within a few seconds from the window's load event. Please make sure it has an appropriate `as` value and it is preloaded intentionally.
[2025-05-23 21:36:49.443] [warn]  The resource https://discordapp.com/assets/cb2006dbced0e246.woff2 was preloaded using link preload but not used within a few seconds from the window's load event. Please make sure it has an appropriate `as` value and it is preloaded intentionally.
[2025-05-23 21:36:57.597] [info]  [MessageActionCreators] Fetched 50 messages for 741237974108340226 isBefore:false isAfter:false
[2025-05-23 21:36:57.609] [info]  [ChannelMessages] loadComplete: resetting state for channelId=741237974108340226, sending.length=0
[2025-05-23 21:36:57.612] [info]  [MessageActionCreators] Fetching messages for 741237974108340226 between undefined and undefined. jump={"jumpType":"ANIMATED"}
[2025-05-23 21:36:58.149] [info]  [MessageActionCreators] Fetched 50 messages for 741237974108340226 isBefore:false isAfter:false
[2025-05-23 21:36:58.156] [info]  [ChannelMessages] loadComplete: resetting state for channelId=741237974108340226, sending.length=0
[2025-05-23 21:36:58.519] [info]  [MessageActionCreators] Fetched 50 messages for 741237974108340226 isBefore:false isAfter:false
[2025-05-23 21:36:58.524] [info]  [ChannelMessages] loadComplete: resetting state for channelId=741237974108340226, sending.length=0
[2025-05-23 21:36:59.132] [info]  [discord_protos.discord_users.v1.FrecencyUserSettings] Loading proto
[2025-05-23 21:37:00.618] [warn]  The resource https://discordapp.com/assets/189422196a4f8b53.woff2 was preloaded using link preload but not used within a few seconds from the window's load event. Please make sure it has an appropriate `as` value and it is preloaded intentionally.
[2025-05-23 21:37:00.618] [warn]  The resource https://discordapp.com/assets/dd24010f3cf7def7.woff2 was preloaded using link preload but not used within a few seconds from the window's load event. Please make sure it has an appropriate `as` value and it is preloaded intentionally.
[2025-05-23 21:37:00.619] [warn]  The resource https://discordapp.com/assets/7a6a566c2e88a35d.woff2 was preloaded using link preload but not used within a few seconds from the window's load event. Please make sure it has an appropriate `as` value and it is preloaded intentionally.
[2025-05-23 21:37:00.619] [warn]  The resource https://discordapp.com/assets/e52f0cba712e2fb4.woff2 was preloaded using link preload but not used within a few seconds from the window's load event. Please make sure it has an appropriate `as` value and it is preloaded intentionally.
[2025-05-23 21:37:00.619] [warn]  The resource https://discordapp.com/assets/ce3b8055f5114434.woff2 was preloaded using link preload but not used within a few seconds from the window's load event. Please make sure it has an appropriate `as` value and it is preloaded intentionally.
[2025-05-23 21:37:00.620] [warn]  The resource https://discordapp.com/assets/cb2006dbced0e246.woff2 was preloaded using link preload but not used within a few seconds from the window's load event. Please make sure it has an appropriate `as` value and it is preloaded intentionally.
[2025-05-23 21:37:34.317] [warn]  The resource https://discordapp.com/assets/189422196a4f8b53.woff2 was preloaded using link preload but not used within a few seconds from the window's load event. Please make sure it has an appropriate `as` value and it is preloaded intentionally.
[2025-05-23 21:37:34.318] [warn]  The resource https://discordapp.com/assets/dd24010f3cf7def7.woff2 was preloaded using link preload but not used within a few seconds from the window's load event. Please make sure it has an appropriate `as` value and it is preloaded intentionally.
[2025-05-23 21:37:34.319] [warn]  The resource https://discordapp.com/assets/7a6a566c2e88a35d.woff2 was preloaded using link preload but not used within a few seconds from the window's load event. Please make sure it has an appropriate `as` value and it is preloaded intentionally.
[2025-05-23 21:37:34.319] [warn]  The resource https://discordapp.com/assets/e52f0cba712e2fb4.woff2 was preloaded using link preload but not used within a few seconds from the window's load event. Please make sure it has an appropriate `as` value and it is preloaded intentionally.
[2025-05-23 21:37:34.320] [warn]  The resource https://discordapp.com/assets/ce3b8055f5114434.woff2 was preloaded using link preload but not used within a few seconds from the window's load event. Please make sure it has an appropriate `as` value and it is preloaded intentionally.
[2025-05-23 21:37:34.320] [warn]  The resource https://discordapp.com/assets/cb2006dbced0e246.woff2 was preloaded using link preload but not used within a few seconds from the window's load event. Please make sure it has an appropriate `as` value and it is preloaded intentionally.
[2025-05-23 21:39:14.706] [error] Uncaught (in promise) AbortError: The play() request was interrupted by a call to pause(). https://goo.gl/LdLk22
[2025-05-23 21:39:16.692] [warn]  The resource https://discordapp.com/assets/189422196a4f8b53.woff2 was preloaded using link preload but not used within a few seconds from the window's load event. Please make sure it has an appropriate `as` value and it is preloaded intentionally.
[2025-05-23 21:39:16.693] [warn]  The resource https://discordapp.com/assets/dd24010f3cf7def7.woff2 was preloaded using link preload but not used within a few seconds from the window's load event. Please make sure it has an appropriate `as` value and it is preloaded intentionally.
[2025-05-23 21:39:16.694] [warn]  The resource https://discordapp.com/assets/7a6a566c2e88a35d.woff2 was preloaded using link preload but not used within a few seconds from the window's load event. Please make sure it has an appropriate `as` value and it is preloaded intentionally.
[2025-05-23 21:39:16.694] [warn]  The resource https://discordapp.com/assets/e52f0cba712e2fb4.woff2 was preloaded using link preload but not used within a few seconds from the window's load event. Please make sure it has an appropriate `as` value and it is preloaded intentionally.
[2025-05-23 21:39:16.694] [warn]  The resource https://discordapp.com/assets/ce3b8055f5114434.woff2 was preloaded using link preload but not used within a few seconds from the window's load event. Please make sure it has an appropriate `as` value and it is preloaded intentionally.
[2025-05-23 21:39:16.695] [warn]  The resource https://discordapp.com/assets/cb2006dbced0e246.woff2 was preloaded using link preload but not used within a few seconds from the window's load event. Please make sure it has an appropriate `as` value and it is preloaded intentionally.
[2025-05-23 21:39:20.494] [warn]  The resource https://discordapp.com/assets/189422196a4f8b53.woff2 was preloaded using link preload but not used within a few seconds from the window's load event. Please make sure it has an appropriate `as` value and it is preloaded intentionally.
[2025-05-23 21:39:20.494] [warn]  The resource https://discordapp.com/assets/dd24010f3cf7def7.woff2 was preloaded using link preload but not used within a few seconds from the window's load event. Please make sure it has an appropriate `as` value and it is preloaded intentionally.
[2025-05-23 21:39:20.495] [warn]  The resource https://discordapp.com/assets/7a6a566c2e88a35d.woff2 was preloaded using link preload but not used within a few seconds from the window's load event. Please make sure it has an appropriate `as` value and it is preloaded intentionally.
[2025-05-23 21:39:20.495] [warn]  The resource https://discordapp.com/assets/e52f0cba712e2fb4.woff2 was preloaded using link preload but not used within a few seconds from the window's load event. Please make sure it has an appropriate `as` value and it is preloaded intentionally.
[2025-05-23 21:39:20.495] [warn]  The resource https://discordapp.com/assets/ce3b8055f5114434.woff2 was preloaded using link preload but not used within a few seconds from the window's load event. Please make sure it has an appropriate `as` value and it is preloaded intentionally.
[2025-05-23 21:39:20.495] [warn]  The resource https://discordapp.com/assets/cb2006dbced0e246.woff2 was preloaded using link preload but not used within a few seconds from the window's load event. Please make sure it has an appropriate `as` value and it is preloaded intentionally.
[2025-05-23 21:39:34.690] [warn]  The resource https://discordapp.com/assets/189422196a4f8b53.woff2 was preloaded using link preload but not used within a few seconds from the window's load event. Please make sure it has an appropriate `as` value and it is preloaded intentionally.
[2025-05-23 21:39:34.691] [warn]  The resource https://discordapp.com/assets/dd24010f3cf7def7.woff2 was preloaded using link preload but not used within a few seconds from the window's load event. Please make sure it has an appropriate `as` value and it is preloaded intentionally.
[2025-05-23 21:39:34.691] [warn]  The resource https://discordapp.com/assets/7a6a566c2e88a35d.woff2 was preloaded using link preload but not used within a few seconds from the window's load event. Please make sure it has an appropriate `as` value and it is preloaded intentionally.
[2025-05-23 21:39:34.692] [warn]  The resource https://discordapp.com/assets/e52f0cba712e2fb4.woff2 was preloaded using link preload but not used within a few seconds from the window's load event. Please make sure it has an appropriate `as` value and it is preloaded intentionally.
[2025-05-23 21:39:34.692] [warn]  The resource https://discordapp.com/assets/ce3b8055f5114434.woff2 was preloaded using link preload but not used within a few seconds from the window's load event. Please make sure it has an appropriate `as` value and it is preloaded intentionally.
[2025-05-23 21:39:34.692] [warn]  The resource https://discordapp.com/assets/cb2006dbced0e246.woff2 was preloaded using link preload but not used within a few seconds from the window's load event. Please make sure it has an appropriate `as` value and it is preloaded intentionally.
[2025-05-23 21:40:25.224] [info]  [MessageActionCreators] Fetching messages for 741237974108340226 between undefined and undefined. jump={"messageId":"1375640279285235712","flash":true,"returnMessageId":"1375642335282725047"}
[2025-05-23 21:40:28.600] [warn]  The resource https://discordapp.com/assets/189422196a4f8b53.woff2 was preloaded using link preload but not used within a few seconds from the window's load event. Please make sure it has an appropriate `as` value and it is preloaded intentionally.
[2025-05-23 21:40:28.602] [warn]  The resource https://discordapp.com/assets/dd24010f3cf7def7.woff2 was preloaded using link preload but not used within a few seconds from the window's load event. Please make sure it has an appropriate `as` value and it is preloaded intentionally.
[2025-05-23 21:40:28.602] [warn]  The resource https://discordapp.com/assets/7a6a566c2e88a35d.woff2 was preloaded using link preload but not used within a few seconds from the window's load event. Please make sure it has an appropriate `as` value and it is preloaded intentionally.
[2025-05-23 21:40:28.602] [warn]  The resource https://discordapp.com/assets/e52f0cba712e2fb4.woff2 was preloaded using link preload but not used within a few seconds from the window's load event. Please make sure it has an appropriate `as` value and it is preloaded intentionally.
[2025-05-23 21:40:28.603] [warn]  The resource https://discordapp.com/assets/ce3b8055f5114434.woff2 was preloaded using link preload but not used within a few seconds from the window's load event. Please make sure it has an appropriate `as` value and it is preloaded intentionally.
[2025-05-23 21:40:28.603] [warn]  The resource https://discordapp.com/assets/cb2006dbced0e246.woff2 was preloaded using link preload but not used within a few seconds from the window's load event. Please make sure it has an appropriate `as` value and it is preloaded intentionally.
[2025-05-23 21:40:45.684] [warn]  [GatewaySocket] [ACK TIMEOUT] reconnecting in 2.19 seconds.
[2025-05-23 21:40:47.735] [info]  [GatewaySocket] [CONNECT] wss://gateway-us-east1-c.discord.gg, encoding: etf, version: 9, compression: zstd-stream
[2025-05-23 21:40:48.785] [info]  [GatewaySocket] [WS CLOSED] (false, 0, An error with the websocket occurred) retrying in 1.40 seconds.
[2025-05-23 21:40:50.183] [info]  [GatewaySocket] [CONNECT] wss://gateway.discord.gg, encoding: etf, version: 9, compression: zstd-stream
[2025-05-23 21:40:51.576] [info]  [GatewaySocket] [CONNECTED] wss://gateway.discord.gg/?encoding=etf&v=9&compress=zstd-stream in 1392 ms
[2025-05-23 21:40:51.577] [info]  [GatewaySocket] [RESUME] resuming session 8f96c2010cf73d16b8524fec12678c8f, seq: 63
[2025-05-23 21:40:51.859] [info]  [Flux] Dispatching CONNECTION_RESUMED
[2025-05-23 21:40:51.863] [info]  [GatewaySocket] [RESUMED] took 1680ms, replayed 0 events, new seq: 67
[2025-05-23 21:40:55.254] [warn]  The resource https://discordapp.com/assets/189422196a4f8b53.woff2 was preloaded using link preload but not used within a few seconds from the window's load event. Please make sure it has an appropriate `as` value and it is preloaded intentionally.
[2025-05-23 21:40:55.255] [warn]  The resource https://discordapp.com/assets/dd24010f3cf7def7.woff2 was preloaded using link preload but not used within a few seconds from the window's load event. Please make sure it has an appropriate `as` value and it is preloaded intentionally.
[2025-05-23 21:40:55.256] [warn]  The resource https://discordapp.com/assets/7a6a566c2e88a35d.woff2 was preloaded using link preload but not used within a few seconds from the window's load event. Please make sure it has an appropriate `as` value and it is preloaded intentionally.
[2025-05-23 21:40:55.257] [warn]  The resource https://discordapp.com/assets/e52f0cba712e2fb4.woff2 was preloaded using link preload but not used within a few seconds from the window's load event. Please make sure it has an appropriate `as` value and it is preloaded intentionally.
[2025-05-23 21:40:55.257] [warn]  The resource https://discordapp.com/assets/ce3b8055f5114434.woff2 was preloaded using link preload but not used within a few seconds from the window's load event. Please make sure it has an appropriate `as` value and it is preloaded intentionally.
[2025-05-23 21:40:55.258] [warn]  The resource https://discordapp.com/assets/cb2006dbced0e246.woff2 was preloaded using link preload but not used within a few seconds from the window's load event. Please make sure it has an appropriate `as` value and it is preloaded intentionally.
[2025-05-23 21:41:00.388] [info]  [discord_protos.discord_users.v1.FrecencyUserSettings] Scheduling save from markDirty
[2025-05-23 21:41:00.388] [info]  [discord_protos.discord_users.v1.FrecencyUserSettings] Persisting proto
[2025-05-23 21:41:01.064] [info]  [MessageActionCreators] Fetching messages for 547160138360815623 between undefined and undefined. jump={"jumpType":"ANIMATED"}
[2025-05-23 21:41:01.150] [info]  [Routing/Utils] transitionTo - Transitioning to /channels/478925420616482816/547160138360815623
[2025-05-23 21:41:01.655] [info]  [MessageActionCreators] Fetched 0 messages for 547160138360815623 isBefore:false isAfter:false
[2025-05-23 21:41:01.655] [info]  [ChannelMessages] loadComplete: resetting state for channelId=547160138360815623, sending.length=0
[2025-05-23 21:41:05.752] [warn]  The resource https://discordapp.com/assets/189422196a4f8b53.woff2 was preloaded using link preload but not used within a few seconds from the window's load event. Please make sure it has an appropriate `as` value and it is preloaded intentionally.
[2025-05-23 21:41:05.752] [warn]  The resource https://discordapp.com/assets/dd24010f3cf7def7.woff2 was preloaded using link preload but not used within a few seconds from the window's load event. Please make sure it has an appropriate `as` value and it is preloaded intentionally.
[2025-05-23 21:41:05.752] [warn]  The resource https://discordapp.com/assets/7a6a566c2e88a35d.woff2 was preloaded using link preload but not used within a few seconds from the window's load event. Please make sure it has an appropriate `as` value and it is preloaded intentionally.
[2025-05-23 21:41:05.753] [warn]  The resource https://discordapp.com/assets/e52f0cba712e2fb4.woff2 was preloaded using link preload but not used within a few seconds from the window's load event. Please make sure it has an appropriate `as` value and it is preloaded intentionally.
[2025-05-23 21:41:05.753] [warn]  The resource https://discordapp.com/assets/ce3b8055f5114434.woff2 was preloaded using link preload but not used within a few seconds from the window's load event. Please make sure it has an appropriate `as` value and it is preloaded intentionally.
[2025-05-23 21:41:05.753] [warn]  The resource https://discordapp.com/assets/cb2006dbced0e246.woff2 was preloaded using link preload but not used within a few seconds from the window's load event. Please make sure it has an appropriate `as` value and it is preloaded intentionally.
[2025-05-23 21:41:06.086] [info]  [MessageActionCreators] Fetching messages for 478925420616482820 between undefined and undefined. jump={"jumpType":"ANIMATED"}
[2025-05-23 21:41:06.495] [info]  [RTCControlSocket(default)] [CONNECT] wss://madrid3391.discord.media:443/
[2025-05-23 21:41:06.496] [info]  [RTCConnection(478925420616482816, default)] Connecting to RTC server wss://madrid3391.discord.media:443/, rtc-connection-id: 746877ca-be7e-49fb-8ebc-fadd97748a6c, channel: 478925420616482820(2)
[2025-05-23 21:41:06.497] [info]  [RTCConnection(478925420616482816, default)] RTC connection state: AWAITING_ENDPOINT => CONNECTING
[2025-05-23 21:41:07.329] [info]  [MessageActionCreators] Fetched 50 messages for 478925420616482820 isBefore:false isAfter:false
[2025-05-23 21:41:07.363] [info]  [ChannelMessages] loadComplete: resetting state for channelId=478925420616482820, sending.length=0
[2025-05-23 21:41:12.183] [info]  [RTCConnection(478925420616482816, default)] Connected to RTC server.
[2025-05-23 21:41:12.185] [info]  [RTCConnection(478925420616482816, default)] RTC connection state: CONNECTING => AUTHENTICATING
[2025-05-23 21:41:12.187] [info]  [RTCControlSocket(default)] [CONNECTED] wss://madrid3391.discord.media:443/ in 5691 ms
[2025-05-23 21:41:12.194] [info]  [RTCControlSocket(default)] [HELLO] heartbeat interval: 13750, version: 8, took 5692 ms
[2025-05-23 21:41:12.196] [info]  [RTCControlSocket(default)] Starting heartbeat with interval: 13750
[2025-05-23 21:41:12.389] [info]  [RTCControlSocket(default)] [READY] took 5894 ms
[2025-05-23 21:41:12.391] [info]  [RTCConnection(478925420616482816, default)] RTC connection state: AUTHENTICATING => RTC_CONNECTING
[2025-05-23 21:41:12.398] [info]  [Connection(default)] Creating connection to 66.22.241.136:50016 with audio ssrc: 20675
[2025-05-23 21:41:12.659] [info]  [Connection(default)] Connected with local address 181.115.167.15:3486 and protocol: udp
[2025-05-23 21:41:12.661] [info]  [Connection(default)] Available codecs: "[{\"codec\":\"AV1\",\"decode\":true,\"encode\":false},{\"codec\":\"H264\",\"decode\":true,\"encode\":true},{\"codec\":\"VP8\",\"decode\":true,\"encode\":true},{\"codec\":\"VP9\",\"decode\":true,\"encode\":false}]\n"
[2025-05-23 21:41:12.662] [info]  [Connection(default)] Experimental codecs: [{"name":"AV1","encode":false,"decode":true}]
[2025-05-23 21:41:12.662] [info]  [Connection(default)] Audio codecs: opus
[2025-05-23 21:41:12.663] [info]  [Connection(default)] Video codecs: AV1[encode: false, decode: true],H264[encode: true, decode: true],VP8[encode: true, decode: true],VP9[encode: false, decode: true]
[2025-05-23 21:41:12.664] [info]  [Connection(default)] Encryption modes: aead_aes256_gcm_rtpsize,aead_aes256_gcm,aead_xchacha20_poly1305_rtpsize,xsalsa20_poly1305_lite_rtpsize,xsalsa20_poly1305_lite,xsalsa20_poly1305_suffix,xsalsa20_poly1305
[2025-05-23 21:41:12.666] [info]  [Connection(default)] Connection state change: CONNECTING => CONNECTED
[2025-05-23 21:41:12.667] [info]  [RTCConnection(478925420616482816, default)] RTC media connection state change: RTC_CONNECTING => CONNECTED
[2025-05-23 21:41:12.668] [info]  [RTCConnection(478925420616482816, default)] RTC connection state: RTC_CONNECTING => RTC_CONNECTED
[2025-05-23 21:41:12.673] [info]  [RTCConnection(478925420616482816, default)] RTC connected to media server: 66.22.241.136:50016
[2025-05-23 21:41:12.673] [info]  [RTCConnection(478925420616482816, default)] Sending UDP info to RTC server. [object Object] fixed_keyframe_interval,keyframe_on_join
[2025-05-23 21:41:12.674] [info]  [Connection(default)] Creating user: 629900926181834763 with audio SSRC: 0 and video SSRCs: 
[2025-05-23 21:41:12.674] [info]  [Connection(default)] Creating user: 781990762220355594 with audio SSRC: 0 and video SSRCs: 
[2025-05-23 21:41:12.674] [info]  [Connection(default)] Creating user: 783733937498226709 with audio SSRC: 0 and video SSRCs: 
[2025-05-23 21:41:12.694] [warn]  The resource https://discordapp.com/assets/189422196a4f8b53.woff2 was preloaded using link preload but not used within a few seconds from the window's load event. Please make sure it has an appropriate `as` value and it is preloaded intentionally.
[2025-05-23 21:41:12.694] [warn]  The resource https://discordapp.com/assets/dd24010f3cf7def7.woff2 was preloaded using link preload but not used within a few seconds from the window's load event. Please make sure it has an appropriate `as` value and it is preloaded intentionally.
[2025-05-23 21:41:12.694] [warn]  The resource https://discordapp.com/assets/7a6a566c2e88a35d.woff2 was preloaded using link preload but not used within a few seconds from the window's load event. Please make sure it has an appropriate `as` value and it is preloaded intentionally.
[2025-05-23 21:41:12.694] [warn]  The resource https://discordapp.com/assets/e52f0cba712e2fb4.woff2 was preloaded using link preload but not used within a few seconds from the window's load event. Please make sure it has an appropriate `as` value and it is preloaded intentionally.
[2025-05-23 21:41:12.695] [warn]  The resource https://discordapp.com/assets/ce3b8055f5114434.woff2 was preloaded using link preload but not used within a few seconds from the window's load event. Please make sure it has an appropriate `as` value and it is preloaded intentionally.
[2025-05-23 21:41:12.695] [warn]  The resource https://discordapp.com/assets/cb2006dbced0e246.woff2 was preloaded using link preload but not used within a few seconds from the window's load event. Please make sure it has an appropriate `as` value and it is preloaded intentionally.
[2025-05-23 21:41:12.978] [info]  [RTCConnection(478925420616482816, default)] Setting media-session-id: fd5384fbe00db37a3c298287364a391f for rtc-connection-id: 746877ca-be7e-49fb-8ebc-fadd97748a6c
[2025-05-23 21:41:12.980] [info]  [Connection(default)] Selected encryption mode: aead_aes256_gcm_rtpsize
[2025-05-23 21:41:12.981] [info]  [Connection(default)] DAVE protocol state update: {"version":0,"epochAuthenticator":""}
[2025-05-23 21:41:12.983] [info]  [RTCConnection(478925420616482816, default)] Remote media sink wants: {"any":100}
[2025-05-23 21:41:19.346] [warn]  The resource https://discordapp.com/assets/189422196a4f8b53.woff2 was preloaded using link preload but not used within a few seconds from the window's load event. Please make sure it has an appropriate `as` value and it is preloaded intentionally.
[2025-05-23 21:41:19.347] [warn]  The resource https://discordapp.com/assets/dd24010f3cf7def7.woff2 was preloaded using link preload but not used within a few seconds from the window's load event. Please make sure it has an appropriate `as` value and it is preloaded intentionally.
[2025-05-23 21:41:19.348] [warn]  The resource https://discordapp.com/assets/7a6a566c2e88a35d.woff2 was preloaded using link preload but not used within a few seconds from the window's load event. Please make sure it has an appropriate `as` value and it is preloaded intentionally.
[2025-05-23 21:41:19.349] [warn]  The resource https://discordapp.com/assets/e52f0cba712e2fb4.woff2 was preloaded using link preload but not used within a few seconds from the window's load event. Please make sure it has an appropriate `as` value and it is preloaded intentionally.
[2025-05-23 21:41:19.349] [warn]  The resource https://discordapp.com/assets/ce3b8055f5114434.woff2 was preloaded using link preload but not used within a few seconds from the window's load event. Please make sure it has an appropriate `as` value and it is preloaded intentionally.
[2025-05-23 21:41:19.349] [warn]  The resource https://discordapp.com/assets/cb2006dbced0e246.woff2 was preloaded using link preload but not used within a few seconds from the window's load event. Please make sure it has an appropriate `as` value and it is preloaded intentionally.
[2025-05-23 21:41:25.939] [info]  [RTCControlSocket(default)] Sending heartbeat with last received sequence number: 7
[2025-05-23 21:41:26.166] [info]  [RTCControlSocket(default)] Heartbeat ACK received
[2025-05-23 21:41:27.678] [info]  [ConnectionEventFramerateReducer] BaseConnection.userSpeakingChange: Reduced framerate after 15000 ms.
[2025-05-23 21:41:39.689] [info]  [RTCControlSocket(default)] Sending heartbeat with last received sequence number: 7
[2025-05-23 21:41:39.920] [info]  [RTCControlSocket(default)] Heartbeat ACK received
[2025-05-23 21:41:53.439] [info]  [RTCControlSocket(default)] Sending heartbeat with last received sequence number: 7
[2025-05-23 21:41:53.645] [info]  [RTCControlSocket(default)] Heartbeat ACK received
[2025-05-23 21:42:07.189] [info]  [RTCControlSocket(default)] Sending heartbeat with last received sequence number: 7
[2025-05-23 21:42:07.425] [info]  [RTCControlSocket(default)] Heartbeat ACK received
[2025-05-23 21:42:20.939] [info]  [RTCControlSocket(default)] Sending heartbeat with last received sequence number: 7
[2025-05-23 21:42:21.141] [info]  [RTCControlSocket(default)] Heartbeat ACK received
[2025-05-23 21:42:34.688] [info]  [RTCControlSocket(default)] Sending heartbeat with last received sequence number: 7
[2025-05-23 21:42:35.095] [info]  [RTCControlSocket(default)] Heartbeat ACK received
[2025-05-23 21:42:46.718] [warn]  The resource https://discordapp.com/assets/189422196a4f8b53.woff2 was preloaded using link preload but not used within a few seconds from the window's load event. Please make sure it has an appropriate `as` value and it is preloaded intentionally.
[2025-05-23 21:42:46.719] [warn]  The resource https://discordapp.com/assets/dd24010f3cf7def7.woff2 was preloaded using link preload but not used within a few seconds from the window's load event. Please make sure it has an appropriate `as` value and it is preloaded intentionally.
[2025-05-23 21:42:46.719] [warn]  The resource https://discordapp.com/assets/7a6a566c2e88a35d.woff2 was preloaded using link preload but not used within a few seconds from the window's load event. Please make sure it has an appropriate `as` value and it is preloaded intentionally.
[2025-05-23 21:42:46.719] [warn]  The resource https://discordapp.com/assets/e52f0cba712e2fb4.woff2 was preloaded using link preload but not used within a few seconds from the window's load event. Please make sure it has an appropriate `as` value and it is preloaded intentionally.
[2025-05-23 21:42:46.720] [warn]  The resource https://discordapp.com/assets/ce3b8055f5114434.woff2 was preloaded using link preload but not used within a few seconds from the window's load event. Please make sure it has an appropriate `as` value and it is preloaded intentionally.
[2025-05-23 21:42:46.720] [warn]  The resource https://discordapp.com/assets/cb2006dbced0e246.woff2 was preloaded using link preload but not used within a few seconds from the window's load event. Please make sure it has an appropriate `as` value and it is preloaded intentionally.
[2025-05-23 21:42:48.439] [info]  [RTCControlSocket(default)] Sending heartbeat with last received sequence number: 7
[2025-05-23 21:42:48.701] [info]  [RTCControlSocket(default)] Heartbeat ACK received
[2025-05-23 21:43:02.189] [info]  [RTCControlSocket(default)] Sending heartbeat with last received sequence number: 7
[2025-05-23 21:43:02.388] [info]  [RTCControlSocket(default)] Heartbeat ACK received
[2025-05-23 21:43:03.821] [warn]  The resource https://discordapp.com/assets/189422196a4f8b53.woff2 was preloaded using link preload but not used within a few seconds from the window's load event. Please make sure it has an appropriate `as` value and it is preloaded intentionally.
[2025-05-23 21:43:03.822] [warn]  The resource https://discordapp.com/assets/dd24010f3cf7def7.woff2 was preloaded using link preload but not used within a few seconds from the window's load event. Please make sure it has an appropriate `as` value and it is preloaded intentionally.
[2025-05-23 21:43:03.822] [warn]  The resource https://discordapp.com/assets/7a6a566c2e88a35d.woff2 was preloaded using link preload but not used within a few seconds from the window's load event. Please make sure it has an appropriate `as` value and it is preloaded intentionally.
[2025-05-23 21:43:03.823] [warn]  The resource https://discordapp.com/assets/e52f0cba712e2fb4.woff2 was preloaded using link preload but not used within a few seconds from the window's load event. Please make sure it has an appropriate `as` value and it is preloaded intentionally.
[2025-05-23 21:43:03.823] [warn]  The resource https://discordapp.com/assets/ce3b8055f5114434.woff2 was preloaded using link preload but not used within a few seconds from the window's load event. Please make sure it has an appropriate `as` value and it is preloaded intentionally.
[2025-05-23 21:43:03.823] [warn]  The resource https://discordapp.com/assets/cb2006dbced0e246.woff2 was preloaded using link preload but not used within a few seconds from the window's load event. Please make sure it has an appropriate `as` value and it is preloaded intentionally.
[2025-05-23 21:43:15.939] [info]  [RTCControlSocket(default)] Sending heartbeat with last received sequence number: 8
[2025-05-23 21:43:16.231] [info]  [RTCControlSocket(default)] Heartbeat ACK received
[2025-05-23 21:43:17.173] [warn]  The resource https://discordapp.com/assets/189422196a4f8b53.woff2 was preloaded using link preload but not used within a few seconds from the window's load event. Please make sure it has an appropriate `as` value and it is preloaded intentionally.
[2025-05-23 21:43:17.174] [warn]  The resource https://discordapp.com/assets/dd24010f3cf7def7.woff2 was preloaded using link preload but not used within a few seconds from the window's load event. Please make sure it has an appropriate `as` value and it is preloaded intentionally.
[2025-05-23 21:43:17.174] [warn]  The resource https://discordapp.com/assets/7a6a566c2e88a35d.woff2 was preloaded using link preload but not used within a few seconds from the window's load event. Please make sure it has an appropriate `as` value and it is preloaded intentionally.
[2025-05-23 21:43:17.175] [warn]  The resource https://discordapp.com/assets/e52f0cba712e2fb4.woff2 was preloaded using link preload but not used within a few seconds from the window's load event. Please make sure it has an appropriate `as` value and it is preloaded intentionally.
[2025-05-23 21:43:17.175] [warn]  The resource https://discordapp.com/assets/ce3b8055f5114434.woff2 was preloaded using link preload but not used within a few seconds from the window's load event. Please make sure it has an appropriate `as` value and it is preloaded intentionally.
[2025-05-23 21:43:17.175] [warn]  The resource https://discordapp.com/assets/cb2006dbced0e246.woff2 was preloaded using link preload but not used within a few seconds from the window's load event. Please make sure it has an appropriate `as` value and it is preloaded intentionally.
[2025-05-23 21:43:29.689] [info]  [RTCControlSocket(default)] Sending heartbeat with last received sequence number: 8
[2025-05-23 21:43:29.897] [info]  [RTCControlSocket(default)] Heartbeat ACK received
[2025-05-23 21:43:43.439] [info]  [RTCControlSocket(default)] Sending heartbeat with last received sequence number: 8
[2025-05-23 21:43:47.052] [info]  [RTCControlSocket(default)] Heartbeat ACK received
[2025-05-23 21:43:57.189] [info]  [RTCControlSocket(default)] Sending heartbeat with last received sequence number: 8
[2025-05-23 21:43:57.403] [info]  [RTCControlSocket(default)] Heartbeat ACK received
[2025-05-23 21:44:10.939] [info]  [RTCControlSocket(default)] Sending heartbeat with last received sequence number: 8
[2025-05-23 21:44:11.239] [info]  [RTCControlSocket(default)] Heartbeat ACK received
[2025-05-23 21:44:23.212] [info]  [Connection(default)] Creating user: 872669037908344852 with audio SSRC: 0 and video SSRCs: 
[2025-05-23 21:44:24.689] [info]  [RTCControlSocket(default)] Sending heartbeat with last received sequence number: 11
[2025-05-23 21:44:24.701] [warn]  The resource https://discordapp.com/assets/189422196a4f8b53.woff2 was preloaded using link preload but not used within a few seconds from the window's load event. Please make sure it has an appropriate `as` value and it is preloaded intentionally.
[2025-05-23 21:44:24.701] [warn]  The resource https://discordapp.com/assets/dd24010f3cf7def7.woff2 was preloaded using link preload but not used within a few seconds from the window's load event. Please make sure it has an appropriate `as` value and it is preloaded intentionally.
[2025-05-23 21:44:24.702] [warn]  The resource https://discordapp.com/assets/7a6a566c2e88a35d.woff2 was preloaded using link preload but not used within a few seconds from the window's load event. Please make sure it has an appropriate `as` value and it is preloaded intentionally.
[2025-05-23 21:44:24.702] [warn]  The resource https://discordapp.com/assets/e52f0cba712e2fb4.woff2 was preloaded using link preload but not used within a few seconds from the window's load event. Please make sure it has an appropriate `as` value and it is preloaded intentionally.
[2025-05-23 21:44:24.702] [warn]  The resource https://discordapp.com/assets/ce3b8055f5114434.woff2 was preloaded using link preload but not used within a few seconds from the window's load event. Please make sure it has an appropriate `as` value and it is preloaded intentionally.
[2025-05-23 21:44:24.702] [warn]  The resource https://discordapp.com/assets/cb2006dbced0e246.woff2 was preloaded using link preload but not used within a few seconds from the window's load event. Please make sure it has an appropriate `as` value and it is preloaded intentionally.
[2025-05-23 21:44:25.233] [info]  [RTCControlSocket(default)] Heartbeat ACK received
[2025-05-23 21:44:25.686] [info]  [Connection(default)] Creating user: 872669037908344852 with audio SSRC: 20685 and video SSRCs: 
[2025-05-23 21:44:30.943] [warn]  The resource https://discordapp.com/assets/189422196a4f8b53.woff2 was preloaded using link preload but not used within a few seconds from the window's load event. Please make sure it has an appropriate `as` value and it is preloaded intentionally.
[2025-05-23 21:44:30.944] [warn]  The resource https://discordapp.com/assets/dd24010f3cf7def7.woff2 was preloaded using link preload but not used within a few seconds from the window's load event. Please make sure it has an appropriate `as` value and it is preloaded intentionally.
[2025-05-23 21:44:30.944] [warn]  The resource https://discordapp.com/assets/7a6a566c2e88a35d.woff2 was preloaded using link preload but not used within a few seconds from the window's load event. Please make sure it has an appropriate `as` value and it is preloaded intentionally.
[2025-05-23 21:44:30.945] [warn]  The resource https://discordapp.com/assets/e52f0cba712e2fb4.woff2 was preloaded using link preload but not used within a few seconds from the window's load event. Please make sure it has an appropriate `as` value and it is preloaded intentionally.
[2025-05-23 21:44:30.945] [warn]  The resource https://discordapp.com/assets/ce3b8055f5114434.woff2 was preloaded using link preload but not used within a few seconds from the window's load event. Please make sure it has an appropriate `as` value and it is preloaded intentionally.
[2025-05-23 21:44:30.945] [warn]  The resource https://discordapp.com/assets/cb2006dbced0e246.woff2 was preloaded using link preload but not used within a few seconds from the window's load event. Please make sure it has an appropriate `as` value and it is preloaded intentionally.
[2025-05-23 21:44:38.438] [info]  [RTCControlSocket(default)] Sending heartbeat with last received sequence number: 12
[2025-05-23 21:44:38.688] [info]  [RTCControlSocket(default)] Heartbeat ACK received
[2025-05-23 21:44:51.105] [info]  [RTCControlSocket(default)] Sending heartbeat with last received sequence number: 12
[2025-05-23 21:44:51.309] [info]  [RTCControlSocket(default)] Heartbeat ACK received
[2025-05-23 21:44:57.812] [warn]  The resource https://discordapp.com/assets/189422196a4f8b53.woff2 was preloaded using link preload but not used within a few seconds from the window's load event. Please make sure it has an appropriate `as` value and it is preloaded intentionally.
[2025-05-23 21:44:57.813] [warn]  The resource https://discordapp.com/assets/dd24010f3cf7def7.woff2 was preloaded using link preload but not used within a few seconds from the window's load event. Please make sure it has an appropriate `as` value and it is preloaded intentionally.
[2025-05-23 21:44:57.813] [warn]  The resource https://discordapp.com/assets/7a6a566c2e88a35d.woff2 was preloaded using link preload but not used within a few seconds from the window's load event. Please make sure it has an appropriate `as` value and it is preloaded intentionally.
[2025-05-23 21:44:57.813] [warn]  The resource https://discordapp.com/assets/e52f0cba712e2fb4.woff2 was preloaded using link preload but not used within a few seconds from the window's load event. Please make sure it has an appropriate `as` value and it is preloaded intentionally.
[2025-05-23 21:44:57.814] [warn]  The resource https://discordapp.com/assets/ce3b8055f5114434.woff2 was preloaded using link preload but not used within a few seconds from the window's load event. Please make sure it has an appropriate `as` value and it is preloaded intentionally.
[2025-05-23 21:44:57.814] [warn]  The resource https://discordapp.com/assets/cb2006dbced0e246.woff2 was preloaded using link preload but not used within a few seconds from the window's load event. Please make sure it has an appropriate `as` value and it is preloaded intentionally.
[2025-05-23 21:45:04.855] [info]  [RTCControlSocket(default)] Sending heartbeat with last received sequence number: 12
[2025-05-23 21:45:05.054] [info]  [RTCControlSocket(default)] Heartbeat ACK received
[2025-05-23 21:45:19.495] [info]  [RTCControlSocket(default)] Sending heartbeat with last received sequence number: 12
[2025-05-23 21:45:19.835] [info]  [RTCControlSocket(default)] Heartbeat ACK received
[2025-05-23 21:45:33.245] [info]  [RTCControlSocket(default)] Sending heartbeat with last received sequence number: 13
[2025-05-23 21:45:33.504] [info]  [RTCControlSocket(default)] Heartbeat ACK received
[2025-05-23 21:45:34.076] [warn]  The resource https://discordapp.com/assets/189422196a4f8b53.woff2 was preloaded using link preload but not used within a few seconds from the window's load event. Please make sure it has an appropriate `as` value and it is preloaded intentionally.
[2025-05-23 21:45:34.077] [warn]  The resource https://discordapp.com/assets/dd24010f3cf7def7.woff2 was preloaded using link preload but not used within a few seconds from the window's load event. Please make sure it has an appropriate `as` value and it is preloaded intentionally.
[2025-05-23 21:45:34.078] [warn]  The resource https://discordapp.com/assets/7a6a566c2e88a35d.woff2 was preloaded using link preload but not used within a few seconds from the window's load event. Please make sure it has an appropriate `as` value and it is preloaded intentionally.
[2025-05-23 21:45:34.078] [warn]  The resource https://discordapp.com/assets/e52f0cba712e2fb4.woff2 was preloaded using link preload but not used within a few seconds from the window's load event. Please make sure it has an appropriate `as` value and it is preloaded intentionally.
[2025-05-23 21:45:34.078] [warn]  The resource https://discordapp.com/assets/ce3b8055f5114434.woff2 was preloaded using link preload but not used within a few seconds from the window's load event. Please make sure it has an appropriate `as` value and it is preloaded intentionally.
[2025-05-23 21:45:34.078] [warn]  The resource https://discordapp.com/assets/cb2006dbced0e246.woff2 was preloaded using link preload but not used within a few seconds from the window's load event. Please make sure it has an appropriate `as` value and it is preloaded intentionally.
[2025-05-23 21:45:46.995] [info]  [RTCControlSocket(default)] Sending heartbeat with last received sequence number: 13
[2025-05-23 21:45:47.193] [info]  [RTCControlSocket(default)] Heartbeat ACK received
[2025-05-23 21:45:53.655] [warn]  The resource https://discordapp.com/assets/189422196a4f8b53.woff2 was preloaded using link preload but not used within a few seconds from the window's load event. Please make sure it has an appropriate `as` value and it is preloaded intentionally.
[2025-05-23 21:45:53.656] [warn]  The resource https://discordapp.com/assets/dd24010f3cf7def7.woff2 was preloaded using link preload but not used within a few seconds from the window's load event. Please make sure it has an appropriate `as` value and it is preloaded intentionally.
[2025-05-23 21:45:53.657] [warn]  The resource https://discordapp.com/assets/7a6a566c2e88a35d.woff2 was preloaded using link preload but not used within a few seconds from the window's load event. Please make sure it has an appropriate `as` value and it is preloaded intentionally.
[2025-05-23 21:45:53.657] [warn]  The resource https://discordapp.com/assets/e52f0cba712e2fb4.woff2 was preloaded using link preload but not used within a few seconds from the window's load event. Please make sure it has an appropriate `as` value and it is preloaded intentionally.
[2025-05-23 21:45:53.657] [warn]  The resource https://discordapp.com/assets/ce3b8055f5114434.woff2 was preloaded using link preload but not used within a few seconds from the window's load event. Please make sure it has an appropriate `as` value and it is preloaded intentionally.
[2025-05-23 21:45:53.657] [warn]  The resource https://discordapp.com/assets/cb2006dbced0e246.woff2 was preloaded using link preload but not used within a few seconds from the window's load event. Please make sure it has an appropriate `as` value and it is preloaded intentionally.
[2025-05-23 21:45:58.336] [warn]  The resource https://discordapp.com/assets/189422196a4f8b53.woff2 was preloaded using link preload but not used within a few seconds from the window's load event. Please make sure it has an appropriate `as` value and it is preloaded intentionally.
[2025-05-23 21:45:58.337] [warn]  The resource https://discordapp.com/assets/dd24010f3cf7def7.woff2 was preloaded using link preload but not used within a few seconds from the window's load event. Please make sure it has an appropriate `as` value and it is preloaded intentionally.
[2025-05-23 21:45:58.337] [warn]  The resource https://discordapp.com/assets/7a6a566c2e88a35d.woff2 was preloaded using link preload but not used within a few seconds from the window's load event. Please make sure it has an appropriate `as` value and it is preloaded intentionally.
[2025-05-23 21:45:58.338] [warn]  The resource https://discordapp.com/assets/e52f0cba712e2fb4.woff2 was preloaded using link preload but not used within a few seconds from the window's load event. Please make sure it has an appropriate `as` value and it is preloaded intentionally.
[2025-05-23 21:45:58.338] [warn]  The resource https://discordapp.com/assets/ce3b8055f5114434.woff2 was preloaded using link preload but not used within a few seconds from the window's load event. Please make sure it has an appropriate `as` value and it is preloaded intentionally.
[2025-05-23 21:45:58.338] [warn]  The resource https://discordapp.com/assets/cb2006dbced0e246.woff2 was preloaded using link preload but not used within a few seconds from the window's load event. Please make sure it has an appropriate `as` value and it is preloaded intentionally.
[2025-05-23 21:46:00.745] [info]  [RTCControlSocket(default)] Sending heartbeat with last received sequence number: 13
[2025-05-23 21:46:00.972] [info]  [RTCControlSocket(default)] Heartbeat ACK received
[2025-05-23 21:46:14.495] [info]  [RTCControlSocket(default)] Sending heartbeat with last received sequence number: 13
[2025-05-23 21:46:14.739] [info]  [RTCControlSocket(default)] Heartbeat ACK received
[2025-05-23 21:46:28.245] [info]  [RTCControlSocket(default)] Sending heartbeat with last received sequence number: 13
[2025-05-23 21:46:28.543] [info]  [RTCControlSocket(default)] Heartbeat ACK received
[2025-05-23 21:46:41.995] [info]  [RTCControlSocket(default)] Sending heartbeat with last received sequence number: 13
[2025-05-23 21:46:42.235] [info]  [RTCControlSocket(default)] Heartbeat ACK received
[2025-05-23 21:46:55.745] [info]  [RTCControlSocket(default)] Sending heartbeat with last received sequence number: 13
[2025-05-23 21:46:56.318] [info]  [RTCControlSocket(default)] Heartbeat ACK received
[2025-05-23 21:46:58.998] [info]  [RTCConnection(478925420616482816, default)] Destroy RTCConnection
[2025-05-23 21:46:58.998] [info]  [RTCControlSocket(default)] CLOSE
[2025-05-23 21:46:58.999] [info]  [RTCConnection(478925420616482816, default)] Disconnected from RTC server, clean: true, code: 1000, reason: Force Close, state: RTC_CONNECTED
[2025-05-23 21:46:59.003] [info]  [Connection(default)] Connection state change: CONNECTED => DISCONNECTED
[2025-05-23 21:46:59.004] [info]  [RTCConnection(478925420616482816, default)] RTC media connection state change: RTC_CONNECTED => DISCONNECTED
[2025-05-23 21:46:59.004] [info]  [RTCConnection(478925420616482816, default)] RTC connection state: RTC_CONNECTED => RTC_DISCONNECTED
[2025-05-23 21:46:59.005] [info]  [Connection(default)] Connection state change: DISCONNECTED => DISCONNECTED
[2025-05-23 21:46:59.005] [info]  [RTCConnection(478925420616482816, default)] RTC media connection state change: RTC_DISCONNECTED => DISCONNECTED
[2025-05-23 21:46:59.005] [info]  [RTCConnection(478925420616482816, default)] RTC connection state: RTC_DISCONNECTED => RTC_DISCONNECTED
[2025-05-23 21:46:59.005] [info]  [RTCConnection(478925420616482816, default)] RTC connection state: RTC_DISCONNECTED => DISCONNECTED
[2025-05-23 21:46:59.032] [warn]  [RTCConnection(478925420616482816, default)] Error: codec survey is not available
[2025-05-23 21:47:00.145] [error] ResizeObserver loop completed with undelivered notifications.
[2025-05-23 21:47:03.873] [warn]  The resource https://discordapp.com/assets/189422196a4f8b53.woff2 was preloaded using link preload but not used within a few seconds from the window's load event. Please make sure it has an appropriate `as` value and it is preloaded intentionally.
[2025-05-23 21:47:03.874] [warn]  The resource https://discordapp.com/assets/dd24010f3cf7def7.woff2 was preloaded using link preload but not used within a few seconds from the window's load event. Please make sure it has an appropriate `as` value and it is preloaded intentionally.
[2025-05-23 21:47:03.874] [warn]  The resource https://discordapp.com/assets/7a6a566c2e88a35d.woff2 was preloaded using link preload but not used within a few seconds from the window's load event. Please make sure it has an appropriate `as` value and it is preloaded intentionally.
[2025-05-23 21:47:03.874] [warn]  The resource https://discordapp.com/assets/e52f0cba712e2fb4.woff2 was preloaded using link preload but not used within a few seconds from the window's load event. Please make sure it has an appropriate `as` value and it is preloaded intentionally.
[2025-05-23 21:47:03.874] [warn]  The resource https://discordapp.com/assets/ce3b8055f5114434.woff2 was preloaded using link preload but not used within a few seconds from the window's load event. Please make sure it has an appropriate `as` value and it is preloaded intentionally.
[2025-05-23 21:47:03.874] [warn]  The resource https://discordapp.com/assets/cb2006dbced0e246.woff2 was preloaded using link preload but not used within a few seconds from the window's load event. Please make sure it has an appropriate `as` value and it is preloaded intentionally.
[2025-05-23 21:47:04.322] [info]  [Routing/Utils] transitionTo - Transitioning to /channels/741237973663612969/741237974108340226
[2025-05-23 21:47:13.344] [warn]  The resource https://discordapp.com/assets/189422196a4f8b53.woff2 was preloaded using link preload but not used within a few seconds from the window's load event. Please make sure it has an appropriate `as` value and it is preloaded intentionally.
[2025-05-23 21:47:13.344] [warn]  The resource https://discordapp.com/assets/dd24010f3cf7def7.woff2 was preloaded using link preload but not used within a few seconds from the window's load event. Please make sure it has an appropriate `as` value and it is preloaded intentionally.
[2025-05-23 21:47:13.345] [warn]  The resource https://discordapp.com/assets/7a6a566c2e88a35d.woff2 was preloaded using link preload but not used within a few seconds from the window's load event. Please make sure it has an appropriate `as` value and it is preloaded intentionally.
[2025-05-23 21:47:13.345] [warn]  The resource https://discordapp.com/assets/e52f0cba712e2fb4.woff2 was preloaded using link preload but not used within a few seconds from the window's load event. Please make sure it has an appropriate `as` value and it is preloaded intentionally.
[2025-05-23 21:47:13.345] [warn]  The resource https://discordapp.com/assets/ce3b8055f5114434.woff2 was preloaded using link preload but not used within a few seconds from the window's load event. Please make sure it has an appropriate `as` value and it is preloaded intentionally.
[2025-05-23 21:47:13.346] [warn]  The resource https://discordapp.com/assets/cb2006dbced0e246.woff2 was preloaded using link preload but not used within a few seconds from the window's load event. Please make sure it has an appropriate `as` value and it is preloaded intentionally.
[2025-05-23 21:48:04.957] [warn]  [GatewaySocket] [ACK TIMEOUT] reconnecting in 1.11 seconds.
[2025-05-23 21:48:06.064] [info]  [GatewaySocket] [CONNECT] wss://gateway.discord.gg, encoding: etf, version: 9, compression: zstd-stream
[2025-05-23 21:48:06.071] [info]  [GatewaySocket] [WS CLOSED] (false, 0, An error with the websocket occurred) retrying in 2.00 seconds.
[2025-05-23 21:48:08.074] [info]  [GatewaySocket] [CONNECT] wss://gateway.discord.gg, encoding: etf, version: 9, compression: zstd-stream
[2025-05-23 21:48:08.080] [info]  [GatewaySocket] [WS CLOSED] (false, 0, An error with the websocket occurred) retrying in 2.96 seconds.
[2025-05-23 21:48:11.045] [info]  [GatewaySocket] [CONNECT] wss://gateway.discord.gg, encoding: etf, version: 9, compression: zstd-stream
[2025-05-23 21:48:11.050] [info]  [GatewaySocket] [WS CLOSED] (false, 0, An error with the websocket occurred) retrying in 6.72 seconds.
[2025-05-23 21:48:17.766] [info]  [GatewaySocket] [CONNECT] wss://gateway.discord.gg, encoding: etf, version: 9, compression: zstd-stream
[2025-05-23 21:48:17.772] [info]  [GatewaySocket] [WS CLOSED] (false, 0, An error with the websocket occurred) retrying in 14.50 seconds.
[2025-05-23 21:48:17.772] [warn]  [GatewaySocket] [RESET] (false, 0, An error with the websocket occurred)
[2025-05-23 21:48:17.772] [info]  [Flux] Dispatching CONNECTION_CLOSED
[2025-05-23 21:48:17.776] [info]  [discord_protos.discord_users.v1.FrecencyUserSettings] Scheduling save from markDirty
[2025-05-23 21:48:17.781] [info]  [OverlayBridgeStore] updateIntendedOverlayPIDs undefined
[2025-05-23 21:48:17.781] [info]  [discord_protos.discord_users.v1.FrecencyUserSettings] Persisting proto
[2025-05-23 21:48:17.789] [info]  [discord_protos.discord_users.v1.FrecencyUserSettings] Unknown user settings error
[2025-05-23 21:48:17.797] [error] Uncaught (in promise) Error: Request has been terminated
Possible causes: the network is offline, Origin is not allowed by Access-Control-Allow-Origin, the page is being unloaded, etc.
[2025-05-23 21:48:20.806] [warn]  The resource https://discordapp.com/assets/189422196a4f8b53.woff2 was preloaded using link preload but not used within a few seconds from the window's load event. Please make sure it has an appropriate `as` value and it is preloaded intentionally.
[2025-05-23 21:48:20.807] [warn]  The resource https://discordapp.com/assets/dd24010f3cf7def7.woff2 was preloaded using link preload but not used within a few seconds from the window's load event. Please make sure it has an appropriate `as` value and it is preloaded intentionally.
[2025-05-23 21:48:20.808] [warn]  The resource https://discordapp.com/assets/7a6a566c2e88a35d.woff2 was preloaded using link preload but not used within a few seconds from the window's load event. Please make sure it has an appropriate `as` value and it is preloaded intentionally.
[2025-05-23 21:48:20.808] [warn]  The resource https://discordapp.com/assets/e52f0cba712e2fb4.woff2 was preloaded using link preload but not used within a few seconds from the window's load event. Please make sure it has an appropriate `as` value and it is preloaded intentionally.
[2025-05-23 21:48:20.809] [warn]  The resource https://discordapp.com/assets/ce3b8055f5114434.woff2 was preloaded using link preload but not used within a few seconds from the window's load event. Please make sure it has an appropriate `as` value and it is preloaded intentionally.
[2025-05-23 21:48:20.809] [warn]  The resource https://discordapp.com/assets/cb2006dbced0e246.woff2 was preloaded using link preload but not used within a few seconds from the window's load event. Please make sure it has an appropriate `as` value and it is preloaded intentionally.
[2025-05-23 21:48:27.797] [error] Uncaught (in promise) Error: Request has been terminated
Possible causes: the network is offline, Origin is not allowed by Access-Control-Allow-Origin, the page is being unloaded, etc.
[2025-05-23 21:48:30.796] [warn]  The resource https://discordapp.com/assets/189422196a4f8b53.woff2 was preloaded using link preload but not used within a few seconds from the window's load event. Please make sure it has an appropriate `as` value and it is preloaded intentionally.
[2025-05-23 21:48:30.797] [warn]  The resource https://discordapp.com/assets/dd24010f3cf7def7.woff2 was preloaded using link preload but not used within a few seconds from the window's load event. Please make sure it has an appropriate `as` value and it is preloaded intentionally.
[2025-05-23 21:48:30.797] [warn]  The resource https://discordapp.com/assets/7a6a566c2e88a35d.woff2 was preloaded using link preload but not used within a few seconds from the window's load event. Please make sure it has an appropriate `as` value and it is preloaded intentionally.
[2025-05-23 21:48:30.797] [warn]  The resource https://discordapp.com/assets/e52f0cba712e2fb4.woff2 was preloaded using link preload but not used within a few seconds from the window's load event. Please make sure it has an appropriate `as` value and it is preloaded intentionally.
[2025-05-23 21:48:30.798] [warn]  The resource https://discordapp.com/assets/ce3b8055f5114434.woff2 was preloaded using link preload but not used within a few seconds from the window's load event. Please make sure it has an appropriate `as` value and it is preloaded intentionally.
[2025-05-23 21:48:30.798] [warn]  The resource https://discordapp.com/assets/cb2006dbced0e246.woff2 was preloaded using link preload but not used within a few seconds from the window's load event. Please make sure it has an appropriate `as` value and it is preloaded intentionally.
[2025-05-23 21:48:32.273] [info]  [GatewaySocket] [CONNECT] wss://gateway.discord.gg, encoding: etf, version: 9, compression: zstd-stream
[2025-05-23 21:48:32.281] [info]  [GatewaySocket] [WS CLOSED] (false, 0, An error with the websocket occurred) retrying in 35.32 seconds.
[2025-05-23 21:48:32.282] [warn]  [GatewaySocket] [RESET] (false, 0, An error with the websocket occurred)
[2025-05-23 21:48:32.282] [info]  [Flux] Dispatching CONNECTION_CLOSED
[2025-05-23 21:48:32.284] [info]  [discord_protos.discord_users.v1.FrecencyUserSettings] Scheduling save from markDirty
[2025-05-23 21:48:32.302] [info]  [OverlayBridgeStore] updateIntendedOverlayPIDs undefined
[2025-05-23 21:48:32.303] [info]  [discord_protos.discord_users.v1.FrecencyUserSettings] Persisting proto
[2025-05-23 21:48:32.309] [info]  [discord_protos.discord_users.v1.FrecencyUserSettings] Unknown user settings error
[2025-05-23 21:48:32.310] [error] Uncaught (in promise) Error: Request has been terminated
Possible causes: the network is offline, Origin is not allowed by Access-Control-Allow-Origin, the page is being unloaded, etc.
[2025-05-23 21:48:35.310] [warn]  The resource https://discordapp.com/assets/189422196a4f8b53.woff2 was preloaded using link preload but not used within a few seconds from the window's load event. Please make sure it has an appropriate `as` value and it is preloaded intentionally.
[2025-05-23 21:48:35.311] [warn]  The resource https://discordapp.com/assets/dd24010f3cf7def7.woff2 was preloaded using link preload but not used within a few seconds from the window's load event. Please make sure it has an appropriate `as` value and it is preloaded intentionally.
[2025-05-23 21:48:35.312] [warn]  The resource https://discordapp.com/assets/7a6a566c2e88a35d.woff2 was preloaded using link preload but not used within a few seconds from the window's load event. Please make sure it has an appropriate `as` value and it is preloaded intentionally.
[2025-05-23 21:48:35.312] [warn]  The resource https://discordapp.com/assets/e52f0cba712e2fb4.woff2 was preloaded using link preload but not used within a few seconds from the window's load event. Please make sure it has an appropriate `as` value and it is preloaded intentionally.
[2025-05-23 21:48:35.313] [warn]  The resource https://discordapp.com/assets/ce3b8055f5114434.woff2 was preloaded using link preload but not used within a few seconds from the window's load event. Please make sure it has an appropriate `as` value and it is preloaded intentionally.
[2025-05-23 21:48:35.313] [warn]  The resource https://discordapp.com/assets/cb2006dbced0e246.woff2 was preloaded using link preload but not used within a few seconds from the window's load event. Please make sure it has an appropriate `as` value and it is preloaded intentionally.
[2025-05-23 21:49:07.604] [info]  [GatewaySocket] [CONNECT] wss://gateway.discord.gg, encoding: etf, version: 9, compression: zstd-stream
[2025-05-23 21:49:07.611] [info]  [GatewaySocket] [WS CLOSED] (false, 0, An error with the websocket occurred) retrying in 46.65 seconds.
[2025-05-23 21:49:07.612] [warn]  [GatewaySocket] [RESET] (false, 0, An error with the websocket occurred)
[2025-05-23 21:49:07.612] [info]  [Flux] Dispatching CONNECTION_CLOSED
[2025-05-23 21:49:07.613] [info]  [discord_protos.discord_users.v1.FrecencyUserSettings] Scheduling save from markDirty
[2025-05-23 21:49:07.628] [info]  [OverlayBridgeStore] updateIntendedOverlayPIDs undefined
[2025-05-23 21:49:07.628] [info]  [discord_protos.discord_users.v1.FrecencyUserSettings] Persisting proto
[2025-05-23 21:49:07.631] [info]  [discord_protos.discord_users.v1.FrecencyUserSettings] Unknown user settings error
[2025-05-23 21:49:07.632] [error] Uncaught (in promise) Error: Request has been terminated
Possible causes: the network is offline, Origin is not allowed by Access-Control-Allow-Origin, the page is being unloaded, etc.
[2025-05-23 21:49:10.632] [warn]  The resource https://discordapp.com/assets/189422196a4f8b53.woff2 was preloaded using link preload but not used within a few seconds from the window's load event. Please make sure it has an appropriate `as` value and it is preloaded intentionally.
[2025-05-23 21:49:10.633] [warn]  The resource https://discordapp.com/assets/dd24010f3cf7def7.woff2 was preloaded using link preload but not used within a few seconds from the window's load event. Please make sure it has an appropriate `as` value and it is preloaded intentionally.
[2025-05-23 21:49:10.633] [warn]  The resource https://discordapp.com/assets/7a6a566c2e88a35d.woff2 was preloaded using link preload but not used within a few seconds from the window's load event. Please make sure it has an appropriate `as` value and it is preloaded intentionally.
[2025-05-23 21:49:10.634] [warn]  The resource https://discordapp.com/assets/e52f0cba712e2fb4.woff2 was preloaded using link preload but not used within a few seconds from the window's load event. Please make sure it has an appropriate `as` value and it is preloaded intentionally.
[2025-05-23 21:49:10.634] [warn]  The resource https://discordapp.com/assets/ce3b8055f5114434.woff2 was preloaded using link preload but not used within a few seconds from the window's load event. Please make sure it has an appropriate `as` value and it is preloaded intentionally.
[2025-05-23 21:49:10.634] [warn]  The resource https://discordapp.com/assets/cb2006dbced0e246.woff2 was preloaded using link preload but not used within a few seconds from the window's load event. Please make sure it has an appropriate `as` value and it is preloaded intentionally.
[2025-05-23 21:49:54.266] [info]  [GatewaySocket] [CONNECT] wss://gateway.discord.gg, encoding: etf, version: 9, compression: zstd-stream
[2025-05-23 21:49:54.279] [info]  [GatewaySocket] [WS CLOSED] (false, 0, An error with the websocket occurred) retrying in 60.00 seconds.
[2025-05-23 21:49:54.280] [warn]  [GatewaySocket] [RESET] (false, 0, An error with the websocket occurred)
[2025-05-23 21:49:54.280] [info]  [Flux] Dispatching CONNECTION_CLOSED
[2025-05-23 21:49:54.282] [info]  [discord_protos.discord_users.v1.FrecencyUserSettings] Scheduling save from markDirty
[2025-05-23 21:49:54.294] [info]  [OverlayBridgeStore] updateIntendedOverlayPIDs undefined
[2025-05-23 21:49:54.295] [info]  [discord_protos.discord_users.v1.FrecencyUserSettings] Persisting proto
[2025-05-23 21:49:54.300] [info]  [discord_protos.discord_users.v1.FrecencyUserSettings] Unknown user settings error
[2025-05-23 21:49:54.300] [error] Uncaught (in promise) Error: Request has been terminated
Possible causes: the network is offline, Origin is not allowed by Access-Control-Allow-Origin, the page is being unloaded, etc.
[2025-05-23 21:49:57.300] [warn]  The resource https://discordapp.com/assets/189422196a4f8b53.woff2 was preloaded using link preload but not used within a few seconds from the window's load event. Please make sure it has an appropriate `as` value and it is preloaded intentionally.
[2025-05-23 21:49:57.301] [warn]  The resource https://discordapp.com/assets/dd24010f3cf7def7.woff2 was preloaded using link preload but not used within a few seconds from the window's load event. Please make sure it has an appropriate `as` value and it is preloaded intentionally.
[2025-05-23 21:49:57.301] [warn]  The resource https://discordapp.com/assets/7a6a566c2e88a35d.woff2 was preloaded using link preload but not used within a few seconds from the window's load event. Please make sure it has an appropriate `as` value and it is preloaded intentionally.
[2025-05-23 21:49:57.302] [warn]  The resource https://discordapp.com/assets/e52f0cba712e2fb4.woff2 was preloaded using link preload but not used within a few seconds from the window's load event. Please make sure it has an appropriate `as` value and it is preloaded intentionally.
[2025-05-23 21:49:57.302] [warn]  The resource https://discordapp.com/assets/ce3b8055f5114434.woff2 was preloaded using link preload but not used within a few seconds from the window's load event. Please make sure it has an appropriate `as` value and it is preloaded intentionally.
[2025-05-23 21:49:57.302] [warn]  The resource https://discordapp.com/assets/cb2006dbced0e246.woff2 was preloaded using link preload but not used within a few seconds from the window's load event. Please make sure it has an appropriate `as` value and it is preloaded intentionally.
[2025-05-23 21:50:54.279] [info]  [GatewaySocket] [CONNECT] wss://gateway.discord.gg, encoding: etf, version: 9, compression: zstd-stream
[2025-05-23 21:50:54.284] [info]  [GatewaySocket] [WS CLOSED] (false, 0, An error with the websocket occurred) retrying in 60.00 seconds.
[2025-05-23 21:50:54.284] [warn]  [GatewaySocket] [RESET] (false, 0, An error with the websocket occurred)
[2025-05-23 21:50:54.285] [info]  [Flux] Dispatching CONNECTION_CLOSED
[2025-05-23 21:50:54.285] [info]  [discord_protos.discord_users.v1.FrecencyUserSettings] Scheduling save from markDirty
[2025-05-23 21:50:54.300] [info]  [OverlayBridgeStore] updateIntendedOverlayPIDs undefined
[2025-05-23 21:50:54.301] [info]  [discord_protos.discord_users.v1.FrecencyUserSettings] Persisting proto
[2025-05-23 21:50:54.306] [info]  [discord_protos.discord_users.v1.FrecencyUserSettings] Unknown user settings error
[2025-05-23 21:50:54.307] [error] Uncaught (in promise) Error: Request has been terminated
Possible causes: the network is offline, Origin is not allowed by Access-Control-Allow-Origin, the page is being unloaded, etc.
[2025-05-23 21:50:57.307] [warn]  The resource https://discordapp.com/assets/189422196a4f8b53.woff2 was preloaded using link preload but not used within a few seconds from the window's load event. Please make sure it has an appropriate `as` value and it is preloaded intentionally.
[2025-05-23 21:50:57.308] [warn]  The resource https://discordapp.com/assets/dd24010f3cf7def7.woff2 was preloaded using link preload but not used within a few seconds from the window's load event. Please make sure it has an appropriate `as` value and it is preloaded intentionally.
[2025-05-23 21:50:57.308] [warn]  The resource https://discordapp.com/assets/7a6a566c2e88a35d.woff2 was preloaded using link preload but not used within a few seconds from the window's load event. Please make sure it has an appropriate `as` value and it is preloaded intentionally.
[2025-05-23 21:50:57.308] [warn]  The resource https://discordapp.com/assets/e52f0cba712e2fb4.woff2 was preloaded using link preload but not used within a few seconds from the window's load event. Please make sure it has an appropriate `as` value and it is preloaded intentionally.
[2025-05-23 21:50:57.309] [warn]  The resource https://discordapp.com/assets/ce3b8055f5114434.woff2 was preloaded using link preload but not used within a few seconds from the window's load event. Please make sure it has an appropriate `as` value and it is preloaded intentionally.
[2025-05-23 21:50:57.309] [warn]  The resource https://discordapp.com/assets/cb2006dbced0e246.woff2 was preloaded using link preload but not used within a few seconds from the window's load event. Please make sure it has an appropriate `as` value and it is preloaded intentionally.
[2025-05-23 21:51:47.976] [info]  DiscordSplash.signalReady
[2025-05-23 21:51:48.110] [info]  Slow network is detected. See https://www.chromestatus.com/feature/5636954674692096 for more details. Fallback font will be used while loading: file:///opt/discord/resources/app.asar/app_bootstrap/splash/bf3d19297ef12291559b3edae977480c.woff2
[2025-05-23 21:51:48.115] [info]  DiscordSplash.onStateUpdate: {"status":"checking-for-updates"}
[2025-05-23 21:51:48.116] [info]  Splash.onStateUpdate: {"status":"checking-for-updates"}
[2025-05-23 21:51:48.122] [info]  DiscordSplash.onStateUpdate: {"status":"update-failure","seconds":10}
[2025-05-23 21:51:48.122] [info]  Splash.onStateUpdate: {"status":"update-failure","seconds":10}
[2025-05-23 21:51:48.976] [info]  Splash.updateCountdownSeconds: 10
[2025-05-23 21:51:49.976] [info]  Splash.updateCountdownSeconds: 9
[2025-05-23 21:51:50.976] [info]  Splash.updateCountdownSeconds: 8
[2025-05-23 21:51:51.976] [info]  Splash.updateCountdownSeconds: 7
[2025-05-23 21:51:52.976] [info]  Splash.updateCountdownSeconds: 6
[2025-05-23 21:51:53.976] [info]  Splash.updateCountdownSeconds: 5
[2025-05-23 21:51:54.976] [info]  Splash.updateCountdownSeconds: 4
[2025-05-23 21:51:55.976] [info]  Splash.updateCountdownSeconds: 3
[2025-05-23 21:51:56.976] [info]  Splash.updateCountdownSeconds: 2
[2025-05-23 21:51:57.976] [info]  Splash.updateCountdownSeconds: 1
[2025-05-23 21:51:58.000] [info]  DiscordSplash.onStateUpdate: {"status":"checking-for-updates","seconds":10}
[2025-05-23 21:51:58.002] [info]  Splash.onStateUpdate: {"status":"checking-for-updates","seconds":10}
[2025-05-23 21:51:58.015] [info]  DiscordSplash.onStateUpdate: {"status":"update-failure","seconds":20}
[2025-05-23 21:51:58.016] [info]  Splash.onStateUpdate: {"status":"update-failure","seconds":20}
[2025-05-23 21:51:58.976] [info]  Splash.updateCountdownSeconds: 20
[2025-05-23 21:51:59.976] [info]  Splash.updateCountdownSeconds: 19
[2025-05-23 21:52:00.976] [info]  Splash.updateCountdownSeconds: 18
[2025-05-23 21:52:01.976] [info]  Splash.updateCountdownSeconds: 17
[2025-05-23 21:52:02.976] [info]  Splash.updateCountdownSeconds: 16
[2025-05-23 21:52:03.976] [info]  Splash.updateCountdownSeconds: 15
[2025-05-23 21:52:04.976] [info]  Splash.updateCountdownSeconds: 14
[2025-05-23 21:52:05.976] [info]  Splash.updateCountdownSeconds: 13
[2025-05-23 21:54:15.834] [info]  DiscordSplash.signalReady
[2025-05-23 21:54:15.867] [info]  Slow network is detected. See https://www.chromestatus.com/feature/5636954674692096 for more details. Fallback font will be used while loading: file:///opt/discord/resources/app.asar/app_bootstrap/splash/bf3d19297ef12291559b3edae977480c.woff2
[2025-05-23 21:54:15.871] [info]  DiscordSplash.onStateUpdate: {"status":"checking-for-updates"}
[2025-05-23 21:54:15.871] [info]  Splash.onStateUpdate: {"status":"checking-for-updates"}
[2025-05-23 21:54:16.817] [info]  DiscordSplash.onStateUpdate: {"status":"launching"}
[2025-05-23 21:54:16.818] [info]  Splash.onStateUpdate: {"status":"launching"}
[2025-05-23 21:54:16.834] [info]  Splash.updateCountdownSeconds: undefined
[2025-05-23 21:54:17.834] [info]  Splash.updateCountdownSeconds: undefined
[2025-05-23 21:54:18.834] [info]  Splash.updateCountdownSeconds: undefined
[2025-05-23 21:54:19.834] [info]  Splash.updateCountdownSeconds: undefined
[2025-05-23 21:54:20.834] [info]  Splash.updateCountdownSeconds: undefined
[2025-05-23 21:54:21.460] [info]  [FAST CONNECT] wss://gateway.discord.gg/?encoding=etf&v=9&compress=zstd-stream, encoding: etf, version: 9
[2025-05-23 21:54:21.571] [info]  [libdiscore] [experiment_manager] Loaded experiments from cache
[2025-05-23 21:54:21.660] [info]  Initializing voice engine with audio subsystem: standard
[2025-05-23 21:54:21.757] [info]  [default] [BUILD INFO] Release Channel: stable, Build Number: 402402, Version Hash: 98c518e4146d719b8e00f87d48de475f8a75557c
[2025-05-23 21:54:21.814] [info]  [NoteStore] libdiscore enabled: false
[2025-05-23 21:54:21.817] [info]  [default] [NATIVE INFO] host 0.0.95, modules: discord_desktop_core: 1, discord_erlpack: 1, discord_spellcheck: 1, discord_utils: 1, discord_voice: 1, discord_zstd: 1, discord_krisp: 1, discord_game_utils: 1, discord_rpc: 1, build: null
[2025-05-23 21:54:21.818] [info]  [libdiscore] The answer for life the universe and everything is: 42
[2025-05-23 21:54:22.324] [error] [Spellchecker] sh is not a valid locale.
[2025-05-23 21:54:22.333] [info]  Slow network is detected. See https://www.chromestatus.com/feature/5636954674692096 for more details. Fallback font will be used while loading: https://discordapp.com/assets/66d715454104d24e.woff2
[2025-05-23 21:54:22.345] [info]  [Spellchecker] Switching to en-US (available)
[2025-05-23 21:54:22.481] [warn]  [CloudSyncUtils] CloudSync is not supported on this platform
[2025-05-23 21:54:22.538] [info]  [RPCServer:WSS] Starting on 6463
[2025-05-23 21:54:22.541] [info]  [RPCServer:IPC] Starting on /run/user/1000/discord-ipc-0
[2025-05-23 21:54:22.682] [info]  [GatewaySocket] [CONNECT] wss://gateway.discord.gg, encoding: etf, version: 9, compression: zstd-stream
[2025-05-23 21:54:22.682] [info]  [GatewaySocket] [FAST CONNECT] successfully took over websocket, state: [object Object]
[2025-05-23 21:54:22.690] [info]  Slow network is detected. See https://www.chromestatus.com/feature/5636954674692096 for more details. Fallback font will be used while loading: https://discordapp.com/assets/2df2c3ff74408972.woff2
[2025-05-23 21:54:22.690] [info]  Slow network is detected. See https://www.chromestatus.com/feature/5636954674692096 for more details. Fallback font will be used while loading: https://discordapp.com/assets/b272b33815319bae.woff2
[2025-05-23 21:54:23.330] [info]  [GatewaySocket] [CONNECTED] wss://gateway.discord.gg/?encoding=etf&v=9&compress=zstd-stream in 649 ms
[2025-05-23 21:54:25.736] [warn]  The resource https://discordapp.com/assets/189422196a4f8b53.woff2 was preloaded using link preload but not used within a few seconds from the window's load event. Please make sure it has an appropriate `as` value and it is preloaded intentionally.
[2025-05-23 21:54:25.737] [warn]  The resource https://discordapp.com/assets/dd24010f3cf7def7.woff2 was preloaded using link preload but not used within a few seconds from the window's load event. Please make sure it has an appropriate `as` value and it is preloaded intentionally.
[2025-05-23 21:54:25.737] [warn]  The resource https://discordapp.com/assets/7a6a566c2e88a35d.woff2 was preloaded using link preload but not used within a few seconds from the window's load event. Please make sure it has an appropriate `as` value and it is preloaded intentionally.
[2025-05-23 21:54:25.737] [warn]  The resource https://discordapp.com/assets/e52f0cba712e2fb4.woff2 was preloaded using link preload but not used within a few seconds from the window's load event. Please make sure it has an appropriate `as` value and it is preloaded intentionally.
[2025-05-23 21:54:25.737] [warn]  The resource https://discordapp.com/assets/ce3b8055f5114434.woff2 was preloaded using link preload but not used within a few seconds from the window's load event. Please make sure it has an appropriate `as` value and it is preloaded intentionally.
[2025-05-23 21:54:25.737] [warn]  The resource https://discordapp.com/assets/cb2006dbced0e246.woff2 was preloaded using link preload but not used within a few seconds from the window's load event. Please make sure it has an appropriate `as` value and it is preloaded intentionally.
[2025-05-23 21:54:25.968] [info]  [GatewaySocket] [READY] took 3286ms, as dca8748dd61e1b2359480d62e59df00a
[2025-05-23 21:54:25.984] [info]  [Flux] Dispatching CONNECTION_OPEN
[2025-05-23 21:54:25.986] [info]  [DatabaseManager] removing database (user: 459735510655696896, database: undefined)
[2025-05-23 21:54:25.992] [warn]  [NativeDispatchUtils] Tried getting Dispatch instance before instantiated
[2025-05-23 21:54:26.007] [info]  [discord_protos.discord_users.v1.FrecencyUserSettings] Scheduling save from offline edit
[2025-05-23 21:54:26.008] [info]  [MessageActionCreators] Fetching messages for 741237974108340226 between undefined and undefined. jump={"jumpType":"ANIMATED"}
[2025-05-23 21:54:26.087] [info]  Slow network is detected. See https://www.chromestatus.com/feature/5636954674692096 for more details. Fallback font will be used while loading: https://discordapp.com/assets/189422196a4f8b53.woff2
[2025-05-23 21:54:26.133] [info]  Slow network is detected. See https://www.chromestatus.com/feature/5636954674692096 for more details. Fallback font will be used while loading: https://discordapp.com/assets/a4a3d323feb11add.woff2
[2025-05-23 21:54:26.164] [info]  [GatewaySocket] [READY_SUPPLEMENTAL] took 3483ms
[2025-05-23 21:54:28.458] [info]  [MessageActionCreators] Fetched 50 messages for 741237974108340226 isBefore:false isAfter:false
[2025-05-23 21:54:28.463] [info]  [ChannelMessages] loadComplete: resetting state for channelId=741237974108340226, sending.length=0
[2025-05-23 21:54:34.217] [info]  [discord_protos.discord_users.v1.FrecencyUserSettings] Persisting proto
[2025-05-23 21:54:35.796] [error] Access to XMLHttpRequest at 'https://cdn.discordapp.com/changelogs/config_0.json?x=10' from origin 'https://discordapp.com' has been blocked by CORS policy: No 'Access-Control-Allow-Origin' header is present on the requested resource.
[2025-05-23 21:54:35.801] [error] Uncaught (in promise) Error: Request has been terminated
Possible causes: the network is offline, Origin is not allowed by Access-Control-Allow-Origin, the page is being unloaded, etc.
[2025-05-23 21:54:35.999] [info]  [ReadStateStore] Deleting ReadState 1052027989669466213 0 [object Object]
[2025-05-23 21:54:36.099] [info]  [ReadStateStore] Deleting ReadState 1078825324936171592 0 [object Object]
[2025-05-23 21:54:39.216] [info]  [libdiscore] [BlockedDomainsStore] Successfully fetched blocked domains
[2025-05-23 21:54:42.451] [warn]  The resource https://discordapp.com/assets/189422196a4f8b53.woff2 was preloaded using link preload but not used within a few seconds from the window's load event. Please make sure it has an appropriate `as` value and it is preloaded intentionally.
[2025-05-23 21:54:42.451] [warn]  The resource https://discordapp.com/assets/dd24010f3cf7def7.woff2 was preloaded using link preload but not used within a few seconds from the window's load event. Please make sure it has an appropriate `as` value and it is preloaded intentionally.
[2025-05-23 21:54:42.451] [warn]  The resource https://discordapp.com/assets/7a6a566c2e88a35d.woff2 was preloaded using link preload but not used within a few seconds from the window's load event. Please make sure it has an appropriate `as` value and it is preloaded intentionally.
[2025-05-23 21:54:42.451] [warn]  The resource https://discordapp.com/assets/e52f0cba712e2fb4.woff2 was preloaded using link preload but not used within a few seconds from the window's load event. Please make sure it has an appropriate `as` value and it is preloaded intentionally.
[2025-05-23 21:54:42.451] [warn]  The resource https://discordapp.com/assets/ce3b8055f5114434.woff2 was preloaded using link preload but not used within a few seconds from the window's load event. Please make sure it has an appropriate `as` value and it is preloaded intentionally.
[2025-05-23 21:54:42.451] [warn]  The resource https://discordapp.com/assets/cb2006dbced0e246.woff2 was preloaded using link preload but not used within a few seconds from the window's load event. Please make sure it has an appropriate `as` value and it is preloaded intentionally.
[2025-05-23 21:54:47.334] [warn]  The resource https://discordapp.com/assets/189422196a4f8b53.woff2 was preloaded using link preload but not used within a few seconds from the window's load event. Please make sure it has an appropriate `as` value and it is preloaded intentionally.
[2025-05-23 21:54:47.334] [warn]  The resource https://discordapp.com/assets/dd24010f3cf7def7.woff2 was preloaded using link preload but not used within a few seconds from the window's load event. Please make sure it has an appropriate `as` value and it is preloaded intentionally.
[2025-05-23 21:54:47.335] [warn]  The resource https://discordapp.com/assets/7a6a566c2e88a35d.woff2 was preloaded using link preload but not used within a few seconds from the window's load event. Please make sure it has an appropriate `as` value and it is preloaded intentionally.
[2025-05-23 21:54:47.335] [warn]  The resource https://discordapp.com/assets/e52f0cba712e2fb4.woff2 was preloaded using link preload but not used within a few seconds from the window's load event. Please make sure it has an appropriate `as` value and it is preloaded intentionally.
[2025-05-23 21:54:47.335] [warn]  The resource https://discordapp.com/assets/ce3b8055f5114434.woff2 was preloaded using link preload but not used within a few seconds from the window's load event. Please make sure it has an appropriate `as` value and it is preloaded intentionally.
[2025-05-23 21:54:47.335] [warn]  The resource https://discordapp.com/assets/cb2006dbced0e246.woff2 was preloaded using link preload but not used within a few seconds from the window's load event. Please make sure it has an appropriate `as` value and it is preloaded intentionally.
[2025-05-23 21:55:02.032] [warn]  The resource https://discordapp.com/assets/189422196a4f8b53.woff2 was preloaded using link preload but not used within a few seconds from the window's load event. Please make sure it has an appropriate `as` value and it is preloaded intentionally.
[2025-05-23 21:55:02.033] [warn]  The resource https://discordapp.com/assets/dd24010f3cf7def7.woff2 was preloaded using link preload but not used within a few seconds from the window's load event. Please make sure it has an appropriate `as` value and it is preloaded intentionally.
[2025-05-23 21:55:02.034] [warn]  The resource https://discordapp.com/assets/7a6a566c2e88a35d.woff2 was preloaded using link preload but not used within a few seconds from the window's load event. Please make sure it has an appropriate `as` value and it is preloaded intentionally.
[2025-05-23 21:55:02.034] [warn]  The resource https://discordapp.com/assets/e52f0cba712e2fb4.woff2 was preloaded using link preload but not used within a few seconds from the window's load event. Please make sure it has an appropriate `as` value and it is preloaded intentionally.
[2025-05-23 21:55:02.035] [warn]  The resource https://discordapp.com/assets/ce3b8055f5114434.woff2 was preloaded using link preload but not used within a few seconds from the window's load event. Please make sure it has an appropriate `as` value and it is preloaded intentionally.
[2025-05-23 21:55:02.035] [warn]  The resource https://discordapp.com/assets/cb2006dbced0e246.woff2 was preloaded using link preload but not used within a few seconds from the window's load event. Please make sure it has an appropriate `as` value and it is preloaded intentionally.
[2025-05-23 21:55:09.850] [warn]  The resource https://discordapp.com/assets/189422196a4f8b53.woff2 was preloaded using link preload but not used within a few seconds from the window's load event. Please make sure it has an appropriate `as` value and it is preloaded intentionally.
[2025-05-23 21:55:09.851] [warn]  The resource https://discordapp.com/assets/dd24010f3cf7def7.woff2 was preloaded using link preload but not used within a few seconds from the window's load event. Please make sure it has an appropriate `as` value and it is preloaded intentionally.
[2025-05-23 21:55:09.852] [warn]  The resource https://discordapp.com/assets/7a6a566c2e88a35d.woff2 was preloaded using link preload but not used within a few seconds from the window's load event. Please make sure it has an appropriate `as` value and it is preloaded intentionally.
[2025-05-23 21:55:09.852] [warn]  The resource https://discordapp.com/assets/e52f0cba712e2fb4.woff2 was preloaded using link preload but not used within a few seconds from the window's load event. Please make sure it has an appropriate `as` value and it is preloaded intentionally.
[2025-05-23 21:55:09.853] [warn]  The resource https://discordapp.com/assets/ce3b8055f5114434.woff2 was preloaded using link preload but not used within a few seconds from the window's load event. Please make sure it has an appropriate `as` value and it is preloaded intentionally.
[2025-05-23 21:55:09.853] [warn]  The resource https://discordapp.com/assets/cb2006dbced0e246.woff2 was preloaded using link preload but not used within a few seconds from the window's load event. Please make sure it has an appropriate `as` value and it is preloaded intentionally.
[2025-05-23 21:55:29.226] [info]  [Routing/Utils] transitionTo - Transitioning to /channels/741237973663612969/741237974108340226
[2025-05-23 21:55:29.427] [info]  Slow network is detected. See https://www.chromestatus.com/feature/5636954674692096 for more details. Fallback font will be used while loading: https://discordapp.com/assets/dd24010f3cf7def7.woff2
[2025-05-23 21:55:29.428] [info]  Slow network is detected. See https://www.chromestatus.com/feature/5636954674692096 for more details. Fallback font will be used while loading: https://discordapp.com/assets/249d0a057895c668.woff2
[2025-05-23 21:55:29.454] [info]  Slow network is detected. See https://www.chromestatus.com/feature/5636954674692096 for more details. Fallback font will be used while loading: https://discordapp.com/assets/f72b5ce64feb2086.woff2
[2025-05-23 21:55:29.456] [info]  Slow network is detected. See https://www.chromestatus.com/feature/5636954674692096 for more details. Fallback font will be used while loading: https://discordapp.com/assets/cb2006dbced0e246.woff2
[2025-05-23 21:55:29.634] [error] Uncaught (in promise) Error: Request has been terminated
Possible causes: the network is offline, Origin is not allowed by Access-Control-Allow-Origin, the page is being unloaded, etc.
[2025-05-23 21:55:33.968] [warn]  The resource https://discordapp.com/assets/189422196a4f8b53.woff2 was preloaded using link preload but not used within a few seconds from the window's load event. Please make sure it has an appropriate `as` value and it is preloaded intentionally.
[2025-05-23 21:55:33.969] [warn]  The resource https://discordapp.com/assets/dd24010f3cf7def7.woff2 was preloaded using link preload but not used within a few seconds from the window's load event. Please make sure it has an appropriate `as` value and it is preloaded intentionally.
[2025-05-23 21:55:33.970] [warn]  The resource https://discordapp.com/assets/7a6a566c2e88a35d.woff2 was preloaded using link preload but not used within a few seconds from the window's load event. Please make sure it has an appropriate `as` value and it is preloaded intentionally.
[2025-05-23 21:55:33.970] [warn]  The resource https://discordapp.com/assets/e52f0cba712e2fb4.woff2 was preloaded using link preload but not used within a few seconds from the window's load event. Please make sure it has an appropriate `as` value and it is preloaded intentionally.
[2025-05-23 21:55:33.970] [warn]  The resource https://discordapp.com/assets/ce3b8055f5114434.woff2 was preloaded using link preload but not used within a few seconds from the window's load event. Please make sure it has an appropriate `as` value and it is preloaded intentionally.
[2025-05-23 21:55:33.970] [warn]  The resource https://discordapp.com/assets/cb2006dbced0e246.woff2 was preloaded using link preload but not used within a few seconds from the window's load event. Please make sure it has an appropriate `as` value and it is preloaded intentionally.
[2025-05-23 21:55:41.675] [warn]  [GatewaySocket] [ACK TIMEOUT] reconnecting in 1.37 seconds.
[2025-05-23 21:55:41.681] [warn]  The resource https://discordapp.com/assets/189422196a4f8b53.woff2 was preloaded using link preload but not used within a few seconds from the window's load event. Please make sure it has an appropriate `as` value and it is preloaded intentionally.
[2025-05-23 21:55:41.682] [warn]  The resource https://discordapp.com/assets/dd24010f3cf7def7.woff2 was preloaded using link preload but not used within a few seconds from the window's load event. Please make sure it has an appropriate `as` value and it is preloaded intentionally.
[2025-05-23 21:55:41.682] [warn]  The resource https://discordapp.com/assets/7a6a566c2e88a35d.woff2 was preloaded using link preload but not used within a few seconds from the window's load event. Please make sure it has an appropriate `as` value and it is preloaded intentionally.
[2025-05-23 21:55:41.683] [warn]  The resource https://discordapp.com/assets/e52f0cba712e2fb4.woff2 was preloaded using link preload but not used within a few seconds from the window's load event. Please make sure it has an appropriate `as` value and it is preloaded intentionally.
[2025-05-23 21:55:41.683] [warn]  The resource https://discordapp.com/assets/ce3b8055f5114434.woff2 was preloaded using link preload but not used within a few seconds from the window's load event. Please make sure it has an appropriate `as` value and it is preloaded intentionally.
[2025-05-23 21:55:41.683] [warn]  The resource https://discordapp.com/assets/cb2006dbced0e246.woff2 was preloaded using link preload but not used within a few seconds from the window's load event. Please make sure it has an appropriate `as` value and it is preloaded intentionally.
[2025-05-23 21:55:43.045] [info]  [GatewaySocket] [CONNECT] wss://gateway-us-east1-b.discord.gg, encoding: etf, version: 9, compression: zstd-stream
[2025-05-23 21:55:43.052] [info]  [GatewaySocket] [WS CLOSED] (false, 0, An error with the websocket occurred) retrying in 3.02 seconds.
[2025-05-23 21:55:46.070] [info]  [GatewaySocket] [CONNECT] wss://gateway.discord.gg, encoding: etf, version: 9, compression: zstd-stream
[2025-05-23 21:55:46.076] [info]  [GatewaySocket] [WS CLOSED] (false, 0, An error with the websocket occurred) retrying in 8.74 seconds.
[2025-05-23 21:55:48.852] [info]  [GatewaySocket] [CONNECT] wss://gateway.discord.gg, encoding: etf, version: 9, compression: zstd-stream
[2025-05-23 21:55:53.350] [warn]  The resource https://discordapp.com/assets/189422196a4f8b53.woff2 was preloaded using link preload but not used within a few seconds from the window's load event. Please make sure it has an appropriate `as` value and it is preloaded intentionally.
[2025-05-23 21:55:53.351] [warn]  The resource https://discordapp.com/assets/dd24010f3cf7def7.woff2 was preloaded using link preload but not used within a few seconds from the window's load event. Please make sure it has an appropriate `as` value and it is preloaded intentionally.
[2025-05-23 21:55:53.352] [warn]  The resource https://discordapp.com/assets/7a6a566c2e88a35d.woff2 was preloaded using link preload but not used within a few seconds from the window's load event. Please make sure it has an appropriate `as` value and it is preloaded intentionally.
[2025-05-23 21:55:53.352] [warn]  The resource https://discordapp.com/assets/e52f0cba712e2fb4.woff2 was preloaded using link preload but not used within a few seconds from the window's load event. Please make sure it has an appropriate `as` value and it is preloaded intentionally.
[2025-05-23 21:55:53.352] [warn]  The resource https://discordapp.com/assets/ce3b8055f5114434.woff2 was preloaded using link preload but not used within a few seconds from the window's load event. Please make sure it has an appropriate `as` value and it is preloaded intentionally.
[2025-05-23 21:55:53.353] [warn]  The resource https://discordapp.com/assets/cb2006dbced0e246.woff2 was preloaded using link preload but not used within a few seconds from the window's load event. Please make sure it has an appropriate `as` value and it is preloaded intentionally.
[2025-05-23 21:56:03.761] [warn]  The resource https://discordapp.com/assets/189422196a4f8b53.woff2 was preloaded using link preload but not used within a few seconds from the window's load event. Please make sure it has an appropriate `as` value and it is preloaded intentionally.
[2025-05-23 21:56:03.762] [warn]  The resource https://discordapp.com/assets/dd24010f3cf7def7.woff2 was preloaded using link preload but not used within a few seconds from the window's load event. Please make sure it has an appropriate `as` value and it is preloaded intentionally.
[2025-05-23 21:56:03.763] [warn]  The resource https://discordapp.com/assets/7a6a566c2e88a35d.woff2 was preloaded using link preload but not used within a few seconds from the window's load event. Please make sure it has an appropriate `as` value and it is preloaded intentionally.
[2025-05-23 21:56:03.764] [warn]  The resource https://discordapp.com/assets/e52f0cba712e2fb4.woff2 was preloaded using link preload but not used within a few seconds from the window's load event. Please make sure it has an appropriate `as` value and it is preloaded intentionally.
[2025-05-23 21:56:03.764] [warn]  The resource https://discordapp.com/assets/ce3b8055f5114434.woff2 was preloaded using link preload but not used within a few seconds from the window's load event. Please make sure it has an appropriate `as` value and it is preloaded intentionally.
[2025-05-23 21:56:03.765] [warn]  The resource https://discordapp.com/assets/cb2006dbced0e246.woff2 was preloaded using link preload but not used within a few seconds from the window's load event. Please make sure it has an appropriate `as` value and it is preloaded intentionally.
[2025-05-23 21:56:11.496] [info]  [GatewaySocket] [CONNECTED] wss://gateway.discord.gg/?encoding=etf&v=9&compress=zstd-stream in 22644 ms
[2025-05-23 21:56:11.498] [info]  [GatewaySocket] [RESUME] resuming session dca8748dd61e1b2359480d62e59df00a, seq: 14
[2025-05-23 21:56:11.831] [info]  [Flux] Dispatching CONNECTION_RESUMED
[2025-05-23 21:56:11.834] [info]  [GatewaySocket] [RESUMED] took 22983ms, replayed 0 events, new seq: 28
[2025-05-23 21:56:13.061] [warn]  The resource https://discordapp.com/assets/189422196a4f8b53.woff2 was preloaded using link preload but not used within a few seconds from the window's load event. Please make sure it has an appropriate `as` value and it is preloaded intentionally.
[2025-05-23 21:56:13.062] [warn]  The resource https://discordapp.com/assets/dd24010f3cf7def7.woff2 was preloaded using link preload but not used within a few seconds from the window's load event. Please make sure it has an appropriate `as` value and it is preloaded intentionally.
[2025-05-23 21:56:13.062] [warn]  The resource https://discordapp.com/assets/7a6a566c2e88a35d.woff2 was preloaded using link preload but not used within a few seconds from the window's load event. Please make sure it has an appropriate `as` value and it is preloaded intentionally.
[2025-05-23 21:56:13.063] [warn]  The resource https://discordapp.com/assets/e52f0cba712e2fb4.woff2 was preloaded using link preload but not used within a few seconds from the window's load event. Please make sure it has an appropriate `as` value and it is preloaded intentionally.
[2025-05-23 21:56:13.063] [warn]  The resource https://discordapp.com/assets/ce3b8055f5114434.woff2 was preloaded using link preload but not used within a few seconds from the window's load event. Please make sure it has an appropriate `as` value and it is preloaded intentionally.
[2025-05-23 21:56:13.064] [warn]  The resource https://discordapp.com/assets/cb2006dbced0e246.woff2 was preloaded using link preload but not used within a few seconds from the window's load event. Please make sure it has an appropriate `as` value and it is preloaded intentionally.
[2025-05-23 21:56:15.516] [info]  [discord_protos.discord_users.v1.FrecencyUserSettings] Scheduling save from markDirty
[2025-05-23 21:56:15.517] [info]  [discord_protos.discord_users.v1.FrecencyUserSettings] Persisting proto
[2025-05-23 21:56:16.710] [warn]  The resource https://discordapp.com/assets/189422196a4f8b53.woff2 was preloaded using link preload but not used within a few seconds from the window's load event. Please make sure it has an appropriate `as` value and it is preloaded intentionally.
[2025-05-23 21:56:16.711] [warn]  The resource https://discordapp.com/assets/dd24010f3cf7def7.woff2 was preloaded using link preload but not used within a few seconds from the window's load event. Please make sure it has an appropriate `as` value and it is preloaded intentionally.
[2025-05-23 21:56:16.712] [warn]  The resource https://discordapp.com/assets/7a6a566c2e88a35d.woff2 was preloaded using link preload but not used within a few seconds from the window's load event. Please make sure it has an appropriate `as` value and it is preloaded intentionally.
[2025-05-23 21:56:16.712] [warn]  The resource https://discordapp.com/assets/e52f0cba712e2fb4.woff2 was preloaded using link preload but not used within a few seconds from the window's load event. Please make sure it has an appropriate `as` value and it is preloaded intentionally.
[2025-05-23 21:56:16.713] [warn]  The resource https://discordapp.com/assets/ce3b8055f5114434.woff2 was preloaded using link preload but not used within a few seconds from the window's load event. Please make sure it has an appropriate `as` value and it is preloaded intentionally.
[2025-05-23 21:56:16.713] [warn]  The resource https://discordapp.com/assets/cb2006dbced0e246.woff2 was preloaded using link preload but not used within a few seconds from the window's load event. Please make sure it has an appropriate `as` value and it is preloaded intentionally.
[2025-05-23 21:56:22.105] [warn]  The resource https://discordapp.com/assets/189422196a4f8b53.woff2 was preloaded using link preload but not used within a few seconds from the window's load event. Please make sure it has an appropriate `as` value and it is preloaded intentionally.
[2025-05-23 21:56:22.106] [warn]  The resource https://discordapp.com/assets/dd24010f3cf7def7.woff2 was preloaded using link preload but not used within a few seconds from the window's load event. Please make sure it has an appropriate `as` value and it is preloaded intentionally.
[2025-05-23 21:56:22.107] [warn]  The resource https://discordapp.com/assets/7a6a566c2e88a35d.woff2 was preloaded using link preload but not used within a few seconds from the window's load event. Please make sure it has an appropriate `as` value and it is preloaded intentionally.
[2025-05-23 21:56:22.107] [warn]  The resource https://discordapp.com/assets/e52f0cba712e2fb4.woff2 was preloaded using link preload but not used within a few seconds from the window's load event. Please make sure it has an appropriate `as` value and it is preloaded intentionally.
[2025-05-23 21:56:22.108] [warn]  The resource https://discordapp.com/assets/ce3b8055f5114434.woff2 was preloaded using link preload but not used within a few seconds from the window's load event. Please make sure it has an appropriate `as` value and it is preloaded intentionally.
[2025-05-23 21:56:22.108] [warn]  The resource https://discordapp.com/assets/cb2006dbced0e246.woff2 was preloaded using link preload but not used within a few seconds from the window's load event. Please make sure it has an appropriate `as` value and it is preloaded intentionally.
[2025-05-23 21:57:00.800] [warn]  The resource https://discordapp.com/assets/189422196a4f8b53.woff2 was preloaded using link preload but not used within a few seconds from the window's load event. Please make sure it has an appropriate `as` value and it is preloaded intentionally.
[2025-05-23 21:57:00.801] [warn]  The resource https://discordapp.com/assets/dd24010f3cf7def7.woff2 was preloaded using link preload but not used within a few seconds from the window's load event. Please make sure it has an appropriate `as` value and it is preloaded intentionally.
[2025-05-23 21:57:00.802] [warn]  The resource https://discordapp.com/assets/7a6a566c2e88a35d.woff2 was preloaded using link preload but not used within a few seconds from the window's load event. Please make sure it has an appropriate `as` value and it is preloaded intentionally.
[2025-05-23 21:57:00.802] [warn]  The resource https://discordapp.com/assets/e52f0cba712e2fb4.woff2 was preloaded using link preload but not used within a few seconds from the window's load event. Please make sure it has an appropriate `as` value and it is preloaded intentionally.
[2025-05-23 21:57:00.802] [warn]  The resource https://discordapp.com/assets/ce3b8055f5114434.woff2 was preloaded using link preload but not used within a few seconds from the window's load event. Please make sure it has an appropriate `as` value and it is preloaded intentionally.
[2025-05-23 21:57:00.802] [warn]  The resource https://discordapp.com/assets/cb2006dbced0e246.woff2 was preloaded using link preload but not used within a few seconds from the window's load event. Please make sure it has an appropriate `as` value and it is preloaded intentionally.
[2025-05-23 21:57:06.260] [warn]  The resource https://discordapp.com/assets/189422196a4f8b53.woff2 was preloaded using link preload but not used within a few seconds from the window's load event. Please make sure it has an appropriate `as` value and it is preloaded intentionally.
[2025-05-23 21:57:06.261] [warn]  The resource https://discordapp.com/assets/dd24010f3cf7def7.woff2 was preloaded using link preload but not used within a few seconds from the window's load event. Please make sure it has an appropriate `as` value and it is preloaded intentionally.
[2025-05-23 21:57:06.263] [warn]  The resource https://discordapp.com/assets/7a6a566c2e88a35d.woff2 was preloaded using link preload but not used within a few seconds from the window's load event. Please make sure it has an appropriate `as` value and it is preloaded intentionally.
[2025-05-23 21:57:06.263] [warn]  The resource https://discordapp.com/assets/e52f0cba712e2fb4.woff2 was preloaded using link preload but not used within a few seconds from the window's load event. Please make sure it has an appropriate `as` value and it is preloaded intentionally.
[2025-05-23 21:57:06.264] [warn]  The resource https://discordapp.com/assets/ce3b8055f5114434.woff2 was preloaded using link preload but not used within a few seconds from the window's load event. Please make sure it has an appropriate `as` value and it is preloaded intentionally.
[2025-05-23 21:57:06.264] [warn]  The resource https://discordapp.com/assets/cb2006dbced0e246.woff2 was preloaded using link preload but not used within a few seconds from the window's load event. Please make sure it has an appropriate `as` value and it is preloaded intentionally.
[2025-05-23 21:57:13.104] [warn]  The resource https://discordapp.com/assets/189422196a4f8b53.woff2 was preloaded using link preload but not used within a few seconds from the window's load event. Please make sure it has an appropriate `as` value and it is preloaded intentionally.
[2025-05-23 21:57:13.105] [warn]  The resource https://discordapp.com/assets/dd24010f3cf7def7.woff2 was preloaded using link preload but not used within a few seconds from the window's load event. Please make sure it has an appropriate `as` value and it is preloaded intentionally.
[2025-05-23 21:57:13.105] [warn]  The resource https://discordapp.com/assets/7a6a566c2e88a35d.woff2 was preloaded using link preload but not used within a few seconds from the window's load event. Please make sure it has an appropriate `as` value and it is preloaded intentionally.
[2025-05-23 21:57:13.105] [warn]  The resource https://discordapp.com/assets/e52f0cba712e2fb4.woff2 was preloaded using link preload but not used within a few seconds from the window's load event. Please make sure it has an appropriate `as` value and it is preloaded intentionally.
[2025-05-23 21:57:13.105] [warn]  The resource https://discordapp.com/assets/ce3b8055f5114434.woff2 was preloaded using link preload but not used within a few seconds from the window's load event. Please make sure it has an appropriate `as` value and it is preloaded intentionally.
[2025-05-23 21:57:13.105] [warn]  The resource https://discordapp.com/assets/cb2006dbced0e246.woff2 was preloaded using link preload but not used within a few seconds from the window's load event. Please make sure it has an appropriate `as` value and it is preloaded intentionally.
[2025-05-23 21:57:20.546] [info]  [MessageActionCreators] Fetching messages for 741237974108340226 between 1375545392858402846 and undefined. jump=undefined
[2025-05-23 21:57:21.858] [info]  [MessageActionCreators] Fetched 50 messages for 741237974108340226 isBefore:true isAfter:false
[2025-05-23 21:57:24.880] [warn]  The resource https://discordapp.com/assets/189422196a4f8b53.woff2 was preloaded using link preload but not used within a few seconds from the window's load event. Please make sure it has an appropriate `as` value and it is preloaded intentionally.
[2025-05-23 21:57:24.880] [warn]  The resource https://discordapp.com/assets/dd24010f3cf7def7.woff2 was preloaded using link preload but not used within a few seconds from the window's load event. Please make sure it has an appropriate `as` value and it is preloaded intentionally.
[2025-05-23 21:57:24.880] [warn]  The resource https://discordapp.com/assets/7a6a566c2e88a35d.woff2 was preloaded using link preload but not used within a few seconds from the window's load event. Please make sure it has an appropriate `as` value and it is preloaded intentionally.
[2025-05-23 21:57:24.880] [warn]  The resource https://discordapp.com/assets/e52f0cba712e2fb4.woff2 was preloaded using link preload but not used within a few seconds from the window's load event. Please make sure it has an appropriate `as` value and it is preloaded intentionally.
[2025-05-23 21:57:24.880] [warn]  The resource https://discordapp.com/assets/ce3b8055f5114434.woff2 was preloaded using link preload but not used within a few seconds from the window's load event. Please make sure it has an appropriate `as` value and it is preloaded intentionally.
[2025-05-23 21:57:24.881] [warn]  The resource https://discordapp.com/assets/cb2006dbced0e246.woff2 was preloaded using link preload but not used within a few seconds from the window's load event. Please make sure it has an appropriate `as` value and it is preloaded intentionally.
[2025-05-23 21:57:44.121] [warn]  The resource https://discordapp.com/assets/189422196a4f8b53.woff2 was preloaded using link preload but not used within a few seconds from the window's load event. Please make sure it has an appropriate `as` value and it is preloaded intentionally.
[2025-05-23 21:57:44.123] [warn]  The resource https://discordapp.com/assets/dd24010f3cf7def7.woff2 was preloaded using link preload but not used within a few seconds from the window's load event. Please make sure it has an appropriate `as` value and it is preloaded intentionally.
[2025-05-23 21:57:44.123] [warn]  The resource https://discordapp.com/assets/7a6a566c2e88a35d.woff2 was preloaded using link preload but not used within a few seconds from the window's load event. Please make sure it has an appropriate `as` value and it is preloaded intentionally.
[2025-05-23 21:57:44.124] [warn]  The resource https://discordapp.com/assets/e52f0cba712e2fb4.woff2 was preloaded using link preload but not used within a few seconds from the window's load event. Please make sure it has an appropriate `as` value and it is preloaded intentionally.
[2025-05-23 21:57:44.124] [warn]  The resource https://discordapp.com/assets/ce3b8055f5114434.woff2 was preloaded using link preload but not used within a few seconds from the window's load event. Please make sure it has an appropriate `as` value and it is preloaded intentionally.
[2025-05-23 21:57:44.125] [warn]  The resource https://discordapp.com/assets/cb2006dbced0e246.woff2 was preloaded using link preload but not used within a few seconds from the window's load event. Please make sure it has an appropriate `as` value and it is preloaded intentionally.
[2025-05-23 22:01:41.734] [error] ResizeObserver loop completed with undelivered notifications.
[2025-05-23 22:01:49.428] [info]  [MessageActionCreators] Fetching messages for 835855546426851339 between undefined and undefined. jump={"jumpType":"ANIMATED"}
[2025-05-23 22:01:49.523] [info]  [Routing/Utils] transitionTo - Transitioning to /channels/741237973663612969/835855546426851339
[2025-05-23 22:01:53.320] [info]  [MessageActionCreators] Fetched 50 messages for 835855546426851339 isBefore:false isAfter:false
[2025-05-23 22:01:53.339] [info]  [ChannelMessages] loadComplete: resetting state for channelId=835855546426851339, sending.length=0
[2025-05-23 22:02:04.218] [error] [ReadStateStore]  Error: Request has been terminated
Possible causes: the network is offline, Origin is not allowed by Access-Control-Allow-Origin, the page is being unloaded, etc.
[2025-05-23 22:02:18.072] [warn]  [GatewaySocket] [ACK TIMEOUT] reconnecting in 2.73 seconds.
[2025-05-23 22:02:20.805] [info]  [GatewaySocket] [CONNECT] wss://gateway.discord.gg, encoding: etf, version: 9, compression: zstd-stream
[2025-05-23 22:02:20.807] [info]  [GatewaySocket] [WS CLOSED] (false, 0, An error with the websocket occurred) retrying in 5.38 seconds.
[2025-05-23 22:02:21.708] [info]  [GatewaySocket] [CONNECT] wss://gateway.discord.gg, encoding: etf, version: 9, compression: zstd-stream
[2025-05-23 22:02:21.712] [error] [ReadStateStore]  Error: Request has been terminated
Possible causes: the network is offline, Origin is not allowed by Access-Control-Allow-Origin, the page is being unloaded, etc.
[2025-05-23 22:02:21.713] [info]  [GatewaySocket] [WS CLOSED] (false, 0, An error with the websocket occurred) retrying in 1.60 seconds.
[2025-05-23 22:02:23.318] [info]  [GatewaySocket] [CONNECT] wss://gateway.discord.gg, encoding: etf, version: 9, compression: zstd-stream
[2025-05-23 22:02:23.321] [info]  [GatewaySocket] [WS CLOSED] (false, 0, An error with the websocket occurred) retrying in 3.90 seconds.
[2025-05-23 22:02:23.784] [warn]  [AnalyticsTrackingStore] Track: Request has been terminated
Possible causes: the network is offline, Origin is not allowed by Access-Control-Allow-Origin, the page is being unloaded, etc.
[2025-05-23 22:02:24.418] [warn]  [AnalyticsTrackingStore] Track: Request has been terminated
Possible causes: the network is offline, Origin is not allowed by Access-Control-Allow-Origin, the page is being unloaded, etc.
[2025-05-23 22:02:27.147] [error] [ReadStateStore]  Error: Request has been terminated
Possible causes: the network is offline, Origin is not allowed by Access-Control-Allow-Origin, the page is being unloaded, etc.
[2025-05-23 22:02:27.147] [warn]  [AnalyticsTrackingStore] Track: Request has been terminated
Possible causes: the network is offline, Origin is not allowed by Access-Control-Allow-Origin, the page is being unloaded, etc.
[2025-05-23 22:02:27.224] [info]  [GatewaySocket] [CONNECT] wss://gateway.discord.gg, encoding: etf, version: 9, compression: zstd-stream
[2025-05-23 22:02:27.228] [info]  [GatewaySocket] [WS CLOSED] (false, 0, An error with the websocket occurred) retrying in 5.16 seconds.
[2025-05-23 22:02:30.161] [warn]  The resource https://discordapp.com/assets/189422196a4f8b53.woff2 was preloaded using link preload but not used within a few seconds from the window's load event. Please make sure it has an appropriate `as` value and it is preloaded intentionally.
[2025-05-23 22:02:30.162] [warn]  The resource https://discordapp.com/assets/dd24010f3cf7def7.woff2 was preloaded using link preload but not used within a few seconds from the window's load event. Please make sure it has an appropriate `as` value and it is preloaded intentionally.
[2025-05-23 22:02:30.163] [warn]  The resource https://discordapp.com/assets/7a6a566c2e88a35d.woff2 was preloaded using link preload but not used within a few seconds from the window's load event. Please make sure it has an appropriate `as` value and it is preloaded intentionally.
[2025-05-23 22:02:30.163] [warn]  The resource https://discordapp.com/assets/e52f0cba712e2fb4.woff2 was preloaded using link preload but not used within a few seconds from the window's load event. Please make sure it has an appropriate `as` value and it is preloaded intentionally.
[2025-05-23 22:02:30.163] [warn]  The resource https://discordapp.com/assets/ce3b8055f5114434.woff2 was preloaded using link preload but not used within a few seconds from the window's load event. Please make sure it has an appropriate `as` value and it is preloaded intentionally.
[2025-05-23 22:02:30.163] [warn]  The resource https://discordapp.com/assets/cb2006dbced0e246.woff2 was preloaded using link preload but not used within a few seconds from the window's load event. Please make sure it has an appropriate `as` value and it is preloaded intentionally.
[2025-05-23 22:02:32.388] [info]  [GatewaySocket] [CONNECT] wss://gateway.discord.gg, encoding: etf, version: 9, compression: zstd-stream
[2025-05-23 22:02:32.820] [info]  [GatewaySocket] [CONNECTED] wss://gateway.discord.gg/?encoding=etf&v=9&compress=zstd-stream in 433 ms
[2025-05-23 22:02:32.821] [info]  [GatewaySocket] [RESUME] resuming session dca8748dd61e1b2359480d62e59df00a, seq: 68
[2025-05-23 22:02:33.187] [info]  [Flux] Dispatching CONNECTION_RESUMED
[2025-05-23 22:02:33.190] [info]  [GatewaySocket] [RESUMED] took 803ms, replayed 0 events, new seq: 71
[2025-05-23 22:02:36.546] [warn]  The resource https://discordapp.com/assets/189422196a4f8b53.woff2 was preloaded using link preload but not used within a few seconds from the window's load event. Please make sure it has an appropriate `as` value and it is preloaded intentionally.
[2025-05-23 22:02:36.547] [warn]  The resource https://discordapp.com/assets/dd24010f3cf7def7.woff2 was preloaded using link preload but not used within a few seconds from the window's load event. Please make sure it has an appropriate `as` value and it is preloaded intentionally.
[2025-05-23 22:02:36.547] [warn]  The resource https://discordapp.com/assets/7a6a566c2e88a35d.woff2 was preloaded using link preload but not used within a few seconds from the window's load event. Please make sure it has an appropriate `as` value and it is preloaded intentionally.
[2025-05-23 22:02:36.548] [warn]  The resource https://discordapp.com/assets/e52f0cba712e2fb4.woff2 was preloaded using link preload but not used within a few seconds from the window's load event. Please make sure it has an appropriate `as` value and it is preloaded intentionally.
[2025-05-23 22:02:36.548] [warn]  The resource https://discordapp.com/assets/ce3b8055f5114434.woff2 was preloaded using link preload but not used within a few seconds from the window's load event. Please make sure it has an appropriate `as` value and it is preloaded intentionally.
[2025-05-23 22:02:36.548] [warn]  The resource https://discordapp.com/assets/cb2006dbced0e246.woff2 was preloaded using link preload but not used within a few seconds from the window's load event. Please make sure it has an appropriate `as` value and it is preloaded intentionally.
[2025-05-23 22:02:36.873] [info]  [discord_protos.discord_users.v1.FrecencyUserSettings] Scheduling save from markDirty
[2025-05-23 22:02:36.874] [info]  [discord_protos.discord_users.v1.FrecencyUserSettings] Persisting proto
[2025-05-23 22:02:40.571] [warn]  The resource https://discordapp.com/assets/189422196a4f8b53.woff2 was preloaded using link preload but not used within a few seconds from the window's load event. Please make sure it has an appropriate `as` value and it is preloaded intentionally.
[2025-05-23 22:02:40.572] [warn]  The resource https://discordapp.com/assets/dd24010f3cf7def7.woff2 was preloaded using link preload but not used within a few seconds from the window's load event. Please make sure it has an appropriate `as` value and it is preloaded intentionally.
[2025-05-23 22:02:40.572] [warn]  The resource https://discordapp.com/assets/7a6a566c2e88a35d.woff2 was preloaded using link preload but not used within a few seconds from the window's load event. Please make sure it has an appropriate `as` value and it is preloaded intentionally.
[2025-05-23 22:02:40.573] [warn]  The resource https://discordapp.com/assets/e52f0cba712e2fb4.woff2 was preloaded using link preload but not used within a few seconds from the window's load event. Please make sure it has an appropriate `as` value and it is preloaded intentionally.
[2025-05-23 22:02:40.573] [warn]  The resource https://discordapp.com/assets/ce3b8055f5114434.woff2 was preloaded using link preload but not used within a few seconds from the window's load event. Please make sure it has an appropriate `as` value and it is preloaded intentionally.
[2025-05-23 22:02:40.574] [warn]  The resource https://discordapp.com/assets/cb2006dbced0e246.woff2 was preloaded using link preload but not used within a few seconds from the window's load event. Please make sure it has an appropriate `as` value and it is preloaded intentionally.
[2025-05-23 22:04:25.971] [warn]  The resource https://discordapp.com/assets/189422196a4f8b53.woff2 was preloaded using link preload but not used within a few seconds from the window's load event. Please make sure it has an appropriate `as` value and it is preloaded intentionally.
[2025-05-23 22:04:25.972] [warn]  The resource https://discordapp.com/assets/dd24010f3cf7def7.woff2 was preloaded using link preload but not used within a few seconds from the window's load event. Please make sure it has an appropriate `as` value and it is preloaded intentionally.
[2025-05-23 22:04:25.973] [warn]  The resource https://discordapp.com/assets/7a6a566c2e88a35d.woff2 was preloaded using link preload but not used within a few seconds from the window's load event. Please make sure it has an appropriate `as` value and it is preloaded intentionally.
[2025-05-23 22:04:25.973] [warn]  The resource https://discordapp.com/assets/e52f0cba712e2fb4.woff2 was preloaded using link preload but not used within a few seconds from the window's load event. Please make sure it has an appropriate `as` value and it is preloaded intentionally.
[2025-05-23 22:04:25.974] [warn]  The resource https://discordapp.com/assets/ce3b8055f5114434.woff2 was preloaded using link preload but not used within a few seconds from the window's load event. Please make sure it has an appropriate `as` value and it is preloaded intentionally.
[2025-05-23 22:04:25.974] [warn]  The resource https://discordapp.com/assets/cb2006dbced0e246.woff2 was preloaded using link preload but not used within a few seconds from the window's load event. Please make sure it has an appropriate `as` value and it is preloaded intentionally.
[2025-05-23 22:07:06.474] [info]  [MessageActionCreators] Fetching messages for 846698652194045953 between undefined and undefined. jump={"jumpType":"ANIMATED"}
[2025-05-23 22:07:06.531] [info]  [Routing/Utils] transitionTo - Transitioning to /channels/741237973663612969/846698652194045953
[2025-05-23 22:07:08.859] [info]  [MessageActionCreators] Fetched 50 messages for 846698652194045953 isBefore:false isAfter:false
[2025-05-23 22:07:08.864] [info]  [ChannelMessages] loadComplete: resetting state for channelId=846698652194045953, sending.length=0
[2025-05-23 22:07:11.870] [warn]  The resource https://discordapp.com/assets/189422196a4f8b53.woff2 was preloaded using link preload but not used within a few seconds from the window's load event. Please make sure it has an appropriate `as` value and it is preloaded intentionally.
[2025-05-23 22:07:11.870] [warn]  The resource https://discordapp.com/assets/dd24010f3cf7def7.woff2 was preloaded using link preload but not used within a few seconds from the window's load event. Please make sure it has an appropriate `as` value and it is preloaded intentionally.
[2025-05-23 22:07:11.871] [warn]  The resource https://discordapp.com/assets/7a6a566c2e88a35d.woff2 was preloaded using link preload but not used within a few seconds from the window's load event. Please make sure it has an appropriate `as` value and it is preloaded intentionally.
[2025-05-23 22:07:11.871] [warn]  The resource https://discordapp.com/assets/e52f0cba712e2fb4.woff2 was preloaded using link preload but not used within a few seconds from the window's load event. Please make sure it has an appropriate `as` value and it is preloaded intentionally.
[2025-05-23 22:07:11.871] [warn]  The resource https://discordapp.com/assets/ce3b8055f5114434.woff2 was preloaded using link preload but not used within a few seconds from the window's load event. Please make sure it has an appropriate `as` value and it is preloaded intentionally.
[2025-05-23 22:07:11.871] [warn]  The resource https://discordapp.com/assets/cb2006dbced0e246.woff2 was preloaded using link preload but not used within a few seconds from the window's load event. Please make sure it has an appropriate `as` value and it is preloaded intentionally.
[2025-05-23 22:08:02.570] [warn]  The resource https://discordapp.com/assets/189422196a4f8b53.woff2 was preloaded using link preload but not used within a few seconds from the window's load event. Please make sure it has an appropriate `as` value and it is preloaded intentionally.
[2025-05-23 22:08:02.571] [warn]  The resource https://discordapp.com/assets/dd24010f3cf7def7.woff2 was preloaded using link preload but not used within a few seconds from the window's load event. Please make sure it has an appropriate `as` value and it is preloaded intentionally.
[2025-05-23 22:08:02.572] [warn]  The resource https://discordapp.com/assets/7a6a566c2e88a35d.woff2 was preloaded using link preload but not used within a few seconds from the window's load event. Please make sure it has an appropriate `as` value and it is preloaded intentionally.
[2025-05-23 22:08:02.573] [warn]  The resource https://discordapp.com/assets/e52f0cba712e2fb4.woff2 was preloaded using link preload but not used within a few seconds from the window's load event. Please make sure it has an appropriate `as` value and it is preloaded intentionally.
[2025-05-23 22:08:02.573] [warn]  The resource https://discordapp.com/assets/ce3b8055f5114434.woff2 was preloaded using link preload but not used within a few seconds from the window's load event. Please make sure it has an appropriate `as` value and it is preloaded intentionally.
[2025-05-23 22:08:02.574] [warn]  The resource https://discordapp.com/assets/cb2006dbced0e246.woff2 was preloaded using link preload but not used within a few seconds from the window's load event. Please make sure it has an appropriate `as` value and it is preloaded intentionally.
[2025-05-23 22:08:07.575] [warn]  The resource https://discordapp.com/assets/189422196a4f8b53.woff2 was preloaded using link preload but not used within a few seconds from the window's load event. Please make sure it has an appropriate `as` value and it is preloaded intentionally.
[2025-05-23 22:08:07.576] [warn]  The resource https://discordapp.com/assets/dd24010f3cf7def7.woff2 was preloaded using link preload but not used within a few seconds from the window's load event. Please make sure it has an appropriate `as` value and it is preloaded intentionally.
[2025-05-23 22:08:07.577] [warn]  The resource https://discordapp.com/assets/7a6a566c2e88a35d.woff2 was preloaded using link preload but not used within a few seconds from the window's load event. Please make sure it has an appropriate `as` value and it is preloaded intentionally.
[2025-05-23 22:08:07.577] [warn]  The resource https://discordapp.com/assets/e52f0cba712e2fb4.woff2 was preloaded using link preload but not used within a few seconds from the window's load event. Please make sure it has an appropriate `as` value and it is preloaded intentionally.
[2025-05-23 22:08:07.577] [warn]  The resource https://discordapp.com/assets/ce3b8055f5114434.woff2 was preloaded using link preload but not used within a few seconds from the window's load event. Please make sure it has an appropriate `as` value and it is preloaded intentionally.
[2025-05-23 22:08:07.577] [warn]  The resource https://discordapp.com/assets/cb2006dbced0e246.woff2 was preloaded using link preload but not used within a few seconds from the window's load event. Please make sure it has an appropriate `as` value and it is preloaded intentionally.
[2025-05-23 22:08:09.935] [warn]  [GatewaySocket] [ACK TIMEOUT] reconnecting in 2.67 seconds.
[2025-05-23 22:08:12.581] [warn]  The resource https://discordapp.com/assets/189422196a4f8b53.woff2 was preloaded using link preload but not used within a few seconds from the window's load event. Please make sure it has an appropriate `as` value and it is preloaded intentionally.
[2025-05-23 22:08:12.582] [warn]  The resource https://discordapp.com/assets/dd24010f3cf7def7.woff2 was preloaded using link preload but not used within a few seconds from the window's load event. Please make sure it has an appropriate `as` value and it is preloaded intentionally.
[2025-05-23 22:08:12.582] [warn]  The resource https://discordapp.com/assets/7a6a566c2e88a35d.woff2 was preloaded using link preload but not used within a few seconds from the window's load event. Please make sure it has an appropriate `as` value and it is preloaded intentionally.
[2025-05-23 22:08:12.583] [warn]  The resource https://discordapp.com/assets/e52f0cba712e2fb4.woff2 was preloaded using link preload but not used within a few seconds from the window's load event. Please make sure it has an appropriate `as` value and it is preloaded intentionally.
[2025-05-23 22:08:12.583] [warn]  The resource https://discordapp.com/assets/ce3b8055f5114434.woff2 was preloaded using link preload but not used within a few seconds from the window's load event. Please make sure it has an appropriate `as` value and it is preloaded intentionally.
[2025-05-23 22:08:12.583] [warn]  The resource https://discordapp.com/assets/cb2006dbced0e246.woff2 was preloaded using link preload but not used within a few seconds from the window's load event. Please make sure it has an appropriate `as` value and it is preloaded intentionally.
[2025-05-23 22:08:12.603] [info]  [GatewaySocket] [CONNECT] wss://gateway.discord.gg, encoding: etf, version: 9, compression: zstd-stream
[2025-05-23 22:08:12.610] [info]  [GatewaySocket] [WS CLOSED] (false, 0, An error with the websocket occurred) retrying in 7.45 seconds.
[2025-05-23 22:08:15.644] [info]  [GatewaySocket] [CONNECT] wss://gateway.discord.gg, encoding: etf, version: 9, compression: zstd-stream
[2025-05-23 22:08:15.650] [info]  [GatewaySocket] [WS CLOSED] (false, 0, An error with the websocket occurred) retrying in 1.97 seconds.
[2025-05-23 22:08:17.617] [warn]  The resource https://discordapp.com/assets/189422196a4f8b53.woff2 was preloaded using link preload but not used within a few seconds from the window's load event. Please make sure it has an appropriate `as` value and it is preloaded intentionally.
[2025-05-23 22:08:17.617] [warn]  The resource https://discordapp.com/assets/dd24010f3cf7def7.woff2 was preloaded using link preload but not used within a few seconds from the window's load event. Please make sure it has an appropriate `as` value and it is preloaded intentionally.
[2025-05-23 22:08:17.617] [warn]  The resource https://discordapp.com/assets/7a6a566c2e88a35d.woff2 was preloaded using link preload but not used within a few seconds from the window's load event. Please make sure it has an appropriate `as` value and it is preloaded intentionally.
[2025-05-23 22:08:17.617] [warn]  The resource https://discordapp.com/assets/e52f0cba712e2fb4.woff2 was preloaded using link preload but not used within a few seconds from the window's load event. Please make sure it has an appropriate `as` value and it is preloaded intentionally.
[2025-05-23 22:08:17.617] [warn]  The resource https://discordapp.com/assets/ce3b8055f5114434.woff2 was preloaded using link preload but not used within a few seconds from the window's load event. Please make sure it has an appropriate `as` value and it is preloaded intentionally.
[2025-05-23 22:08:17.617] [warn]  The resource https://discordapp.com/assets/cb2006dbced0e246.woff2 was preloaded using link preload but not used within a few seconds from the window's load event. Please make sure it has an appropriate `as` value and it is preloaded intentionally.
[2025-05-23 22:08:17.624] [info]  [GatewaySocket] [CONNECT] wss://gateway.discord.gg, encoding: etf, version: 9, compression: zstd-stream
[2025-05-23 22:08:22.782] [info]  [GatewaySocket] [CONNECTED] wss://gateway.discord.gg/?encoding=etf&v=9&compress=zstd-stream in 5158 ms
[2025-05-23 22:08:22.783] [info]  [GatewaySocket] [RESUME] resuming session dca8748dd61e1b2359480d62e59df00a, seq: 129
[2025-05-23 22:08:23.346] [info]  [Flux] Dispatching CONNECTION_RESUMED
[2025-05-23 22:08:23.347] [info]  [GatewaySocket] [RESUMED] took 5723ms, replayed 0 events, new seq: 134
[2025-05-23 22:08:25.783] [warn]  The resource https://discordapp.com/assets/189422196a4f8b53.woff2 was preloaded using link preload but not used within a few seconds from the window's load event. Please make sure it has an appropriate `as` value and it is preloaded intentionally.
[2025-05-23 22:08:25.784] [warn]  The resource https://discordapp.com/assets/dd24010f3cf7def7.woff2 was preloaded using link preload but not used within a few seconds from the window's load event. Please make sure it has an appropriate `as` value and it is preloaded intentionally.
[2025-05-23 22:08:25.784] [warn]  The resource https://discordapp.com/assets/7a6a566c2e88a35d.woff2 was preloaded using link preload but not used within a few seconds from the window's load event. Please make sure it has an appropriate `as` value and it is preloaded intentionally.
[2025-05-23 22:08:25.784] [warn]  The resource https://discordapp.com/assets/e52f0cba712e2fb4.woff2 was preloaded using link preload but not used within a few seconds from the window's load event. Please make sure it has an appropriate `as` value and it is preloaded intentionally.
[2025-05-23 22:08:25.784] [warn]  The resource https://discordapp.com/assets/ce3b8055f5114434.woff2 was preloaded using link preload but not used within a few seconds from the window's load event. Please make sure it has an appropriate `as` value and it is preloaded intentionally.
[2025-05-23 22:08:25.784] [warn]  The resource https://discordapp.com/assets/cb2006dbced0e246.woff2 was preloaded using link preload but not used within a few seconds from the window's load event. Please make sure it has an appropriate `as` value and it is preloaded intentionally.
[2025-05-23 22:08:27.030] [info]  [discord_protos.discord_users.v1.FrecencyUserSettings] Scheduling save from markDirty
[2025-05-23 22:08:27.030] [info]  [discord_protos.discord_users.v1.FrecencyUserSettings] Persisting proto
[2025-05-23 22:08:32.887] [warn]  The resource https://discordapp.com/assets/189422196a4f8b53.woff2 was preloaded using link preload but not used within a few seconds from the window's load event. Please make sure it has an appropriate `as` value and it is preloaded intentionally.
[2025-05-23 22:08:32.887] [warn]  The resource https://discordapp.com/assets/dd24010f3cf7def7.woff2 was preloaded using link preload but not used within a few seconds from the window's load event. Please make sure it has an appropriate `as` value and it is preloaded intentionally.
[2025-05-23 22:08:32.888] [warn]  The resource https://discordapp.com/assets/7a6a566c2e88a35d.woff2 was preloaded using link preload but not used within a few seconds from the window's load event. Please make sure it has an appropriate `as` value and it is preloaded intentionally.
[2025-05-23 22:08:32.888] [warn]  The resource https://discordapp.com/assets/e52f0cba712e2fb4.woff2 was preloaded using link preload but not used within a few seconds from the window's load event. Please make sure it has an appropriate `as` value and it is preloaded intentionally.
[2025-05-23 22:08:32.888] [warn]  The resource https://discordapp.com/assets/ce3b8055f5114434.woff2 was preloaded using link preload but not used within a few seconds from the window's load event. Please make sure it has an appropriate `as` value and it is preloaded intentionally.
[2025-05-23 22:08:32.888] [warn]  The resource https://discordapp.com/assets/cb2006dbced0e246.woff2 was preloaded using link preload but not used within a few seconds from the window's load event. Please make sure it has an appropriate `as` value and it is preloaded intentionally.
[2025-05-23 22:08:37.986] [warn]  The resource https://discordapp.com/assets/189422196a4f8b53.woff2 was preloaded using link preload but not used within a few seconds from the window's load event. Please make sure it has an appropriate `as` value and it is preloaded intentionally.
[2025-05-23 22:08:37.987] [warn]  The resource https://discordapp.com/assets/dd24010f3cf7def7.woff2 was preloaded using link preload but not used within a few seconds from the window's load event. Please make sure it has an appropriate `as` value and it is preloaded intentionally.
[2025-05-23 22:08:37.987] [warn]  The resource https://discordapp.com/assets/7a6a566c2e88a35d.woff2 was preloaded using link preload but not used within a few seconds from the window's load event. Please make sure it has an appropriate `as` value and it is preloaded intentionally.
[2025-05-23 22:08:37.987] [warn]  The resource https://discordapp.com/assets/e52f0cba712e2fb4.woff2 was preloaded using link preload but not used within a few seconds from the window's load event. Please make sure it has an appropriate `as` value and it is preloaded intentionally.
[2025-05-23 22:08:37.987] [warn]  The resource https://discordapp.com/assets/ce3b8055f5114434.woff2 was preloaded using link preload but not used within a few seconds from the window's load event. Please make sure it has an appropriate `as` value and it is preloaded intentionally.
[2025-05-23 22:08:37.987] [warn]  The resource https://discordapp.com/assets/cb2006dbced0e246.woff2 was preloaded using link preload but not used within a few seconds from the window's load event. Please make sure it has an appropriate `as` value and it is preloaded intentionally.
[2025-05-23 22:08:42.855] [info]  [MessageActionCreators] Fetching messages for 908698880504389672 between undefined and undefined. jump={"jumpType":"ANIMATED"}
[2025-05-23 22:08:42.911] [info]  [Routing/Utils] transitionTo - Transitioning to /channels/741237973663612969/908698880504389672
[2025-05-23 22:08:43.309] [warn]  The resource https://discordapp.com/assets/189422196a4f8b53.woff2 was preloaded using link preload but not used within a few seconds from the window's load event. Please make sure it has an appropriate `as` value and it is preloaded intentionally.
[2025-05-23 22:08:43.309] [warn]  The resource https://discordapp.com/assets/dd24010f3cf7def7.woff2 was preloaded using link preload but not used within a few seconds from the window's load event. Please make sure it has an appropriate `as` value and it is preloaded intentionally.
[2025-05-23 22:08:43.309] [warn]  The resource https://discordapp.com/assets/7a6a566c2e88a35d.woff2 was preloaded using link preload but not used within a few seconds from the window's load event. Please make sure it has an appropriate `as` value and it is preloaded intentionally.
[2025-05-23 22:08:43.309] [warn]  The resource https://discordapp.com/assets/e52f0cba712e2fb4.woff2 was preloaded using link preload but not used within a few seconds from the window's load event. Please make sure it has an appropriate `as` value and it is preloaded intentionally.
[2025-05-23 22:08:43.310] [warn]  The resource https://discordapp.com/assets/ce3b8055f5114434.woff2 was preloaded using link preload but not used within a few seconds from the window's load event. Please make sure it has an appropriate `as` value and it is preloaded intentionally.
[2025-05-23 22:08:43.310] [warn]  The resource https://discordapp.com/assets/cb2006dbced0e246.woff2 was preloaded using link preload but not used within a few seconds from the window's load event. Please make sure it has an appropriate `as` value and it is preloaded intentionally.
[2025-05-23 22:08:44.257] [info]  [MessageActionCreators] Fetched 50 messages for 908698880504389672 isBefore:false isAfter:false
[2025-05-23 22:08:44.263] [info]  [ChannelMessages] loadComplete: resetting state for channelId=908698880504389672, sending.length=0
[2025-05-23 22:08:47.267] [warn]  The resource https://discordapp.com/assets/189422196a4f8b53.woff2 was preloaded using link preload but not used within a few seconds from the window's load event. Please make sure it has an appropriate `as` value and it is preloaded intentionally.
[2025-05-23 22:08:47.268] [warn]  The resource https://discordapp.com/assets/dd24010f3cf7def7.woff2 was preloaded using link preload but not used within a few seconds from the window's load event. Please make sure it has an appropriate `as` value and it is preloaded intentionally.
[2025-05-23 22:08:47.268] [warn]  The resource https://discordapp.com/assets/7a6a566c2e88a35d.woff2 was preloaded using link preload but not used within a few seconds from the window's load event. Please make sure it has an appropriate `as` value and it is preloaded intentionally.
[2025-05-23 22:08:47.268] [warn]  The resource https://discordapp.com/assets/e52f0cba712e2fb4.woff2 was preloaded using link preload but not used within a few seconds from the window's load event. Please make sure it has an appropriate `as` value and it is preloaded intentionally.
[2025-05-23 22:08:47.268] [warn]  The resource https://discordapp.com/assets/ce3b8055f5114434.woff2 was preloaded using link preload but not used within a few seconds from the window's load event. Please make sure it has an appropriate `as` value and it is preloaded intentionally.
[2025-05-23 22:08:47.268] [warn]  The resource https://discordapp.com/assets/cb2006dbced0e246.woff2 was preloaded using link preload but not used within a few seconds from the window's load event. Please make sure it has an appropriate `as` value and it is preloaded intentionally.
[2025-05-23 22:08:54.761] [error] [ReadStateStore]  Error: Request has been terminated
Possible causes: the network is offline, Origin is not allowed by Access-Control-Allow-Origin, the page is being unloaded, etc.
[2025-05-23 22:09:06.560] [error] [ReadStateStore]  Error: Request has been terminated
Possible causes: the network is offline, Origin is not allowed by Access-Control-Allow-Origin, the page is being unloaded, etc.
[2025-05-23 22:09:10.534] [warn]  The resource https://discordapp.com/assets/189422196a4f8b53.woff2 was preloaded using link preload but not used within a few seconds from the window's load event. Please make sure it has an appropriate `as` value and it is preloaded intentionally.
[2025-05-23 22:09:10.534] [warn]  The resource https://discordapp.com/assets/dd24010f3cf7def7.woff2 was preloaded using link preload but not used within a few seconds from the window's load event. Please make sure it has an appropriate `as` value and it is preloaded intentionally.
[2025-05-23 22:09:10.535] [warn]  The resource https://discordapp.com/assets/7a6a566c2e88a35d.woff2 was preloaded using link preload but not used within a few seconds from the window's load event. Please make sure it has an appropriate `as` value and it is preloaded intentionally.
[2025-05-23 22:09:10.535] [warn]  The resource https://discordapp.com/assets/e52f0cba712e2fb4.woff2 was preloaded using link preload but not used within a few seconds from the window's load event. Please make sure it has an appropriate `as` value and it is preloaded intentionally.
[2025-05-23 22:09:10.535] [warn]  The resource https://discordapp.com/assets/ce3b8055f5114434.woff2 was preloaded using link preload but not used within a few seconds from the window's load event. Please make sure it has an appropriate `as` value and it is preloaded intentionally.
[2025-05-23 22:09:10.535] [warn]  The resource https://discordapp.com/assets/cb2006dbced0e246.woff2 was preloaded using link preload but not used within a few seconds from the window's load event. Please make sure it has an appropriate `as` value and it is preloaded intentionally.
[2025-05-23 22:09:11.548] [warn]  [GatewaySocket] [ACK TIMEOUT] reconnecting in 2.88 seconds.
[2025-05-23 22:09:13.402] [warn]  [AnalyticsTrackingStore] Track: Request has been terminated
Possible causes: the network is offline, Origin is not allowed by Access-Control-Allow-Origin, the page is being unloaded, etc.
[2025-05-23 22:09:13.402] [error] [ReadStateStore]  Error: Request has been terminated
Possible causes: the network is offline, Origin is not allowed by Access-Control-Allow-Origin, the page is being unloaded, etc.
[2025-05-23 22:09:14.431] [info]  [GatewaySocket] [CONNECT] wss://gateway.discord.gg, encoding: etf, version: 9, compression: zstd-stream
[2025-05-23 22:09:20.819] [info]  [GatewaySocket] [CONNECTED] wss://gateway.discord.gg/?encoding=etf&v=9&compress=zstd-stream in 6388 ms
[2025-05-23 22:09:20.820] [info]  [GatewaySocket] [RESUME] resuming session dca8748dd61e1b2359480d62e59df00a, seq: 141
[2025-05-23 22:09:21.309] [info]  [Flux] Dispatching CONNECTION_RESUMED
[2025-05-23 22:09:21.310] [info]  [GatewaySocket] [RESUMED] took 6878ms, replayed 0 events, new seq: 143
[2025-05-23 22:09:24.934] [warn]  The resource https://discordapp.com/assets/189422196a4f8b53.woff2 was preloaded using link preload but not used within a few seconds from the window's load event. Please make sure it has an appropriate `as` value and it is preloaded intentionally.
[2025-05-23 22:09:24.934] [warn]  The resource https://discordapp.com/assets/dd24010f3cf7def7.woff2 was preloaded using link preload but not used within a few seconds from the window's load event. Please make sure it has an appropriate `as` value and it is preloaded intentionally.
[2025-05-23 22:09:24.935] [warn]  The resource https://discordapp.com/assets/7a6a566c2e88a35d.woff2 was preloaded using link preload but not used within a few seconds from the window's load event. Please make sure it has an appropriate `as` value and it is preloaded intentionally.
[2025-05-23 22:09:24.935] [warn]  The resource https://discordapp.com/assets/e52f0cba712e2fb4.woff2 was preloaded using link preload but not used within a few seconds from the window's load event. Please make sure it has an appropriate `as` value and it is preloaded intentionally.
[2025-05-23 22:09:24.935] [warn]  The resource https://discordapp.com/assets/ce3b8055f5114434.woff2 was preloaded using link preload but not used within a few seconds from the window's load event. Please make sure it has an appropriate `as` value and it is preloaded intentionally.
[2025-05-23 22:09:24.935] [warn]  The resource https://discordapp.com/assets/cb2006dbced0e246.woff2 was preloaded using link preload but not used within a few seconds from the window's load event. Please make sure it has an appropriate `as` value and it is preloaded intentionally.
[2025-05-23 22:09:24.993] [info]  [discord_protos.discord_users.v1.FrecencyUserSettings] Scheduling save from markDirty
[2025-05-23 22:09:24.993] [info]  [discord_protos.discord_users.v1.FrecencyUserSettings] Persisting proto
[2025-05-23 22:09:28.390] [warn]  The resource https://discordapp.com/assets/189422196a4f8b53.woff2 was preloaded using link preload but not used within a few seconds from the window's load event. Please make sure it has an appropriate `as` value and it is preloaded intentionally.
[2025-05-23 22:09:28.390] [warn]  The resource https://discordapp.com/assets/dd24010f3cf7def7.woff2 was preloaded using link preload but not used within a few seconds from the window's load event. Please make sure it has an appropriate `as` value and it is preloaded intentionally.
[2025-05-23 22:09:28.390] [warn]  The resource https://discordapp.com/assets/7a6a566c2e88a35d.woff2 was preloaded using link preload but not used within a few seconds from the window's load event. Please make sure it has an appropriate `as` value and it is preloaded intentionally.
[2025-05-23 22:09:28.390] [warn]  The resource https://discordapp.com/assets/e52f0cba712e2fb4.woff2 was preloaded using link preload but not used within a few seconds from the window's load event. Please make sure it has an appropriate `as` value and it is preloaded intentionally.
[2025-05-23 22:09:28.391] [warn]  The resource https://discordapp.com/assets/ce3b8055f5114434.woff2 was preloaded using link preload but not used within a few seconds from the window's load event. Please make sure it has an appropriate `as` value and it is preloaded intentionally.
[2025-05-23 22:09:28.391] [warn]  The resource https://discordapp.com/assets/cb2006dbced0e246.woff2 was preloaded using link preload but not used within a few seconds from the window's load event. Please make sure it has an appropriate `as` value and it is preloaded intentionally.
[2025-05-23 22:10:10.757] [warn]  The resource https://discordapp.com/assets/189422196a4f8b53.woff2 was preloaded using link preload but not used within a few seconds from the window's load event. Please make sure it has an appropriate `as` value and it is preloaded intentionally.
[2025-05-23 22:10:10.758] [warn]  The resource https://discordapp.com/assets/dd24010f3cf7def7.woff2 was preloaded using link preload but not used within a few seconds from the window's load event. Please make sure it has an appropriate `as` value and it is preloaded intentionally.
[2025-05-23 22:10:10.759] [warn]  The resource https://discordapp.com/assets/7a6a566c2e88a35d.woff2 was preloaded using link preload but not used within a few seconds from the window's load event. Please make sure it has an appropriate `as` value and it is preloaded intentionally.
[2025-05-23 22:10:10.759] [warn]  The resource https://discordapp.com/assets/e52f0cba712e2fb4.woff2 was preloaded using link preload but not used within a few seconds from the window's load event. Please make sure it has an appropriate `as` value and it is preloaded intentionally.
[2025-05-23 22:10:10.760] [warn]  The resource https://discordapp.com/assets/ce3b8055f5114434.woff2 was preloaded using link preload but not used within a few seconds from the window's load event. Please make sure it has an appropriate `as` value and it is preloaded intentionally.
[2025-05-23 22:10:10.760] [warn]  The resource https://discordapp.com/assets/cb2006dbced0e246.woff2 was preloaded using link preload but not used within a few seconds from the window's load event. Please make sure it has an appropriate `as` value and it is preloaded intentionally.
[2025-05-23 22:10:25.088] [warn]  The resource https://discordapp.com/assets/189422196a4f8b53.woff2 was preloaded using link preload but not used within a few seconds from the window's load event. Please make sure it has an appropriate `as` value and it is preloaded intentionally.
[2025-05-23 22:10:25.089] [warn]  The resource https://discordapp.com/assets/dd24010f3cf7def7.woff2 was preloaded using link preload but not used within a few seconds from the window's load event. Please make sure it has an appropriate `as` value and it is preloaded intentionally.
[2025-05-23 22:10:25.089] [warn]  The resource https://discordapp.com/assets/7a6a566c2e88a35d.woff2 was preloaded using link preload but not used within a few seconds from the window's load event. Please make sure it has an appropriate `as` value and it is preloaded intentionally.
[2025-05-23 22:10:25.090] [warn]  The resource https://discordapp.com/assets/e52f0cba712e2fb4.woff2 was preloaded using link preload but not used within a few seconds from the window's load event. Please make sure it has an appropriate `as` value and it is preloaded intentionally.
[2025-05-23 22:10:25.090] [warn]  The resource https://discordapp.com/assets/ce3b8055f5114434.woff2 was preloaded using link preload but not used within a few seconds from the window's load event. Please make sure it has an appropriate `as` value and it is preloaded intentionally.
[2025-05-23 22:10:25.091] [warn]  The resource https://discordapp.com/assets/cb2006dbced0e246.woff2 was preloaded using link preload but not used within a few seconds from the window's load event. Please make sure it has an appropriate `as` value and it is preloaded intentionally.
[2025-05-23 22:10:31.546] [info]  [MessageActionCreators] Fetching messages for 1136453197913927840 between undefined and undefined. jump={"jumpType":"ANIMATED"}
[2025-05-23 22:10:31.618] [info]  [Routing/Utils] transitionTo - Transitioning to /channels/363985050578190336/1136453197913927840
[2025-05-23 22:10:33.014] [info]  [MessageActionCreators] Fetched 1 messages for 1136453197913927840 isBefore:false isAfter:false
[2025-05-23 22:10:33.015] [info]  [ChannelMessages] loadComplete: resetting state for channelId=1136453197913927840, sending.length=0
[2025-05-23 22:10:33.428] [info]  Slow network is detected. See https://www.chromestatus.com/feature/5636954674692096 for more details. Fallback font will be used while loading: https://discordapp.com/assets/36e7b68ea0c05ae7.woff2
[2025-05-23 22:10:33.437] [error] ResizeObserver loop completed with undelivered notifications.
[2025-05-23 22:10:34.377] [error] ResizeObserver loop completed with undelivered notifications.
[2025-05-23 22:10:36.388] [error] ResizeObserver loop completed with undelivered notifications.
[2025-05-23 22:10:40.607] [info]  [MessageActionCreators] Fetching messages for 821655741614129183 between undefined and undefined. jump={"jumpType":"ANIMATED"}
[2025-05-23 22:10:40.696] [info]  [Routing/Utils] transitionTo - Transitioning to /channels/736298460231499817/821655741614129183
[2025-05-23 22:10:42.041] [info]  [MessageActionCreators] Fetched 50 messages for 821655741614129183 isBefore:false isAfter:false
[2025-05-23 22:10:42.045] [info]  [ChannelMessages] loadComplete: resetting state for channelId=821655741614129183, sending.length=0
[2025-05-23 22:10:43.127] [info]  [MessageActionCreators] Fetching messages for 918457902946201611 between undefined and undefined. jump={"jumpType":"ANIMATED"}
[2025-05-23 22:10:43.221] [info]  [Routing/Utils] transitionTo - Transitioning to /channels/918456670114443285/918457902946201611
[2025-05-23 22:10:44.484] [info]  [MessageActionCreators] Fetched 1 messages for 918457902946201611 isBefore:false isAfter:false
[2025-05-23 22:10:44.486] [info]  [ChannelMessages] loadComplete: resetting state for channelId=918457902946201611, sending.length=0
[2025-05-23 22:10:47.935] [info]  [MessageActionCreators] Fetching messages for 918458840809349121 between undefined and undefined. jump={"jumpType":"ANIMATED"}
[2025-05-23 22:10:48.013] [info]  [Routing/Utils] transitionTo - Transitioning to /channels/918456670114443285/918458840809349121
[2025-05-23 22:10:48.732] [info]  [MessageActionCreators] Fetched 10 messages for 918458840809349121 isBefore:false isAfter:false
[2025-05-23 22:10:48.735] [info]  [ChannelMessages] loadComplete: resetting state for channelId=918458840809349121, sending.length=0
[2025-05-23 22:11:06.359] [error] [ReadStateStore]  Error: Request has been terminated
Possible causes: the network is offline, Origin is not allowed by Access-Control-Allow-Origin, the page is being unloaded, etc.
[2025-05-23 22:11:08.777] [error] [ReadStateStore]  Error: Request has been terminated
Possible causes: the network is offline, Origin is not allowed by Access-Control-Allow-Origin, the page is being unloaded, etc.
[2025-05-23 22:11:11.779] [warn]  The resource https://discordapp.com/assets/189422196a4f8b53.woff2 was preloaded using link preload but not used within a few seconds from the window's load event. Please make sure it has an appropriate `as` value and it is preloaded intentionally.
[2025-05-23 22:11:11.779] [warn]  The resource https://discordapp.com/assets/dd24010f3cf7def7.woff2 was preloaded using link preload but not used within a few seconds from the window's load event. Please make sure it has an appropriate `as` value and it is preloaded intentionally.
[2025-05-23 22:11:11.779] [warn]  The resource https://discordapp.com/assets/7a6a566c2e88a35d.woff2 was preloaded using link preload but not used within a few seconds from the window's load event. Please make sure it has an appropriate `as` value and it is preloaded intentionally.
[2025-05-23 22:11:11.779] [warn]  The resource https://discordapp.com/assets/e52f0cba712e2fb4.woff2 was preloaded using link preload but not used within a few seconds from the window's load event. Please make sure it has an appropriate `as` value and it is preloaded intentionally.
[2025-05-23 22:11:11.779] [warn]  The resource https://discordapp.com/assets/ce3b8055f5114434.woff2 was preloaded using link preload but not used within a few seconds from the window's load event. Please make sure it has an appropriate `as` value and it is preloaded intentionally.
[2025-05-23 22:11:11.780] [warn]  The resource https://discordapp.com/assets/cb2006dbced0e246.woff2 was preloaded using link preload but not used within a few seconds from the window's load event. Please make sure it has an appropriate `as` value and it is preloaded intentionally.
[2025-05-23 22:11:13.770] [warn]  [GatewaySocket] [ACK TIMEOUT] reconnecting in 2.83 seconds.
[2025-05-23 22:11:16.569] [warn]  The resource https://discordapp.com/assets/189422196a4f8b53.woff2 was preloaded using link preload but not used within a few seconds from the window's load event. Please make sure it has an appropriate `as` value and it is preloaded intentionally.
[2025-05-23 22:11:16.570] [warn]  The resource https://discordapp.com/assets/dd24010f3cf7def7.woff2 was preloaded using link preload but not used within a few seconds from the window's load event. Please make sure it has an appropriate `as` value and it is preloaded intentionally.
[2025-05-23 22:11:16.570] [warn]  The resource https://discordapp.com/assets/7a6a566c2e88a35d.woff2 was preloaded using link preload but not used within a few seconds from the window's load event. Please make sure it has an appropriate `as` value and it is preloaded intentionally.
[2025-05-23 22:11:16.570] [warn]  The resource https://discordapp.com/assets/e52f0cba712e2fb4.woff2 was preloaded using link preload but not used within a few seconds from the window's load event. Please make sure it has an appropriate `as` value and it is preloaded intentionally.
[2025-05-23 22:11:16.570] [warn]  The resource https://discordapp.com/assets/ce3b8055f5114434.woff2 was preloaded using link preload but not used within a few seconds from the window's load event. Please make sure it has an appropriate `as` value and it is preloaded intentionally.
[2025-05-23 22:11:16.570] [warn]  The resource https://discordapp.com/assets/cb2006dbced0e246.woff2 was preloaded using link preload but not used within a few seconds from the window's load event. Please make sure it has an appropriate `as` value and it is preloaded intentionally.
[2025-05-23 22:11:16.601] [info]  [GatewaySocket] [CONNECT] wss://gateway.discord.gg, encoding: etf, version: 9, compression: zstd-stream
[2025-05-23 22:11:17.425] [info]  [GatewaySocket] [CONNECTED] wss://gateway.discord.gg/?encoding=etf&v=9&compress=zstd-stream in 824 ms
[2025-05-23 22:11:17.425] [info]  [GatewaySocket] [RESUME] resuming session dca8748dd61e1b2359480d62e59df00a, seq: 233
[2025-05-23 22:11:18.181] [info]  [Flux] Dispatching CONNECTION_RESUMED
[2025-05-23 22:11:18.183] [info]  [GatewaySocket] [RESUMED] took 1582ms, replayed 0 events, new seq: 278
[2025-05-23 22:11:21.736] [warn]  The resource https://discordapp.com/assets/189422196a4f8b53.woff2 was preloaded using link preload but not used within a few seconds from the window's load event. Please make sure it has an appropriate `as` value and it is preloaded intentionally.
[2025-05-23 22:11:21.737] [warn]  The resource https://discordapp.com/assets/dd24010f3cf7def7.woff2 was preloaded using link preload but not used within a few seconds from the window's load event. Please make sure it has an appropriate `as` value and it is preloaded intentionally.
[2025-05-23 22:11:21.737] [warn]  The resource https://discordapp.com/assets/7a6a566c2e88a35d.woff2 was preloaded using link preload but not used within a few seconds from the window's load event. Please make sure it has an appropriate `as` value and it is preloaded intentionally.
[2025-05-23 22:11:21.737] [warn]  The resource https://discordapp.com/assets/e52f0cba712e2fb4.woff2 was preloaded using link preload but not used within a few seconds from the window's load event. Please make sure it has an appropriate `as` value and it is preloaded intentionally.
[2025-05-23 22:11:21.737] [warn]  The resource https://discordapp.com/assets/ce3b8055f5114434.woff2 was preloaded using link preload but not used within a few seconds from the window's load event. Please make sure it has an appropriate `as` value and it is preloaded intentionally.
[2025-05-23 22:11:21.737] [warn]  The resource https://discordapp.com/assets/cb2006dbced0e246.woff2 was preloaded using link preload but not used within a few seconds from the window's load event. Please make sure it has an appropriate `as` value and it is preloaded intentionally.
[2025-05-23 22:11:21.866] [info]  [discord_protos.discord_users.v1.FrecencyUserSettings] Scheduling save from markDirty
[2025-05-23 22:11:21.866] [info]  [discord_protos.discord_users.v1.FrecencyUserSettings] Persisting proto
[2025-05-23 22:11:27.044] [warn]  The resource https://discordapp.com/assets/189422196a4f8b53.woff2 was preloaded using link preload but not used within a few seconds from the window's load event. Please make sure it has an appropriate `as` value and it is preloaded intentionally.
[2025-05-23 22:11:27.044] [warn]  The resource https://discordapp.com/assets/dd24010f3cf7def7.woff2 was preloaded using link preload but not used within a few seconds from the window's load event. Please make sure it has an appropriate `as` value and it is preloaded intentionally.
[2025-05-23 22:11:27.044] [warn]  The resource https://discordapp.com/assets/7a6a566c2e88a35d.woff2 was preloaded using link preload but not used within a few seconds from the window's load event. Please make sure it has an appropriate `as` value and it is preloaded intentionally.
[2025-05-23 22:11:27.044] [warn]  The resource https://discordapp.com/assets/e52f0cba712e2fb4.woff2 was preloaded using link preload but not used within a few seconds from the window's load event. Please make sure it has an appropriate `as` value and it is preloaded intentionally.
[2025-05-23 22:11:27.044] [warn]  The resource https://discordapp.com/assets/ce3b8055f5114434.woff2 was preloaded using link preload but not used within a few seconds from the window's load event. Please make sure it has an appropriate `as` value and it is preloaded intentionally.
[2025-05-23 22:11:27.044] [warn]  The resource https://discordapp.com/assets/cb2006dbced0e246.woff2 was preloaded using link preload but not used within a few seconds from the window's load event. Please make sure it has an appropriate `as` value and it is preloaded intentionally.
[2025-05-23 22:14:38.048] [warn]  [GatewaySocket] [ACK TIMEOUT] reconnecting in 2.92 seconds.
[2025-05-23 22:14:40.967] [info]  [GatewaySocket] [CONNECT] wss://gateway.discord.gg, encoding: etf, version: 9, compression: zstd-stream
[2025-05-23 22:14:40.973] [info]  [GatewaySocket] [WS CLOSED] (false, 0, An error with the websocket occurred) retrying in 3.64 seconds.
[2025-05-23 22:14:44.616] [info]  [GatewaySocket] [CONNECT] wss://gateway.discord.gg, encoding: etf, version: 9, compression: zstd-stream
[2025-05-23 22:14:44.626] [info]  [GatewaySocket] [WS CLOSED] (false, 0, An error with the websocket occurred) retrying in 8.73 seconds.
[2025-05-23 22:14:52.350] [info]  [GatewaySocket] [CONNECT] wss://gateway.discord.gg, encoding: etf, version: 9, compression: zstd-stream
[2025-05-23 22:14:52.355] [info]  [GatewaySocket] [WS CLOSED] (false, 0, An error with the websocket occurred) retrying in 1.23 seconds.
[2025-05-23 22:14:53.585] [info]  [GatewaySocket] [CONNECT] wss://gateway.discord.gg, encoding: etf, version: 9, compression: zstd-stream
[2025-05-23 22:14:53.946] [info]  [GatewaySocket] [WS CLOSED] (false, 0, An error with the websocket occurred) retrying in 3.50 seconds.
[2025-05-23 22:14:57.444] [info]  [GatewaySocket] [CONNECT] wss://gateway.discord.gg, encoding: etf, version: 9, compression: zstd-stream
[2025-05-23 22:14:58.248] [info]  [GatewaySocket] [CONNECTED] wss://gateway.discord.gg/?encoding=etf&v=9&compress=zstd-stream in 805 ms
[2025-05-23 22:14:58.254] [info]  [GatewaySocket] [RESUME] resuming session dca8748dd61e1b2359480d62e59df00a, seq: 771
[2025-05-23 22:14:58.586] [info]  [Flux] Dispatching CONNECTION_RESUMED
[2025-05-23 22:14:58.590] [info]  [GatewaySocket] [RESUMED] took 1147ms, replayed 0 events, new seq: 848
[2025-05-23 22:15:02.084] [warn]  The resource https://discordapp.com/assets/189422196a4f8b53.woff2 was preloaded using link preload but not used within a few seconds from the window's load event. Please make sure it has an appropriate `as` value and it is preloaded intentionally.
[2025-05-23 22:15:02.085] [warn]  The resource https://discordapp.com/assets/dd24010f3cf7def7.woff2 was preloaded using link preload but not used within a few seconds from the window's load event. Please make sure it has an appropriate `as` value and it is preloaded intentionally.
[2025-05-23 22:15:02.085] [warn]  The resource https://discordapp.com/assets/7a6a566c2e88a35d.woff2 was preloaded using link preload but not used within a few seconds from the window's load event. Please make sure it has an appropriate `as` value and it is preloaded intentionally.
[2025-05-23 22:15:02.085] [warn]  The resource https://discordapp.com/assets/e52f0cba712e2fb4.woff2 was preloaded using link preload but not used within a few seconds from the window's load event. Please make sure it has an appropriate `as` value and it is preloaded intentionally.
[2025-05-23 22:15:02.085] [warn]  The resource https://discordapp.com/assets/ce3b8055f5114434.woff2 was preloaded using link preload but not used within a few seconds from the window's load event. Please make sure it has an appropriate `as` value and it is preloaded intentionally.
[2025-05-23 22:15:02.085] [warn]  The resource https://discordapp.com/assets/cb2006dbced0e246.woff2 was preloaded using link preload but not used within a few seconds from the window's load event. Please make sure it has an appropriate `as` value and it is preloaded intentionally.
[2025-05-23 22:19:23.665] [warn]  [GatewaySocket] [ACK TIMEOUT] reconnecting in 1.09 seconds.
[2025-05-23 22:19:24.757] [info]  [GatewaySocket] [CONNECT] wss://gateway.discord.gg, encoding: etf, version: 9, compression: zstd-stream
[2025-05-23 22:19:24.758] [info]  [GatewaySocket] [WS CLOSED] (false, 0, An error with the websocket occurred) retrying in 1.78 seconds.
[2025-05-23 22:19:26.541] [info]  [GatewaySocket] [CONNECT] wss://gateway.discord.gg, encoding: etf, version: 9, compression: zstd-stream
[2025-05-23 22:19:27.080] [info]  [GatewaySocket] [CONNECTED] wss://gateway.discord.gg/?encoding=etf&v=9&compress=zstd-stream in 538 ms
[2025-05-23 22:19:27.080] [info]  [GatewaySocket] [RESUME] resuming session dca8748dd61e1b2359480d62e59df00a, seq: 1354
[2025-05-23 22:19:27.410] [info]  [Flux] Dispatching CONNECTION_RESUMED
[2025-05-23 22:19:27.410] [info]  [GatewaySocket] [RESUMED] took 869ms, replayed 0 events, new seq: 1373
[2025-05-23 22:24:21.507] [warn]  [GatewaySocket] [ACK TIMEOUT] reconnecting in 1.67 seconds.
[2025-05-23 22:24:23.172] [info]  [GatewaySocket] [CONNECT] wss://gateway.discord.gg, encoding: etf, version: 9, compression: zstd-stream
[2025-05-23 22:24:24.443] [info]  [GatewaySocket] [WS CLOSED] (false, 0, An error with the websocket occurred) retrying in 4.83 seconds.
[2025-05-23 22:24:29.276] [info]  [GatewaySocket] [CONNECT] wss://gateway.discord.gg, encoding: etf, version: 9, compression: zstd-stream
[2025-05-23 22:24:30.234] [info]  [GatewaySocket] [CONNECTED] wss://gateway.discord.gg/?encoding=etf&v=9&compress=zstd-stream in 958 ms
[2025-05-23 22:24:30.234] [info]  [GatewaySocket] [RESUME] resuming session dca8748dd61e1b2359480d62e59df00a, seq: 1926
[2025-05-23 22:24:30.603] [info]  [Flux] Dispatching CONNECTION_RESUMED
[2025-05-23 22:24:30.608] [info]  [GatewaySocket] [RESUMED] took 1332ms, replayed 0 events, new seq: 1985
[2025-05-23 22:24:33.948] [warn]  The resource https://discordapp.com/assets/189422196a4f8b53.woff2 was preloaded using link preload but not used within a few seconds from the window's load event. Please make sure it has an appropriate `as` value and it is preloaded intentionally.
[2025-05-23 22:24:33.949] [warn]  The resource https://discordapp.com/assets/dd24010f3cf7def7.woff2 was preloaded using link preload but not used within a few seconds from the window's load event. Please make sure it has an appropriate `as` value and it is preloaded intentionally.
[2025-05-23 22:24:33.949] [warn]  The resource https://discordapp.com/assets/7a6a566c2e88a35d.woff2 was preloaded using link preload but not used within a few seconds from the window's load event. Please make sure it has an appropriate `as` value and it is preloaded intentionally.
[2025-05-23 22:24:33.949] [warn]  The resource https://discordapp.com/assets/e52f0cba712e2fb4.woff2 was preloaded using link preload but not used within a few seconds from the window's load event. Please make sure it has an appropriate `as` value and it is preloaded intentionally.
[2025-05-23 22:24:33.949] [warn]  The resource https://discordapp.com/assets/ce3b8055f5114434.woff2 was preloaded using link preload but not used within a few seconds from the window's load event. Please make sure it has an appropriate `as` value and it is preloaded intentionally.
[2025-05-23 22:24:33.949] [warn]  The resource https://discordapp.com/assets/cb2006dbced0e246.woff2 was preloaded using link preload but not used within a few seconds from the window's load event. Please make sure it has an appropriate `as` value and it is preloaded intentionally.
[2025-05-23 22:26:21.237] [warn]  [GatewaySocket] [ACK TIMEOUT] reconnecting in 2.24 seconds.
[2025-05-23 22:26:23.480] [info]  [GatewaySocket] [CONNECT] wss://gateway.discord.gg, encoding: etf, version: 9, compression: zstd-stream
[2025-05-23 22:26:25.754] [info]  [GatewaySocket] [CONNECTED] wss://gateway.discord.gg/?encoding=etf&v=9&compress=zstd-stream in 2274 ms
[2025-05-23 22:26:25.754] [info]  [GatewaySocket] [RESUME] resuming session dca8748dd61e1b2359480d62e59df00a, seq: 2169
[2025-05-23 22:26:26.363] [info]  [Flux] Dispatching CONNECTION_RESUMED
[2025-05-23 22:26:26.365] [info]  [GatewaySocket] [RESUMED] took 2885ms, replayed 0 events, new seq: 2200
[2025-05-23 22:26:30.538] [warn]  The resource https://discordapp.com/assets/189422196a4f8b53.woff2 was preloaded using link preload but not used within a few seconds from the window's load event. Please make sure it has an appropriate `as` value and it is preloaded intentionally.
[2025-05-23 22:26:30.538] [warn]  The resource https://discordapp.com/assets/dd24010f3cf7def7.woff2 was preloaded using link preload but not used within a few seconds from the window's load event. Please make sure it has an appropriate `as` value and it is preloaded intentionally.
[2025-05-23 22:26:30.538] [warn]  The resource https://discordapp.com/assets/7a6a566c2e88a35d.woff2 was preloaded using link preload but not used within a few seconds from the window's load event. Please make sure it has an appropriate `as` value and it is preloaded intentionally.
[2025-05-23 22:26:30.539] [warn]  The resource https://discordapp.com/assets/e52f0cba712e2fb4.woff2 was preloaded using link preload but not used within a few seconds from the window's load event. Please make sure it has an appropriate `as` value and it is preloaded intentionally.
[2025-05-23 22:26:30.539] [warn]  The resource https://discordapp.com/assets/ce3b8055f5114434.woff2 was preloaded using link preload but not used within a few seconds from the window's load event. Please make sure it has an appropriate `as` value and it is preloaded intentionally.
[2025-05-23 22:26:30.539] [warn]  The resource https://discordapp.com/assets/cb2006dbced0e246.woff2 was preloaded using link preload but not used within a few seconds from the window's load event. Please make sure it has an appropriate `as` value and it is preloaded intentionally.
[2025-05-23 22:28:28.360] [warn]  The resource https://discordapp.com/assets/189422196a4f8b53.woff2 was preloaded using link preload but not used within a few seconds from the window's load event. Please make sure it has an appropriate `as` value and it is preloaded intentionally.
[2025-05-23 22:28:28.361] [warn]  The resource https://discordapp.com/assets/dd24010f3cf7def7.woff2 was preloaded using link preload but not used within a few seconds from the window's load event. Please make sure it has an appropriate `as` value and it is preloaded intentionally.
[2025-05-23 22:28:28.361] [warn]  The resource https://discordapp.com/assets/7a6a566c2e88a35d.woff2 was preloaded using link preload but not used within a few seconds from the window's load event. Please make sure it has an appropriate `as` value and it is preloaded intentionally.
[2025-05-23 22:28:28.361] [warn]  The resource https://discordapp.com/assets/e52f0cba712e2fb4.woff2 was preloaded using link preload but not used within a few seconds from the window's load event. Please make sure it has an appropriate `as` value and it is preloaded intentionally.
[2025-05-23 22:28:28.362] [warn]  The resource https://discordapp.com/assets/ce3b8055f5114434.woff2 was preloaded using link preload but not used within a few seconds from the window's load event. Please make sure it has an appropriate `as` value and it is preloaded intentionally.
[2025-05-23 22:28:28.362] [warn]  The resource https://discordapp.com/assets/cb2006dbced0e246.woff2 was preloaded using link preload but not used within a few seconds from the window's load event. Please make sure it has an appropriate `as` value and it is preloaded intentionally.
[2025-05-23 22:29:22.704] [warn]  The resource https://discordapp.com/assets/189422196a4f8b53.woff2 was preloaded using link preload but not used within a few seconds from the window's load event. Please make sure it has an appropriate `as` value and it is preloaded intentionally.
[2025-05-23 22:29:22.705] [warn]  The resource https://discordapp.com/assets/dd24010f3cf7def7.woff2 was preloaded using link preload but not used within a few seconds from the window's load event. Please make sure it has an appropriate `as` value and it is preloaded intentionally.
[2025-05-23 22:29:22.705] [warn]  The resource https://discordapp.com/assets/7a6a566c2e88a35d.woff2 was preloaded using link preload but not used within a few seconds from the window's load event. Please make sure it has an appropriate `as` value and it is preloaded intentionally.
[2025-05-23 22:29:22.706] [warn]  The resource https://discordapp.com/assets/e52f0cba712e2fb4.woff2 was preloaded using link preload but not used within a few seconds from the window's load event. Please make sure it has an appropriate `as` value and it is preloaded intentionally.
[2025-05-23 22:29:22.706] [warn]  The resource https://discordapp.com/assets/ce3b8055f5114434.woff2 was preloaded using link preload but not used within a few seconds from the window's load event. Please make sure it has an appropriate `as` value and it is preloaded intentionally.
[2025-05-23 22:29:22.706] [warn]  The resource https://discordapp.com/assets/cb2006dbced0e246.woff2 was preloaded using link preload but not used within a few seconds from the window's load event. Please make sure it has an appropriate `as` value and it is preloaded intentionally.
[2025-05-23 22:29:37.115] [warn]  The resource https://discordapp.com/assets/189422196a4f8b53.woff2 was preloaded using link preload but not used within a few seconds from the window's load event. Please make sure it has an appropriate `as` value and it is preloaded intentionally.
[2025-05-23 22:29:37.116] [warn]  The resource https://discordapp.com/assets/dd24010f3cf7def7.woff2 was preloaded using link preload but not used within a few seconds from the window's load event. Please make sure it has an appropriate `as` value and it is preloaded intentionally.
[2025-05-23 22:29:37.117] [warn]  The resource https://discordapp.com/assets/7a6a566c2e88a35d.woff2 was preloaded using link preload but not used within a few seconds from the window's load event. Please make sure it has an appropriate `as` value and it is preloaded intentionally.
[2025-05-23 22:29:37.117] [warn]  The resource https://discordapp.com/assets/e52f0cba712e2fb4.woff2 was preloaded using link preload but not used within a few seconds from the window's load event. Please make sure it has an appropriate `as` value and it is preloaded intentionally.
[2025-05-23 22:29:37.118] [warn]  The resource https://discordapp.com/assets/ce3b8055f5114434.woff2 was preloaded using link preload but not used within a few seconds from the window's load event. Please make sure it has an appropriate `as` value and it is preloaded intentionally.
[2025-05-23 22:29:37.118] [warn]  The resource https://discordapp.com/assets/cb2006dbced0e246.woff2 was preloaded using link preload but not used within a few seconds from the window's load event. Please make sure it has an appropriate `as` value and it is preloaded intentionally.
[2025-05-23 22:32:28.240] [info]  [MessageActionCreators] Fetching messages for 918458861558583306 between undefined and undefined. jump={"jumpType":"ANIMATED"}
[2025-05-23 22:32:28.312] [info]  [Routing/Utils] transitionTo - Transitioning to /channels/918456670114443285/918458861558583306
[2025-05-23 22:32:29.716] [info]  [MessageActionCreators] Fetched 2 messages for 918458861558583306 isBefore:false isAfter:false
[2025-05-23 22:32:29.718] [info]  [ChannelMessages] loadComplete: resetting state for channelId=918458861558583306, sending.length=0
[2025-05-23 22:32:33.763] [error] [ReadStateStore]  Error: Request has been terminated
Possible causes: the network is offline, Origin is not allowed by Access-Control-Allow-Origin, the page is being unloaded, etc.
[2025-05-23 22:32:38.759] [warn]  The resource https://discordapp.com/assets/189422196a4f8b53.woff2 was preloaded using link preload but not used within a few seconds from the window's load event. Please make sure it has an appropriate `as` value and it is preloaded intentionally.
[2025-05-23 22:32:38.760] [warn]  The resource https://discordapp.com/assets/dd24010f3cf7def7.woff2 was preloaded using link preload but not used within a few seconds from the window's load event. Please make sure it has an appropriate `as` value and it is preloaded intentionally.
[2025-05-23 22:32:38.760] [warn]  The resource https://discordapp.com/assets/7a6a566c2e88a35d.woff2 was preloaded using link preload but not used within a few seconds from the window's load event. Please make sure it has an appropriate `as` value and it is preloaded intentionally.
[2025-05-23 22:32:38.761] [warn]  The resource https://discordapp.com/assets/e52f0cba712e2fb4.woff2 was preloaded using link preload but not used within a few seconds from the window's load event. Please make sure it has an appropriate `as` value and it is preloaded intentionally.
[2025-05-23 22:32:38.761] [warn]  The resource https://discordapp.com/assets/ce3b8055f5114434.woff2 was preloaded using link preload but not used within a few seconds from the window's load event. Please make sure it has an appropriate `as` value and it is preloaded intentionally.
[2025-05-23 22:32:38.762] [warn]  The resource https://discordapp.com/assets/cb2006dbced0e246.woff2 was preloaded using link preload but not used within a few seconds from the window's load event. Please make sure it has an appropriate `as` value and it is preloaded intentionally.
[2025-05-23 22:32:41.513] [error] [ReadStateStore]  Error: Request has been terminated
Possible causes: the network is offline, Origin is not allowed by Access-Control-Allow-Origin, the page is being unloaded, etc.
[2025-05-23 22:32:44.513] [warn]  The resource https://discordapp.com/assets/189422196a4f8b53.woff2 was preloaded using link preload but not used within a few seconds from the window's load event. Please make sure it has an appropriate `as` value and it is preloaded intentionally.
[2025-05-23 22:32:44.513] [warn]  The resource https://discordapp.com/assets/dd24010f3cf7def7.woff2 was preloaded using link preload but not used within a few seconds from the window's load event. Please make sure it has an appropriate `as` value and it is preloaded intentionally.
[2025-05-23 22:32:44.513] [warn]  The resource https://discordapp.com/assets/7a6a566c2e88a35d.woff2 was preloaded using link preload but not used within a few seconds from the window's load event. Please make sure it has an appropriate `as` value and it is preloaded intentionally.
[2025-05-23 22:32:44.514] [warn]  The resource https://discordapp.com/assets/e52f0cba712e2fb4.woff2 was preloaded using link preload but not used within a few seconds from the window's load event. Please make sure it has an appropriate `as` value and it is preloaded intentionally.
[2025-05-23 22:32:44.514] [warn]  The resource https://discordapp.com/assets/ce3b8055f5114434.woff2 was preloaded using link preload but not used within a few seconds from the window's load event. Please make sure it has an appropriate `as` value and it is preloaded intentionally.
[2025-05-23 22:32:44.514] [warn]  The resource https://discordapp.com/assets/cb2006dbced0e246.woff2 was preloaded using link preload but not used within a few seconds from the window's load event. Please make sure it has an appropriate `as` value and it is preloaded intentionally.
[2025-05-23 22:32:45.515] [error] [ReadStateStore]  Error: Request has been terminated
Possible causes: the network is offline, Origin is not allowed by Access-Control-Allow-Origin, the page is being unloaded, etc.
[2025-05-23 22:32:46.507] [warn]  [GatewaySocket] [ACK TIMEOUT] reconnecting in 2.13 seconds.
[2025-05-23 22:32:48.632] [info]  [GatewaySocket] [CONNECT] wss://gateway.discord.gg, encoding: etf, version: 9, compression: zstd-stream
[2025-05-23 22:32:48.767] [warn]  The resource https://discordapp.com/assets/189422196a4f8b53.woff2 was preloaded using link preload but not used within a few seconds from the window's load event. Please make sure it has an appropriate `as` value and it is preloaded intentionally.
[2025-05-23 22:32:48.767] [warn]  The resource https://discordapp.com/assets/dd24010f3cf7def7.woff2 was preloaded using link preload but not used within a few seconds from the window's load event. Please make sure it has an appropriate `as` value and it is preloaded intentionally.
[2025-05-23 22:32:48.767] [warn]  The resource https://discordapp.com/assets/7a6a566c2e88a35d.woff2 was preloaded using link preload but not used within a few seconds from the window's load event. Please make sure it has an appropriate `as` value and it is preloaded intentionally.
[2025-05-23 22:32:48.767] [warn]  The resource https://discordapp.com/assets/e52f0cba712e2fb4.woff2 was preloaded using link preload but not used within a few seconds from the window's load event. Please make sure it has an appropriate `as` value and it is preloaded intentionally.
[2025-05-23 22:32:48.767] [warn]  The resource https://discordapp.com/assets/ce3b8055f5114434.woff2 was preloaded using link preload but not used within a few seconds from the window's load event. Please make sure it has an appropriate `as` value and it is preloaded intentionally.
[2025-05-23 22:32:48.767] [warn]  The resource https://discordapp.com/assets/cb2006dbced0e246.woff2 was preloaded using link preload but not used within a few seconds from the window's load event. Please make sure it has an appropriate `as` value and it is preloaded intentionally.
[2025-05-23 22:32:50.744] [info]  [GatewaySocket] [CONNECTED] wss://gateway.discord.gg/?encoding=etf&v=9&compress=zstd-stream in 2113 ms
[2025-05-23 22:32:50.744] [info]  [GatewaySocket] [RESUME] resuming session dca8748dd61e1b2359480d62e59df00a, seq: 2884
[2025-05-23 22:32:51.584] [info]  [Flux] Dispatching CONNECTION_RESUMED
[2025-05-23 22:32:51.589] [info]  [GatewaySocket] [RESUMED] took 2958ms, replayed 0 events, new seq: 2941
[2025-05-23 22:32:55.267] [info]  [discord_protos.discord_users.v1.FrecencyUserSettings] Scheduling save from markDirty
[2025-05-23 22:32:55.268] [info]  [discord_protos.discord_users.v1.FrecencyUserSettings] Persisting proto
[2025-05-23 22:32:55.494] [warn]  The resource https://discordapp.com/assets/189422196a4f8b53.woff2 was preloaded using link preload but not used within a few seconds from the window's load event. Please make sure it has an appropriate `as` value and it is preloaded intentionally.
[2025-05-23 22:32:55.494] [warn]  The resource https://discordapp.com/assets/dd24010f3cf7def7.woff2 was preloaded using link preload but not used within a few seconds from the window's load event. Please make sure it has an appropriate `as` value and it is preloaded intentionally.
[2025-05-23 22:32:55.494] [warn]  The resource https://discordapp.com/assets/7a6a566c2e88a35d.woff2 was preloaded using link preload but not used within a few seconds from the window's load event. Please make sure it has an appropriate `as` value and it is preloaded intentionally.
[2025-05-23 22:32:55.494] [warn]  The resource https://discordapp.com/assets/e52f0cba712e2fb4.woff2 was preloaded using link preload but not used within a few seconds from the window's load event. Please make sure it has an appropriate `as` value and it is preloaded intentionally.
[2025-05-23 22:32:55.494] [warn]  The resource https://discordapp.com/assets/ce3b8055f5114434.woff2 was preloaded using link preload but not used within a few seconds from the window's load event. Please make sure it has an appropriate `as` value and it is preloaded intentionally.
[2025-05-23 22:32:55.494] [warn]  The resource https://discordapp.com/assets/cb2006dbced0e246.woff2 was preloaded using link preload but not used within a few seconds from the window's load event. Please make sure it has an appropriate `as` value and it is preloaded intentionally.
[2025-05-23 22:32:59.129] [warn]  The resource https://discordapp.com/assets/189422196a4f8b53.woff2 was preloaded using link preload but not used within a few seconds from the window's load event. Please make sure it has an appropriate `as` value and it is preloaded intentionally.
[2025-05-23 22:32:59.129] [warn]  The resource https://discordapp.com/assets/dd24010f3cf7def7.woff2 was preloaded using link preload but not used within a few seconds from the window's load event. Please make sure it has an appropriate `as` value and it is preloaded intentionally.
[2025-05-23 22:32:59.129] [warn]  The resource https://discordapp.com/assets/7a6a566c2e88a35d.woff2 was preloaded using link preload but not used within a few seconds from the window's load event. Please make sure it has an appropriate `as` value and it is preloaded intentionally.
[2025-05-23 22:32:59.129] [warn]  The resource https://discordapp.com/assets/e52f0cba712e2fb4.woff2 was preloaded using link preload but not used within a few seconds from the window's load event. Please make sure it has an appropriate `as` value and it is preloaded intentionally.
[2025-05-23 22:32:59.129] [warn]  The resource https://discordapp.com/assets/ce3b8055f5114434.woff2 was preloaded using link preload but not used within a few seconds from the window's load event. Please make sure it has an appropriate `as` value and it is preloaded intentionally.
[2025-05-23 22:32:59.130] [warn]  The resource https://discordapp.com/assets/cb2006dbced0e246.woff2 was preloaded using link preload but not used within a few seconds from the window's load event. Please make sure it has an appropriate `as` value and it is preloaded intentionally.
[2025-05-23 22:34:37.979] [warn]  The resource https://discordapp.com/assets/189422196a4f8b53.woff2 was preloaded using link preload but not used within a few seconds from the window's load event. Please make sure it has an appropriate `as` value and it is preloaded intentionally.
[2025-05-23 22:34:37.979] [warn]  The resource https://discordapp.com/assets/dd24010f3cf7def7.woff2 was preloaded using link preload but not used within a few seconds from the window's load event. Please make sure it has an appropriate `as` value and it is preloaded intentionally.
[2025-05-23 22:34:37.980] [warn]  The resource https://discordapp.com/assets/7a6a566c2e88a35d.woff2 was preloaded using link preload but not used within a few seconds from the window's load event. Please make sure it has an appropriate `as` value and it is preloaded intentionally.
[2025-05-23 22:34:37.980] [warn]  The resource https://discordapp.com/assets/e52f0cba712e2fb4.woff2 was preloaded using link preload but not used within a few seconds from the window's load event. Please make sure it has an appropriate `as` value and it is preloaded intentionally.
[2025-05-23 22:34:37.980] [warn]  The resource https://discordapp.com/assets/ce3b8055f5114434.woff2 was preloaded using link preload but not used within a few seconds from the window's load event. Please make sure it has an appropriate `as` value and it is preloaded intentionally.
[2025-05-23 22:34:37.981] [warn]  The resource https://discordapp.com/assets/cb2006dbced0e246.woff2 was preloaded using link preload but not used within a few seconds from the window's load event. Please make sure it has an appropriate `as` value and it is preloaded intentionally.
[2025-05-23 22:37:29.083] [warn]  The resource https://discordapp.com/assets/189422196a4f8b53.woff2 was preloaded using link preload but not used within a few seconds from the window's load event. Please make sure it has an appropriate `as` value and it is preloaded intentionally.
[2025-05-23 22:37:29.083] [warn]  The resource https://discordapp.com/assets/dd24010f3cf7def7.woff2 was preloaded using link preload but not used within a few seconds from the window's load event. Please make sure it has an appropriate `as` value and it is preloaded intentionally.
[2025-05-23 22:37:29.084] [warn]  The resource https://discordapp.com/assets/7a6a566c2e88a35d.woff2 was preloaded using link preload but not used within a few seconds from the window's load event. Please make sure it has an appropriate `as` value and it is preloaded intentionally.
[2025-05-23 22:37:29.084] [warn]  The resource https://discordapp.com/assets/e52f0cba712e2fb4.woff2 was preloaded using link preload but not used within a few seconds from the window's load event. Please make sure it has an appropriate `as` value and it is preloaded intentionally.
[2025-05-23 22:37:29.084] [warn]  The resource https://discordapp.com/assets/ce3b8055f5114434.woff2 was preloaded using link preload but not used within a few seconds from the window's load event. Please make sure it has an appropriate `as` value and it is preloaded intentionally.
[2025-05-23 22:37:29.085] [warn]  The resource https://discordapp.com/assets/cb2006dbced0e246.woff2 was preloaded using link preload but not used within a few seconds from the window's load event. Please make sure it has an appropriate `as` value and it is preloaded intentionally.
[2025-05-23 22:39:02.598] [warn]  [GatewaySocket] [ACK TIMEOUT] reconnecting in 2.53 seconds.
[2025-05-23 22:39:05.130] [info]  [GatewaySocket] [CONNECT] wss://gateway.discord.gg, encoding: etf, version: 9, compression: zstd-stream
[2025-05-23 22:39:13.304] [info]  [GatewaySocket] [CONNECTED] wss://gateway.discord.gg/?encoding=etf&v=9&compress=zstd-stream in 8174 ms
[2025-05-23 22:39:13.305] [info]  [GatewaySocket] [RESUME] resuming session dca8748dd61e1b2359480d62e59df00a, seq: 3517
[2025-05-23 22:39:13.728] [info]  [Flux] Dispatching CONNECTION_RESUMED
[2025-05-23 22:39:13.730] [info]  [GatewaySocket] [RESUMED] took 8600ms, replayed 0 events, new seq: 3614
[2025-05-23 22:42:28.918] [warn]  The resource https://discordapp.com/assets/189422196a4f8b53.woff2 was preloaded using link preload but not used within a few seconds from the window's load event. Please make sure it has an appropriate `as` value and it is preloaded intentionally.
[2025-05-23 22:42:28.919] [warn]  The resource https://discordapp.com/assets/dd24010f3cf7def7.woff2 was preloaded using link preload but not used within a few seconds from the window's load event. Please make sure it has an appropriate `as` value and it is preloaded intentionally.
[2025-05-23 22:42:28.920] [warn]  The resource https://discordapp.com/assets/7a6a566c2e88a35d.woff2 was preloaded using link preload but not used within a few seconds from the window's load event. Please make sure it has an appropriate `as` value and it is preloaded intentionally.
[2025-05-23 22:42:28.920] [warn]  The resource https://discordapp.com/assets/e52f0cba712e2fb4.woff2 was preloaded using link preload but not used within a few seconds from the window's load event. Please make sure it has an appropriate `as` value and it is preloaded intentionally.
[2025-05-23 22:42:28.920] [warn]  The resource https://discordapp.com/assets/ce3b8055f5114434.woff2 was preloaded using link preload but not used within a few seconds from the window's load event. Please make sure it has an appropriate `as` value and it is preloaded intentionally.
[2025-05-23 22:42:28.921] [warn]  The resource https://discordapp.com/assets/cb2006dbced0e246.woff2 was preloaded using link preload but not used within a few seconds from the window's load event. Please make sure it has an appropriate `as` value and it is preloaded intentionally.
[2025-05-23 22:43:05.274] [warn]  The resource https://discordapp.com/assets/189422196a4f8b53.woff2 was preloaded using link preload but not used within a few seconds from the window's load event. Please make sure it has an appropriate `as` value and it is preloaded intentionally.
[2025-05-23 22:43:05.274] [warn]  The resource https://discordapp.com/assets/dd24010f3cf7def7.woff2 was preloaded using link preload but not used within a few seconds from the window's load event. Please make sure it has an appropriate `as` value and it is preloaded intentionally.
[2025-05-23 22:43:05.275] [warn]  The resource https://discordapp.com/assets/7a6a566c2e88a35d.woff2 was preloaded using link preload but not used within a few seconds from the window's load event. Please make sure it has an appropriate `as` value and it is preloaded intentionally.
[2025-05-23 22:43:05.275] [warn]  The resource https://discordapp.com/assets/e52f0cba712e2fb4.woff2 was preloaded using link preload but not used within a few seconds from the window's load event. Please make sure it has an appropriate `as` value and it is preloaded intentionally.
[2025-05-23 22:43:05.275] [warn]  The resource https://discordapp.com/assets/ce3b8055f5114434.woff2 was preloaded using link preload but not used within a few seconds from the window's load event. Please make sure it has an appropriate `as` value and it is preloaded intentionally.
[2025-05-23 22:43:05.276] [warn]  The resource https://discordapp.com/assets/cb2006dbced0e246.woff2 was preloaded using link preload but not used within a few seconds from the window's load event. Please make sure it has an appropriate `as` value and it is preloaded intentionally.
[2025-05-23 22:43:23.975] [warn]  The resource https://discordapp.com/assets/189422196a4f8b53.woff2 was preloaded using link preload but not used within a few seconds from the window's load event. Please make sure it has an appropriate `as` value and it is preloaded intentionally.
[2025-05-23 22:43:23.975] [warn]  The resource https://discordapp.com/assets/dd24010f3cf7def7.woff2 was preloaded using link preload but not used within a few seconds from the window's load event. Please make sure it has an appropriate `as` value and it is preloaded intentionally.
[2025-05-23 22:43:23.976] [warn]  The resource https://discordapp.com/assets/7a6a566c2e88a35d.woff2 was preloaded using link preload but not used within a few seconds from the window's load event. Please make sure it has an appropriate `as` value and it is preloaded intentionally.
[2025-05-23 22:43:23.976] [warn]  The resource https://discordapp.com/assets/e52f0cba712e2fb4.woff2 was preloaded using link preload but not used within a few seconds from the window's load event. Please make sure it has an appropriate `as` value and it is preloaded intentionally.
[2025-05-23 22:43:23.976] [warn]  The resource https://discordapp.com/assets/ce3b8055f5114434.woff2 was preloaded using link preload but not used within a few seconds from the window's load event. Please make sure it has an appropriate `as` value and it is preloaded intentionally.
[2025-05-23 22:43:23.977] [warn]  The resource https://discordapp.com/assets/cb2006dbced0e246.woff2 was preloaded using link preload but not used within a few seconds from the window's load event. Please make sure it has an appropriate `as` value and it is preloaded intentionally.
[2025-05-23 22:47:38.945] [warn]  The resource https://discordapp.com/assets/189422196a4f8b53.woff2 was preloaded using link preload but not used within a few seconds from the window's load event. Please make sure it has an appropriate `as` value and it is preloaded intentionally.
[2025-05-23 22:47:38.946] [warn]  The resource https://discordapp.com/assets/dd24010f3cf7def7.woff2 was preloaded using link preload but not used within a few seconds from the window's load event. Please make sure it has an appropriate `as` value and it is preloaded intentionally.
[2025-05-23 22:47:38.946] [warn]  The resource https://discordapp.com/assets/7a6a566c2e88a35d.woff2 was preloaded using link preload but not used within a few seconds from the window's load event. Please make sure it has an appropriate `as` value and it is preloaded intentionally.
[2025-05-23 22:47:38.946] [warn]  The resource https://discordapp.com/assets/e52f0cba712e2fb4.woff2 was preloaded using link preload but not used within a few seconds from the window's load event. Please make sure it has an appropriate `as` value and it is preloaded intentionally.
[2025-05-23 22:47:38.947] [warn]  The resource https://discordapp.com/assets/ce3b8055f5114434.woff2 was preloaded using link preload but not used within a few seconds from the window's load event. Please make sure it has an appropriate `as` value and it is preloaded intentionally.
[2025-05-23 22:47:38.947] [warn]  The resource https://discordapp.com/assets/cb2006dbced0e246.woff2 was preloaded using link preload but not used within a few seconds from the window's load event. Please make sure it has an appropriate `as` value and it is preloaded intentionally.
[2025-05-23 22:52:28.984] [warn]  The resource https://discordapp.com/assets/189422196a4f8b53.woff2 was preloaded using link preload but not used within a few seconds from the window's load event. Please make sure it has an appropriate `as` value and it is preloaded intentionally.
[2025-05-23 22:52:28.985] [warn]  The resource https://discordapp.com/assets/dd24010f3cf7def7.woff2 was preloaded using link preload but not used within a few seconds from the window's load event. Please make sure it has an appropriate `as` value and it is preloaded intentionally.
[2025-05-23 22:52:28.986] [warn]  The resource https://discordapp.com/assets/7a6a566c2e88a35d.woff2 was preloaded using link preload but not used within a few seconds from the window's load event. Please make sure it has an appropriate `as` value and it is preloaded intentionally.
[2025-05-23 22:52:28.986] [warn]  The resource https://discordapp.com/assets/e52f0cba712e2fb4.woff2 was preloaded using link preload but not used within a few seconds from the window's load event. Please make sure it has an appropriate `as` value and it is preloaded intentionally.
[2025-05-23 22:52:28.986] [warn]  The resource https://discordapp.com/assets/ce3b8055f5114434.woff2 was preloaded using link preload but not used within a few seconds from the window's load event. Please make sure it has an appropriate `as` value and it is preloaded intentionally.
[2025-05-23 22:52:28.987] [warn]  The resource https://discordapp.com/assets/cb2006dbced0e246.woff2 was preloaded using link preload but not used within a few seconds from the window's load event. Please make sure it has an appropriate `as` value and it is preloaded intentionally.
[2025-05-23 22:54:32.135] [warn]  The resource https://discordapp.com/assets/189422196a4f8b53.woff2 was preloaded using link preload but not used within a few seconds from the window's load event. Please make sure it has an appropriate `as` value and it is preloaded intentionally.
[2025-05-23 22:54:32.136] [warn]  The resource https://discordapp.com/assets/dd24010f3cf7def7.woff2 was preloaded using link preload but not used within a few seconds from the window's load event. Please make sure it has an appropriate `as` value and it is preloaded intentionally.
[2025-05-23 22:54:32.137] [warn]  The resource https://discordapp.com/assets/7a6a566c2e88a35d.woff2 was preloaded using link preload but not used within a few seconds from the window's load event. Please make sure it has an appropriate `as` value and it is preloaded intentionally.
[2025-05-23 22:54:32.137] [warn]  The resource https://discordapp.com/assets/e52f0cba712e2fb4.woff2 was preloaded using link preload but not used within a few seconds from the window's load event. Please make sure it has an appropriate `as` value and it is preloaded intentionally.
[2025-05-23 22:54:32.137] [warn]  The resource https://discordapp.com/assets/ce3b8055f5114434.woff2 was preloaded using link preload but not used within a few seconds from the window's load event. Please make sure it has an appropriate `as` value and it is preloaded intentionally.
[2025-05-23 22:54:32.137] [warn]  The resource https://discordapp.com/assets/cb2006dbced0e246.woff2 was preloaded using link preload but not used within a few seconds from the window's load event. Please make sure it has an appropriate `as` value and it is preloaded intentionally.
[2025-05-23 22:57:30.224] [warn]  The resource https://discordapp.com/assets/189422196a4f8b53.woff2 was preloaded using link preload but not used within a few seconds from the window's load event. Please make sure it has an appropriate `as` value and it is preloaded intentionally.
[2025-05-23 22:57:30.225] [warn]  The resource https://discordapp.com/assets/dd24010f3cf7def7.woff2 was preloaded using link preload but not used within a few seconds from the window's load event. Please make sure it has an appropriate `as` value and it is preloaded intentionally.
[2025-05-23 22:57:30.225] [warn]  The resource https://discordapp.com/assets/7a6a566c2e88a35d.woff2 was preloaded using link preload but not used within a few seconds from the window's load event. Please make sure it has an appropriate `as` value and it is preloaded intentionally.
[2025-05-23 22:57:30.225] [warn]  The resource https://discordapp.com/assets/e52f0cba712e2fb4.woff2 was preloaded using link preload but not used within a few seconds from the window's load event. Please make sure it has an appropriate `as` value and it is preloaded intentionally.
[2025-05-23 22:57:30.226] [warn]  The resource https://discordapp.com/assets/ce3b8055f5114434.woff2 was preloaded using link preload but not used within a few seconds from the window's load event. Please make sure it has an appropriate `as` value and it is preloaded intentionally.
[2025-05-23 22:57:30.226] [warn]  The resource https://discordapp.com/assets/cb2006dbced0e246.woff2 was preloaded using link preload but not used within a few seconds from the window's load event. Please make sure it has an appropriate `as` value and it is preloaded intentionally.
[2025-05-23 22:57:47.745] [warn]  The resource https://discordapp.com/assets/189422196a4f8b53.woff2 was preloaded using link preload but not used within a few seconds from the window's load event. Please make sure it has an appropriate `as` value and it is preloaded intentionally.
[2025-05-23 22:57:47.746] [warn]  The resource https://discordapp.com/assets/dd24010f3cf7def7.woff2 was preloaded using link preload but not used within a few seconds from the window's load event. Please make sure it has an appropriate `as` value and it is preloaded intentionally.
[2025-05-23 22:57:47.747] [warn]  The resource https://discordapp.com/assets/7a6a566c2e88a35d.woff2 was preloaded using link preload but not used within a few seconds from the window's load event. Please make sure it has an appropriate `as` value and it is preloaded intentionally.
[2025-05-23 22:57:47.747] [warn]  The resource https://discordapp.com/assets/e52f0cba712e2fb4.woff2 was preloaded using link preload but not used within a few seconds from the window's load event. Please make sure it has an appropriate `as` value and it is preloaded intentionally.
[2025-05-23 22:57:47.747] [warn]  The resource https://discordapp.com/assets/ce3b8055f5114434.woff2 was preloaded using link preload but not used within a few seconds from the window's load event. Please make sure it has an appropriate `as` value and it is preloaded intentionally.
[2025-05-23 22:57:47.747] [warn]  The resource https://discordapp.com/assets/cb2006dbced0e246.woff2 was preloaded using link preload but not used within a few seconds from the window's load event. Please make sure it has an appropriate `as` value and it is preloaded intentionally.
[2025-05-23 22:57:49.837] [error] [KeyboardLayoutMapUtils] KeyboardMapper - Key code mismatch for key alt: 64 !== 18
[2025-05-23 22:57:50.062] [error] [KeyboardLayoutMapUtils] KeyboardMapper - Key code mismatch for key q: 24 !== 81
[2025-05-23 22:57:50.448] [error] [KeyboardLayoutMapUtils] KeyboardMapper - Key code mismatch for key shift: 50 !== 16
[2025-05-23 22:58:00.768] [warn]  The resource https://discordapp.com/assets/189422196a4f8b53.woff2 was preloaded using link preload but not used within a few seconds from the window's load event. Please make sure it has an appropriate `as` value and it is preloaded intentionally.
[2025-05-23 22:58:00.768] [warn]  The resource https://discordapp.com/assets/dd24010f3cf7def7.woff2 was preloaded using link preload but not used within a few seconds from the window's load event. Please make sure it has an appropriate `as` value and it is preloaded intentionally.
[2025-05-23 22:58:00.769] [warn]  The resource https://discordapp.com/assets/7a6a566c2e88a35d.woff2 was preloaded using link preload but not used within a few seconds from the window's load event. Please make sure it has an appropriate `as` value and it is preloaded intentionally.
[2025-05-23 22:58:00.769] [warn]  The resource https://discordapp.com/assets/e52f0cba712e2fb4.woff2 was preloaded using link preload but not used within a few seconds from the window's load event. Please make sure it has an appropriate `as` value and it is preloaded intentionally.
[2025-05-23 22:58:00.769] [warn]  The resource https://discordapp.com/assets/ce3b8055f5114434.woff2 was preloaded using link preload but not used within a few seconds from the window's load event. Please make sure it has an appropriate `as` value and it is preloaded intentionally.
[2025-05-23 22:58:00.770] [warn]  The resource https://discordapp.com/assets/cb2006dbced0e246.woff2 was preloaded using link preload but not used within a few seconds from the window's load event. Please make sure it has an appropriate `as` value and it is preloaded intentionally.
[2025-05-23 22:58:05.775] [warn]  The resource https://discordapp.com/assets/189422196a4f8b53.woff2 was preloaded using link preload but not used within a few seconds from the window's load event. Please make sure it has an appropriate `as` value and it is preloaded intentionally.
[2025-05-23 22:58:05.776] [warn]  The resource https://discordapp.com/assets/dd24010f3cf7def7.woff2 was preloaded using link preload but not used within a few seconds from the window's load event. Please make sure it has an appropriate `as` value and it is preloaded intentionally.
[2025-05-23 22:58:05.777] [warn]  The resource https://discordapp.com/assets/7a6a566c2e88a35d.woff2 was preloaded using link preload but not used within a few seconds from the window's load event. Please make sure it has an appropriate `as` value and it is preloaded intentionally.
[2025-05-23 22:58:05.777] [warn]  The resource https://discordapp.com/assets/e52f0cba712e2fb4.woff2 was preloaded using link preload but not used within a few seconds from the window's load event. Please make sure it has an appropriate `as` value and it is preloaded intentionally.
[2025-05-23 22:58:05.777] [warn]  The resource https://discordapp.com/assets/ce3b8055f5114434.woff2 was preloaded using link preload but not used within a few seconds from the window's load event. Please make sure it has an appropriate `as` value and it is preloaded intentionally.
[2025-05-23 22:58:05.777] [warn]  The resource https://discordapp.com/assets/cb2006dbced0e246.woff2 was preloaded using link preload but not used within a few seconds from the window's load event. Please make sure it has an appropriate `as` value and it is preloaded intentionally.
[2025-05-23 22:58:10.784] [warn]  The resource https://discordapp.com/assets/189422196a4f8b53.woff2 was preloaded using link preload but not used within a few seconds from the window's load event. Please make sure it has an appropriate `as` value and it is preloaded intentionally.
[2025-05-23 22:58:10.785] [warn]  The resource https://discordapp.com/assets/dd24010f3cf7def7.woff2 was preloaded using link preload but not used within a few seconds from the window's load event. Please make sure it has an appropriate `as` value and it is preloaded intentionally.
[2025-05-23 22:58:10.785] [warn]  The resource https://discordapp.com/assets/7a6a566c2e88a35d.woff2 was preloaded using link preload but not used within a few seconds from the window's load event. Please make sure it has an appropriate `as` value and it is preloaded intentionally.
[2025-05-23 22:58:10.786] [warn]  The resource https://discordapp.com/assets/e52f0cba712e2fb4.woff2 was preloaded using link preload but not used within a few seconds from the window's load event. Please make sure it has an appropriate `as` value and it is preloaded intentionally.
[2025-05-23 22:58:10.786] [warn]  The resource https://discordapp.com/assets/ce3b8055f5114434.woff2 was preloaded using link preload but not used within a few seconds from the window's load event. Please make sure it has an appropriate `as` value and it is preloaded intentionally.
[2025-05-23 22:58:10.786] [warn]  The resource https://discordapp.com/assets/cb2006dbced0e246.woff2 was preloaded using link preload but not used within a few seconds from the window's load event. Please make sure it has an appropriate `as` value and it is preloaded intentionally.
[2025-05-23 22:58:15.792] [warn]  The resource https://discordapp.com/assets/189422196a4f8b53.woff2 was preloaded using link preload but not used within a few seconds from the window's load event. Please make sure it has an appropriate `as` value and it is preloaded intentionally.
[2025-05-23 22:58:15.792] [warn]  The resource https://discordapp.com/assets/dd24010f3cf7def7.woff2 was preloaded using link preload but not used within a few seconds from the window's load event. Please make sure it has an appropriate `as` value and it is preloaded intentionally.
[2025-05-23 22:58:15.793] [warn]  The resource https://discordapp.com/assets/7a6a566c2e88a35d.woff2 was preloaded using link preload but not used within a few seconds from the window's load event. Please make sure it has an appropriate `as` value and it is preloaded intentionally.
[2025-05-23 22:58:15.793] [warn]  The resource https://discordapp.com/assets/e52f0cba712e2fb4.woff2 was preloaded using link preload but not used within a few seconds from the window's load event. Please make sure it has an appropriate `as` value and it is preloaded intentionally.
[2025-05-23 22:58:15.793] [warn]  The resource https://discordapp.com/assets/ce3b8055f5114434.woff2 was preloaded using link preload but not used within a few seconds from the window's load event. Please make sure it has an appropriate `as` value and it is preloaded intentionally.
[2025-05-23 22:58:15.794] [warn]  The resource https://discordapp.com/assets/cb2006dbced0e246.woff2 was preloaded using link preload but not used within a few seconds from the window's load event. Please make sure it has an appropriate `as` value and it is preloaded intentionally.
[2025-05-23 22:58:20.606] [info]  [WindowVisibilityVideoManager] Incoming video enabled changed, incomingVideoEnabled = false
[2025-05-23 22:58:28.107] [warn]  The resource https://discordapp.com/assets/189422196a4f8b53.woff2 was preloaded using link preload but not used within a few seconds from the window's load event. Please make sure it has an appropriate `as` value and it is preloaded intentionally.
[2025-05-23 22:58:28.107] [warn]  The resource https://discordapp.com/assets/dd24010f3cf7def7.woff2 was preloaded using link preload but not used within a few seconds from the window's load event. Please make sure it has an appropriate `as` value and it is preloaded intentionally.
[2025-05-23 22:58:28.108] [warn]  The resource https://discordapp.com/assets/7a6a566c2e88a35d.woff2 was preloaded using link preload but not used within a few seconds from the window's load event. Please make sure it has an appropriate `as` value and it is preloaded intentionally.
[2025-05-23 22:58:28.108] [warn]  The resource https://discordapp.com/assets/e52f0cba712e2fb4.woff2 was preloaded using link preload but not used within a few seconds from the window's load event. Please make sure it has an appropriate `as` value and it is preloaded intentionally.
[2025-05-23 22:58:28.108] [warn]  The resource https://discordapp.com/assets/ce3b8055f5114434.woff2 was preloaded using link preload but not used within a few seconds from the window's load event. Please make sure it has an appropriate `as` value and it is preloaded intentionally.
[2025-05-23 22:58:28.108] [warn]  The resource https://discordapp.com/assets/cb2006dbced0e246.woff2 was preloaded using link preload but not used within a few seconds from the window's load event. Please make sure it has an appropriate `as` value and it is preloaded intentionally.
